time="2025-12-07T14:00:01Z" level=warning msg="/opt/task_feishu/prod_192.168.101.13/docker/docker-compose.yml: the attribute `version` is obsolete, it will be ignored, please remove it to avoid potential confusion"
[SUCCESS] Successfully obtained tenant_access_token, expires at Sun Dec  7 23:34:57 2025
[INFO] Fetched 86 records, total so far: 86
[SUCCESS] Finished fetching all records. Total: 86
Using cached tenant_access_token
[INFO] Fetched 16 records, total so far: 16
[SUCCESS] Finished fetching all records. Total: 16
time="2025-12-07T15:00:02Z" level=warning msg="/opt/task_feishu/prod_192.168.101.13/docker/docker-compose.yml: the attribute `version` is obsolete, it will be ignored, please remove it to avoid potential confusion"
[SUCCESS] Successfully obtained tenant_access_token, expires at Sun Dec  7 23:34:57 2025
[INFO] Fetched 87 records, total so far: 87
[SUCCESS] Finished fetching all records. Total: 87
Using cached tenant_access_token
[INFO] Fetched 16 records, total so far: 16
[SUCCESS] Finished fetching all records. Total: 16
time="2025-12-07T16:00:01Z" level=warning msg="/opt/task_feishu/prod_192.168.101.13/docker/docker-compose.yml: the attribute `version` is obsolete, it will be ignored, please remove it to avoid potential confusion"
[SUCCESS] Successfully obtained tenant_access_token, expires at Mon Dec  8 01:05:03 2025
[INFO] Fetched 87 records, total so far: 87
[SUCCESS] Finished fetching all records. Total: 87
Using cached tenant_access_token
[INFO] Fetched 16 records, total so far: 16
[SUCCESS] Finished fetching all records. Total: 16
time="2025-12-07T17:00:01Z" level=warning msg="/opt/task_feishu/prod_192.168.101.13/docker/docker-compose.yml: the attribute `version` is obsolete, it will be ignored, please remove it to avoid potential confusion"
[SUCCESS] Successfully obtained tenant_access_token, expires at Mon Dec  8 02:35:09 2025
[INFO] Fetched 87 records, total so far: 87
[SUCCESS] Finished fetching all records. Total: 87
Using cached tenant_access_token
[INFO] Fetched 16 records, total so far: 16
[SUCCESS] Finished fetching all records. Total: 16
time="2025-12-07T18:00:02Z" level=warning msg="/opt/task_feishu/prod_192.168.101.13/docker/docker-compose.yml: the attribute `version` is obsolete, it will be ignored, please remove it to avoid potential confusion"
[SUCCESS] Successfully obtained tenant_access_token, expires at Mon Dec  8 02:35:09 2025
[INFO] Fetched 87 records, total so far: 87
[SUCCESS] Finished fetching all records. Total: 87
Using cached tenant_access_token
[INFO] Fetched 16 records, total so far: 16
[SUCCESS] Finished fetching all records. Total: 16
time="2025-12-07T19:00:01Z" level=warning msg="/opt/task_feishu/prod_192.168.101.13/docker/docker-compose.yml: the attribute `version` is obsolete, it will be ignored, please remove it to avoid potential confusion"
[SUCCESS] Successfully obtained tenant_access_token, expires at Mon Dec  8 04:05:15 2025
[INFO] Fetched 87 records, total so far: 87
[SUCCESS] Finished fetching all records. Total: 87
Using cached tenant_access_token
[INFO] Fetched 16 records, total so far: 16
[SUCCESS] Finished fetching all records. Total: 16
time="2025-12-07T20:00:01Z" level=warning msg="/opt/task_feishu/prod_192.168.101.13/docker/docker-compose.yml: the attribute `version` is obsolete, it will be ignored, please remove it to avoid potential confusion"
[SUCCESS] Successfully obtained tenant_access_token, expires at Mon Dec  8 05:35:20 2025
[INFO] Fetched 87 records, total so far: 87
[SUCCESS] Finished fetching all records. Total: 87
Using cached tenant_access_token
[INFO] Fetched 16 records, total so far: 16
[SUCCESS] Finished fetching all records. Total: 16
time="2025-12-07T21:00:02Z" level=warning msg="/opt/task_feishu/prod_192.168.101.13/docker/docker-compose.yml: the attribute `version` is obsolete, it will be ignored, please remove it to avoid potential confusion"
[SUCCESS] Successfully obtained tenant_access_token, expires at Mon Dec  8 05:35:20 2025
[INFO] Fetched 87 records, total so far: 87
[SUCCESS] Finished fetching all records. Total: 87
Using cached tenant_access_token
[INFO] Fetched 16 records, total so far: 16
[SUCCESS] Finished fetching all records. Total: 16
time="2025-12-07T22:00:01Z" level=warning msg="/opt/task_feishu/prod_192.168.101.13/docker/docker-compose.yml: the attribute `version` is obsolete, it will be ignored, please remove it to avoid potential confusion"
[SUCCESS] Successfully obtained tenant_access_token, expires at Mon Dec  8 07:05:24 2025
[INFO] Fetched 87 records, total so far: 87
[SUCCESS] Finished fetching all records. Total: 87
Using cached tenant_access_token
[INFO] Fetched 16 records, total so far: 16
[SUCCESS] Finished fetching all records. Total: 16
time="2025-12-07T23:00:02Z" level=warning msg="/opt/task_feishu/prod_192.168.101.13/docker/docker-compose.yml: the attribute `version` is obsolete, it will be ignored, please remove it to avoid potential confusion"
[SUCCESS] Successfully obtained tenant_access_token, expires at Mon Dec  8 08:35:30 2025
[INFO] Fetched 87 records, total so far: 87
[SUCCESS] Finished fetching all records. Total: 87
Using cached tenant_access_token
[INFO] Fetched 16 records, total so far: 16
[SUCCESS] Finished fetching all records. Total: 16
time="2025-12-08T00:00:02Z" level=warning msg="/opt/task_feishu/prod_192.168.101.13/docker/docker-compose.yml: the attribute `version` is obsolete, it will be ignored, please remove it to avoid potential confusion"
[SUCCESS] Successfully obtained tenant_access_token, expires at Mon Dec  8 08:35:30 2025
[INFO] Fetched 87 records, total so far: 87
[SUCCESS] Finished fetching all records. Total: 87
Using cached tenant_access_token
[INFO] Fetched 16 records, total so far: 16
[SUCCESS] Finished fetching all records. Total: 16
time="2025-12-08T01:00:02Z" level=warning msg="/opt/task_feishu/prod_192.168.101.13/docker/docker-compose.yml: the attribute `version` is obsolete, it will be ignored, please remove it to avoid potential confusion"
[SUCCESS] Successfully obtained tenant_access_token, expires at Mon Dec  8 10:07:13 2025
[INFO] Fetched 87 records, total so far: 87
[SUCCESS] Finished fetching all records. Total: 87
Using cached tenant_access_token
[INFO] Fetched 16 records, total so far: 16
[SUCCESS] Finished fetching all records. Total: 16
time="2025-12-08T02:00:02Z" level=warning msg="/opt/task_feishu/prod_192.168.101.13/docker/docker-compose.yml: the attribute `version` is obsolete, it will be ignored, please remove it to avoid potential confusion"
[SUCCESS] Successfully obtained tenant_access_token, expires at Mon Dec  8 11:37:25 2025
[INFO] Fetched 87 records, total so far: 87
[SUCCESS] Finished fetching all records. Total: 87
Using cached tenant_access_token
[INFO] Fetched 16 records, total so far: 16
[SUCCESS] Finished fetching all records. Total: 16
time="2025-12-08T03:00:01Z" level=warning msg="/opt/task_feishu/prod_192.168.101.13/docker/docker-compose.yml: the attribute `version` is obsolete, it will be ignored, please remove it to avoid potential confusion"
[SUCCESS] Successfully obtained tenant_access_token, expires at Mon Dec  8 11:37:25 2025
[INFO] Fetched 87 records, total so far: 87
[SUCCESS] Finished fetching all records. Total: 87
Using cached tenant_access_token
[INFO] Fetched 16 records, total so far: 16
[SUCCESS] Finished fetching all records. Total: 16
time="2025-12-08T04:00:01Z" level=warning msg="/opt/task_feishu/prod_192.168.101.13/docker/docker-compose.yml: the attribute `version` is obsolete, it will be ignored, please remove it to avoid potential confusion"
[SUCCESS] Successfully obtained tenant_access_token, expires at Mon Dec  8 13:07:39 2025
[INFO] Fetched 87 records, total so far: 87
[SUCCESS] Finished fetching all records. Total: 87
Using cached tenant_access_token
[INFO] Fetched 16 records, total so far: 16
[SUCCESS] Finished fetching all records. Total: 16
time="2025-12-08T05:00:01Z" level=warning msg="/opt/task_feishu/prod_192.168.101.13/docker/docker-compose.yml: the attribute `version` is obsolete, it will be ignored, please remove it to avoid potential confusion"
[SUCCESS] Successfully obtained tenant_access_token, expires at Mon Dec  8 14:37:52 2025
[INFO] Fetched 87 records, total so far: 87
[SUCCESS] Finished fetching all records. Total: 87
Using cached tenant_access_token
[INFO] Fetched 16 records, total so far: 16
[SUCCESS] Finished fetching all records. Total: 16
time="2025-12-08T06:00:01Z" level=warning msg="/opt/task_feishu/prod_192.168.101.13/docker/docker-compose.yml: the attribute `version` is obsolete, it will be ignored, please remove it to avoid potential confusion"
[SUCCESS] Successfully obtained tenant_access_token, expires at Mon Dec  8 14:37:52 2025
[INFO] Fetched 88 records, total so far: 88
[SUCCESS] Finished fetching all records. Total: 88
Using cached tenant_access_token
[INFO] Fetched 16 records, total so far: 16
[SUCCESS] Finished fetching all records. Total: 16
time="2025-12-08T07:00:01Z" level=warning msg="/opt/task_feishu/prod_192.168.101.13/docker/docker-compose.yml: the attribute `version` is obsolete, it will be ignored, please remove it to avoid potential confusion"
[SUCCESS] Successfully obtained tenant_access_token, expires at Mon Dec  8 16:08:04 2025
[INFO] Fetched 88 records, total so far: 88
[SUCCESS] Finished fetching all records. Total: 88
Using cached tenant_access_token
[INFO] Fetched 16 records, total so far: 16
[SUCCESS] Finished fetching all records. Total: 16
time="2025-12-08T08:00:02Z" level=warning msg="/opt/task_feishu/prod_192.168.101.13/docker/docker-compose.yml: the attribute `version` is obsolete, it will be ignored, please remove it to avoid potential confusion"
[SUCCESS] Successfully obtained tenant_access_token, expires at Mon Dec  8 17:38:17 2025
[INFO] Fetched 88 records, total so far: 88
[SUCCESS] Finished fetching all records. Total: 88
Using cached tenant_access_token
[INFO] Fetched 16 records, total so far: 16
[SUCCESS] Finished fetching all records. Total: 16
time="2025-12-08T09:00:01Z" level=warning msg="/opt/task_feishu/prod_192.168.101.13/docker/docker-compose.yml: the attribute `version` is obsolete, it will be ignored, please remove it to avoid potential confusion"
[SUCCESS] Successfully obtained tenant_access_token, expires at Mon Dec  8 17:38:17 2025
[INFO] Fetched 88 records, total so far: 88
[SUCCESS] Finished fetching all records. Total: 88
Using cached tenant_access_token
[INFO] Fetched 16 records, total so far: 16
[SUCCESS] Finished fetching all records. Total: 16
time="2025-12-08T10:00:01Z" level=warning msg="/opt/task_feishu/prod_192.168.101.13/docker/docker-compose.yml: the attribute `version` is obsolete, it will be ignored, please remove it to avoid potential confusion"
[SUCCESS] Successfully obtained tenant_access_token, expires at Mon Dec  8 19:08:33 2025
[INFO] Fetched 88 records, total so far: 88
[SUCCESS] Finished fetching all records. Total: 88
Using cached tenant_access_token
[INFO] Fetched 16 records, total so far: 16
[SUCCESS] Finished fetching all records. Total: 16
time="2025-12-08T11:00:01Z" level=warning msg="/opt/task_feishu/prod_192.168.101.13/docker/docker-compose.yml: the attribute `version` is obsolete, it will be ignored, please remove it to avoid potential confusion"
[SUCCESS] Successfully obtained tenant_access_token, expires at Mon Dec  8 20:38:50 2025
[INFO] Fetched 88 records, total so far: 88
[SUCCESS] Finished fetching all records. Total: 88
Using cached tenant_access_token
[INFO] Fetched 16 records, total so far: 16
[SUCCESS] Finished fetching all records. Total: 16
time="2025-12-08T12:00:01Z" level=warning msg="/opt/task_feishu/prod_192.168.101.13/docker/docker-compose.yml: the attribute `version` is obsolete, it will be ignored, please remove it to avoid potential confusion"
[SUCCESS] Successfully obtained tenant_access_token, expires at Mon Dec  8 20:38:50 2025
[INFO] Fetched 88 records, total so far: 88
[SUCCESS] Finished fetching all records. Total: 88
Using cached tenant_access_token
[INFO] Fetched 16 records, total so far: 16
[SUCCESS] Finished fetching all records. Total: 16
time="2025-12-08T13:00:02Z" level=warning msg="/opt/task_feishu/prod_192.168.101.13/docker/docker-compose.yml: the attribute `version` is obsolete, it will be ignored, please remove it to avoid potential confusion"
[SUCCESS] Successfully obtained tenant_access_token, expires at Mon Dec  8 22:09:04 2025
[INFO] Fetched 88 records, total so far: 88
[SUCCESS] Finished fetching all records. Total: 88
Using cached tenant_access_token
[INFO] Fetched 16 records, total so far: 16
[SUCCESS] Finished fetching all records. Total: 16
time="2025-12-08T14:00:02Z" level=warning msg="/opt/task_feishu/prod_192.168.101.13/docker/docker-compose.yml: the attribute `version` is obsolete, it will be ignored, please remove it to avoid potential confusion"
[SUCCESS] Successfully obtained tenant_access_token, expires at Mon Dec  8 23:39:16 2025
[INFO] Fetched 88 records, total so far: 88
[SUCCESS] Finished fetching all records. Total: 88
Using cached tenant_access_token
[INFO] Fetched 16 records, total so far: 16
[SUCCESS] Finished fetching all records. Total: 16
time="2025-12-08T15:00:01Z" level=warning msg="/opt/task_feishu/prod_192.168.101.13/docker/docker-compose.yml: the attribute `version` is obsolete, it will be ignored, please remove it to avoid potential confusion"
[SUCCESS] Successfully obtained tenant_access_token, expires at Mon Dec  8 23:39:16 2025
[INFO] Fetched 89 records, total so far: 89
[SUCCESS] Finished fetching all records. Total: 89
Using cached tenant_access_token
[INFO] Fetched 16 records, total so far: 16
[SUCCESS] Finished fetching all records. Total: 16
time="2025-12-08T16:00:02Z" level=warning msg="/opt/task_feishu/prod_192.168.101.13/docker/docker-compose.yml: the attribute `version` is obsolete, it will be ignored, please remove it to avoid potential confusion"
[SUCCESS] Successfully obtained tenant_access_token, expires at Tue Dec  9 01:09:27 2025
[INFO] Fetched 89 records, total so far: 89
[SUCCESS] Finished fetching all records. Total: 89
Using cached tenant_access_token
[INFO] Fetched 16 records, total so far: 16
[SUCCESS] Finished fetching all records. Total: 16
time="2025-12-08T17:00:02Z" level=warning msg="/opt/task_feishu/prod_192.168.101.13/docker/docker-compose.yml: the attribute `version` is obsolete, it will be ignored, please remove it to avoid potential confusion"
[SUCCESS] Successfully obtained tenant_access_token, expires at Tue Dec  9 02:39:37 2025
[INFO] Fetched 89 records, total so far: 89
[SUCCESS] Finished fetching all records. Total: 89
Using cached tenant_access_token
[INFO] Fetched 16 records, total so far: 16
[SUCCESS] Finished fetching all records. Total: 16
time="2025-12-08T18:00:01Z" level=warning msg="/opt/task_feishu/prod_192.168.101.13/docker/docker-compose.yml: the attribute `version` is obsolete, it will be ignored, please remove it to avoid potential confusion"
[SUCCESS] Successfully obtained tenant_access_token, expires at Tue Dec  9 02:39:37 2025
[INFO] Fetched 89 records, total so far: 89
[SUCCESS] Finished fetching all records. Total: 89
Using cached tenant_access_token
[INFO] Fetched 16 records, total so far: 16
[SUCCESS] Finished fetching all records. Total: 16
time="2025-12-08T19:00:01Z" level=warning msg="/opt/task_feishu/prod_192.168.101.13/docker/docker-compose.yml: the attribute `version` is obsolete, it will be ignored, please remove it to avoid potential confusion"
[SUCCESS] Successfully obtained tenant_access_token, expires at Tue Dec  9 04:09:47 2025
[INFO] Fetched 89 records, total so far: 89
[SUCCESS] Finished fetching all records. Total: 89
Using cached tenant_access_token
[INFO] Fetched 16 records, total so far: 16
[SUCCESS] Finished fetching all records. Total: 16
time="2025-12-08T20:00:01Z" level=warning msg="/opt/task_feishu/prod_192.168.101.13/docker/docker-compose.yml: the attribute `version` is obsolete, it will be ignored, please remove it to avoid potential confusion"
[SYNC] No data fetched from '公司派单'
[SYNC] No data fetched from '厂家派工'
[SYNC] No raw data fetched from any source. Skipping task sync.
[ERROR] Exception while getting tenant_access_token: HTTPSConnectionPool(host='open.feishu.cn', port=443): Max retries exceeded with url: /open-apis/auth/v3/tenant_access_token/internal/ (Caused by NameResolutionError("HTTPSConnection(host='open.feishu.cn', port=443): Failed to resolve 'open.feishu.cn' ([Errno -2] Name or service not known)"))
[ERROR] Failed to get access token, cannot fetch records
[ERROR] Exception while getting tenant_access_token: HTTPSConnectionPool(host='open.feishu.cn', port=443): Max retries exceeded with url: /open-apis/auth/v3/tenant_access_token/internal/ (Caused by NameResolutionError("HTTPSConnection(host='open.feishu.cn', port=443): Failed to resolve 'open.feishu.cn' ([Errno -2] Name or service not known)"))
[ERROR] Failed to get access token, cannot fetch records
time="2025-12-08T21:00:01Z" level=warning msg="/opt/task_feishu/prod_192.168.101.13/docker/docker-compose.yml: the attribute `version` is obsolete, it will be ignored, please remove it to avoid potential confusion"
[SUCCESS] Successfully obtained tenant_access_token, expires at Tue Dec  9 05:39:57 2025
[INFO] Fetched 89 records, total so far: 89
[SUCCESS] Finished fetching all records. Total: 89
Using cached tenant_access_token
[INFO] Fetched 16 records, total so far: 16
[SUCCESS] Finished fetching all records. Total: 16
time="2025-12-08T22:00:02Z" level=warning msg="/opt/task_feishu/prod_192.168.101.13/docker/docker-compose.yml: the attribute `version` is obsolete, it will be ignored, please remove it to avoid potential confusion"
[SUCCESS] Successfully obtained tenant_access_token, expires at Tue Dec  9 07:10:07 2025
[INFO] Fetched 89 records, total so far: 89
[SUCCESS] Finished fetching all records. Total: 89
Using cached tenant_access_token
[INFO] Fetched 16 records, total so far: 16
[SUCCESS] Finished fetching all records. Total: 16
time="2025-12-08T23:00:01Z" level=warning msg="/opt/task_feishu/prod_192.168.101.13/docker/docker-compose.yml: the attribute `version` is obsolete, it will be ignored, please remove it to avoid potential confusion"
[SUCCESS] Successfully obtained tenant_access_token, expires at Tue Dec  9 08:40:33 2025
[INFO] Fetched 89 records, total so far: 89
[SUCCESS] Finished fetching all records. Total: 89
Using cached tenant_access_token
[INFO] Fetched 16 records, total so far: 16
[SUCCESS] Finished fetching all records. Total: 16
time="2025-12-09T00:00:01Z" level=warning msg="/opt/task_feishu/prod_192.168.101.13/docker/docker-compose.yml: the attribute `version` is obsolete, it will be ignored, please remove it to avoid potential confusion"
[SUCCESS] Successfully obtained tenant_access_token, expires at Tue Dec  9 08:40:33 2025
[INFO] Fetched 89 records, total so far: 89
[SUCCESS] Finished fetching all records. Total: 89
Using cached tenant_access_token
[INFO] Fetched 16 records, total so far: 16
[SUCCESS] Finished fetching all records. Total: 16
time="2025-12-09T01:00:01Z" level=warning msg="/opt/task_feishu/prod_192.168.101.13/docker/docker-compose.yml: the attribute `version` is obsolete, it will be ignored, please remove it to avoid potential confusion"
[SUCCESS] Successfully obtained tenant_access_token, expires at Tue Dec  9 10:10:43 2025
[INFO] Fetched 89 records, total so far: 89
[SUCCESS] Finished fetching all records. Total: 89
Using cached tenant_access_token
[INFO] Fetched 16 records, total so far: 16
[SUCCESS] Finished fetching all records. Total: 16
time="2025-12-09T02:00:01Z" level=warning msg="/opt/task_feishu/prod_192.168.101.13/docker/docker-compose.yml: the attribute `version` is obsolete, it will be ignored, please remove it to avoid potential confusion"
[SUCCESS] Successfully obtained tenant_access_token, expires at Tue Dec  9 11:40:52 2025
[INFO] Fetched 89 records, total so far: 89
[SUCCESS] Finished fetching all records. Total: 89
Using cached tenant_access_token
[INFO] Fetched 16 records, total so far: 16
[SUCCESS] Finished fetching all records. Total: 16
time="2025-12-09T03:00:01Z" level=warning msg="/opt/task_feishu/prod_192.168.101.13/docker/docker-compose.yml: the attribute `version` is obsolete, it will be ignored, please remove it to avoid potential confusion"
[SUCCESS] Successfully obtained tenant_access_token, expires at Tue Dec  9 11:40:52 2025
[INFO] Fetched 89 records, total so far: 89
[SUCCESS] Finished fetching all records. Total: 89
Using cached tenant_access_token
[INFO] Fetched 16 records, total so far: 16
[SUCCESS] Finished fetching all records. Total: 16
time="2025-12-09T04:00:01Z" level=warning msg="/opt/task_feishu/prod_192.168.101.13/docker/docker-compose.yml: the attribute `version` is obsolete, it will be ignored, please remove it to avoid potential confusion"
[SUCCESS] Successfully obtained tenant_access_token, expires at Tue Dec  9 13:11:33 2025
[INFO] Fetched 89 records, total so far: 89
[SUCCESS] Finished fetching all records. Total: 89
Using cached tenant_access_token
[INFO] Fetched 16 records, total so far: 16
[SUCCESS] Finished fetching all records. Total: 16
time="2025-12-09T05:00:01Z" level=warning msg="/opt/task_feishu/prod_192.168.101.13/docker/docker-compose.yml: the attribute `version` is obsolete, it will be ignored, please remove it to avoid potential confusion"
[SUCCESS] Successfully obtained tenant_access_token, expires at Tue Dec  9 14:41:46 2025
[INFO] Fetched 89 records, total so far: 89
[SUCCESS] Finished fetching all records. Total: 89
Using cached tenant_access_token
[INFO] Fetched 16 records, total so far: 16
[SUCCESS] Finished fetching all records. Total: 16
time="2025-12-09T06:00:01Z" level=warning msg="/opt/task_feishu/prod_192.168.101.13/docker/docker-compose.yml: the attribute `version` is obsolete, it will be ignored, please remove it to avoid potential confusion"
[SUCCESS] Successfully obtained tenant_access_token, expires at Tue Dec  9 14:41:47 2025
[INFO] Fetched 89 records, total so far: 89
[SUCCESS] Finished fetching all records. Total: 89
Using cached tenant_access_token
[INFO] Fetched 16 records, total so far: 16
[SUCCESS] Finished fetching all records. Total: 16
time="2025-12-09T07:00:01Z" level=warning msg="/opt/task_feishu/prod_192.168.101.13/docker/docker-compose.yml: the attribute `version` is obsolete, it will be ignored, please remove it to avoid potential confusion"
[SUCCESS] Successfully obtained tenant_access_token, expires at Tue Dec  9 16:11:57 2025
[INFO] Fetched 89 records, total so far: 89
[SUCCESS] Finished fetching all records. Total: 89
Using cached tenant_access_token
[INFO] Fetched 16 records, total so far: 16
[SUCCESS] Finished fetching all records. Total: 16
time="2025-12-09T08:00:01Z" level=warning msg="/opt/task_feishu/prod_192.168.101.13/docker/docker-compose.yml: the attribute `version` is obsolete, it will be ignored, please remove it to avoid potential confusion"
[SUCCESS] Successfully obtained tenant_access_token, expires at Tue Dec  9 17:42:11 2025
[INFO] Fetched 89 records, total so far: 89
[SUCCESS] Finished fetching all records. Total: 89
Using cached tenant_access_token
[INFO] Fetched 16 records, total so far: 16
[SUCCESS] Finished fetching all records. Total: 16
time="2025-12-09T09:00:01Z" level=warning msg="/opt/task_feishu/prod_192.168.101.13/docker/docker-compose.yml: the attribute `version` is obsolete, it will be ignored, please remove it to avoid potential confusion"
[SUCCESS] Successfully obtained tenant_access_token, expires at Tue Dec  9 17:42:11 2025
[INFO] Fetched 89 records, total so far: 89
[SUCCESS] Finished fetching all records. Total: 89
Using cached tenant_access_token
[INFO] Fetched 16 records, total so far: 16
[SUCCESS] Finished fetching all records. Total: 16
time="2025-12-09T10:00:01Z" level=warning msg="/opt/task_feishu/prod_192.168.101.13/docker/docker-compose.yml: the attribute `version` is obsolete, it will be ignored, please remove it to avoid potential confusion"
[SUCCESS] Successfully obtained tenant_access_token, expires at Tue Dec  9 19:12:26 2025
[INFO] Fetched 89 records, total so far: 89
[SUCCESS] Finished fetching all records. Total: 89
Using cached tenant_access_token
[INFO] Fetched 16 records, total so far: 16
[SUCCESS] Finished fetching all records. Total: 16
time="2025-12-09T11:00:01Z" level=warning msg="/opt/task_feishu/prod_192.168.101.13/docker/docker-compose.yml: the attribute `version` is obsolete, it will be ignored, please remove it to avoid potential confusion"
[SUCCESS] Successfully obtained tenant_access_token, expires at Tue Dec  9 20:42:40 2025
[INFO] Fetched 89 records, total so far: 89
[SUCCESS] Finished fetching all records. Total: 89
Using cached tenant_access_token
[INFO] Fetched 16 records, total so far: 16
[SUCCESS] Finished fetching all records. Total: 16
time="2025-12-09T12:00:01Z" level=warning msg="/opt/task_feishu/prod_192.168.101.13/docker/docker-compose.yml: the attribute `version` is obsolete, it will be ignored, please remove it to avoid potential confusion"
[SUCCESS] Successfully obtained tenant_access_token, expires at Tue Dec  9 20:42:40 2025
[INFO] Fetched 89 records, total so far: 89
[SUCCESS] Finished fetching all records. Total: 89
Using cached tenant_access_token
[INFO] Fetched 17 records, total so far: 17
[SUCCESS] Finished fetching all records. Total: 17
time="2025-12-09T13:00:01Z" level=warning msg="/opt/task_feishu/prod_192.168.101.13/docker/docker-compose.yml: the attribute `version` is obsolete, it will be ignored, please remove it to avoid potential confusion"
[SUCCESS] Successfully obtained tenant_access_token, expires at Tue Dec  9 22:12:55 2025
[INFO] Fetched 89 records, total so far: 89
[SUCCESS] Finished fetching all records. Total: 89
Using cached tenant_access_token
[INFO] Fetched 17 records, total so far: 17
[SUCCESS] Finished fetching all records. Total: 17
time="2025-12-09T14:00:02Z" level=warning msg="/opt/task_feishu/prod_192.168.101.13/docker/docker-compose.yml: the attribute `version` is obsolete, it will be ignored, please remove it to avoid potential confusion"
[SUCCESS] Successfully obtained tenant_access_token, expires at Tue Dec  9 23:43:10 2025
[INFO] Fetched 89 records, total so far: 89
[SUCCESS] Finished fetching all records. Total: 89
Using cached tenant_access_token
[INFO] Fetched 17 records, total so far: 17
[SUCCESS] Finished fetching all records. Total: 17
time="2025-12-09T15:00:01Z" level=warning msg="/opt/task_feishu/prod_192.168.101.13/docker/docker-compose.yml: the attribute `version` is obsolete, it will be ignored, please remove it to avoid potential confusion"
[SUCCESS] Successfully obtained tenant_access_token, expires at Tue Dec  9 23:43:10 2025
[INFO] Fetched 90 records, total so far: 90
[SUCCESS] Finished fetching all records. Total: 90
Using cached tenant_access_token
[INFO] Fetched 17 records, total so far: 17
[SUCCESS] Finished fetching all records. Total: 17
time="2025-12-09T16:00:02Z" level=warning msg="/opt/task_feishu/prod_192.168.101.13/docker/docker-compose.yml: the attribute `version` is obsolete, it will be ignored, please remove it to avoid potential confusion"
[SUCCESS] Successfully obtained tenant_access_token, expires at Wed Dec 10 01:13:26 2025
[INFO] Fetched 91 records, total so far: 91
[SUCCESS] Finished fetching all records. Total: 91
Using cached tenant_access_token
[INFO] Fetched 17 records, total so far: 17
[SUCCESS] Finished fetching all records. Total: 17
time="2025-12-09T17:00:01Z" level=warning msg="/opt/task_feishu/prod_192.168.101.13/docker/docker-compose.yml: the attribute `version` is obsolete, it will be ignored, please remove it to avoid potential confusion"
[SUCCESS] Successfully obtained tenant_access_token, expires at Wed Dec 10 02:43:40 2025
[INFO] Fetched 91 records, total so far: 91
[SUCCESS] Finished fetching all records. Total: 91
Using cached tenant_access_token
[INFO] Fetched 17 records, total so far: 17
[SUCCESS] Finished fetching all records. Total: 17
time="2025-12-09T18:00:02Z" level=warning msg="/opt/task_feishu/prod_192.168.101.13/docker/docker-compose.yml: the attribute `version` is obsolete, it will be ignored, please remove it to avoid potential confusion"
[SUCCESS] Successfully obtained tenant_access_token, expires at Wed Dec 10 02:43:40 2025
[INFO] Fetched 91 records, total so far: 91
[SUCCESS] Finished fetching all records. Total: 91
Using cached tenant_access_token
[INFO] Fetched 17 records, total so far: 17
[SUCCESS] Finished fetching all records. Total: 17
time="2025-12-09T19:00:01Z" level=warning msg="/opt/task_feishu/prod_192.168.101.13/docker/docker-compose.yml: the attribute `version` is obsolete, it will be ignored, please remove it to avoid potential confusion"
[SUCCESS] Successfully obtained tenant_access_token, expires at Wed Dec 10 04:13:53 2025
[INFO] Fetched 91 records, total so far: 91
[SUCCESS] Finished fetching all records. Total: 91
Using cached tenant_access_token
[INFO] Fetched 17 records, total so far: 17
[SUCCESS] Finished fetching all records. Total: 17
time="2025-12-09T20:00:01Z" level=warning msg="/opt/task_feishu/prod_192.168.101.13/docker/docker-compose.yml: the attribute `version` is obsolete, it will be ignored, please remove it to avoid potential confusion"
[SUCCESS] Successfully obtained tenant_access_token, expires at Wed Dec 10 05:44:02 2025
[INFO] Fetched 91 records, total so far: 91
[SUCCESS] Finished fetching all records. Total: 91
Using cached tenant_access_token
[INFO] Fetched 17 records, total so far: 17
[SUCCESS] Finished fetching all records. Total: 17
time="2025-12-09T21:00:02Z" level=warning msg="/opt/task_feishu/prod_192.168.101.13/docker/docker-compose.yml: the attribute `version` is obsolete, it will be ignored, please remove it to avoid potential confusion"
[SUCCESS] Successfully obtained tenant_access_token, expires at Wed Dec 10 05:44:02 2025
[INFO] Fetched 91 records, total so far: 91
[SUCCESS] Finished fetching all records. Total: 91
Using cached tenant_access_token
[INFO] Fetched 17 records, total so far: 17
[SUCCESS] Finished fetching all records. Total: 17
time="2025-12-09T22:00:01Z" level=warning msg="/opt/task_feishu/prod_192.168.101.13/docker/docker-compose.yml: the attribute `version` is obsolete, it will be ignored, please remove it to avoid potential confusion"
[SUCCESS] Successfully obtained tenant_access_token, expires at Wed Dec 10 07:14:12 2025
[INFO] Fetched 91 records, total so far: 91
[SUCCESS] Finished fetching all records. Total: 91
Using cached tenant_access_token
[INFO] Fetched 17 records, total so far: 17
[SUCCESS] Finished fetching all records. Total: 17
time="2025-12-09T23:00:01Z" level=warning msg="/opt/task_feishu/prod_192.168.101.13/docker/docker-compose.yml: the attribute `version` is obsolete, it will be ignored, please remove it to avoid potential confusion"
[SUCCESS] Successfully obtained tenant_access_token, expires at Wed Dec 10 08:44:22 2025
[INFO] Fetched 91 records, total so far: 91
[SUCCESS] Finished fetching all records. Total: 91
Using cached tenant_access_token
[INFO] Fetched 17 records, total so far: 17
[SUCCESS] Finished fetching all records. Total: 17
time="2025-12-10T00:00:01Z" level=warning msg="/opt/task_feishu/prod_192.168.101.13/docker/docker-compose.yml: the attribute `version` is obsolete, it will be ignored, please remove it to avoid potential confusion"
[SUCCESS] Successfully obtained tenant_access_token, expires at Wed Dec 10 08:44:22 2025
[INFO] Fetched 91 records, total so far: 91
[SUCCESS] Finished fetching all records. Total: 91
Using cached tenant_access_token
[INFO] Fetched 17 records, total so far: 17
[SUCCESS] Finished fetching all records. Total: 17
time="2025-12-10T01:00:01Z" level=warning msg="/opt/task_feishu/prod_192.168.101.13/docker/docker-compose.yml: the attribute `version` is obsolete, it will be ignored, please remove it to avoid potential confusion"
[SUCCESS] Successfully obtained tenant_access_token, expires at Wed Dec 10 10:14:32 2025
[INFO] Fetched 92 records, total so far: 92
[SUCCESS] Finished fetching all records. Total: 92
Using cached tenant_access_token
[INFO] Fetched 17 records, total so far: 17
[SUCCESS] Finished fetching all records. Total: 17
time="2025-12-10T02:00:01Z" level=warning msg="/opt/task_feishu/prod_192.168.101.13/docker/docker-compose.yml: the attribute `version` is obsolete, it will be ignored, please remove it to avoid potential confusion"
[SUCCESS] Successfully obtained tenant_access_token, expires at Wed Dec 10 11:44:43 2025
[INFO] Fetched 92 records, total so far: 92
[SUCCESS] Finished fetching all records. Total: 92
Using cached tenant_access_token
[INFO] Fetched 17 records, total so far: 17
[SUCCESS] Finished fetching all records. Total: 17
time="2025-12-10T03:00:01Z" level=warning msg="/opt/task_feishu/prod_192.168.101.13/docker/docker-compose.yml: the attribute `version` is obsolete, it will be ignored, please remove it to avoid potential confusion"
[SUCCESS] Successfully obtained tenant_access_token, expires at Wed Dec 10 11:44:43 2025
[INFO] Fetched 92 records, total so far: 92
[SUCCESS] Finished fetching all records. Total: 92
Using cached tenant_access_token
[INFO] Fetched 17 records, total so far: 17
[SUCCESS] Finished fetching all records. Total: 17
time="2025-12-10T04:00:01Z" level=warning msg="/opt/task_feishu/prod_192.168.101.13/docker/docker-compose.yml: the attribute `version` is obsolete, it will be ignored, please remove it to avoid potential confusion"
[SUCCESS] Successfully obtained tenant_access_token, expires at Wed Dec 10 13:14:55 2025
[INFO] Fetched 92 records, total so far: 92
[SUCCESS] Finished fetching all records. Total: 92
Using cached tenant_access_token
[INFO] Fetched 17 records, total so far: 17
[SUCCESS] Finished fetching all records. Total: 17
time="2025-12-10T05:00:01Z" level=warning msg="/opt/task_feishu/prod_192.168.101.13/docker/docker-compose.yml: the attribute `version` is obsolete, it will be ignored, please remove it to avoid potential confusion"
[SUCCESS] Successfully obtained tenant_access_token, expires at Wed Dec 10 14:45:09 2025
[INFO] Fetched 92 records, total so far: 92
[SUCCESS] Finished fetching all records. Total: 92
Using cached tenant_access_token
[INFO] Fetched 17 records, total so far: 17
[SUCCESS] Finished fetching all records. Total: 17
time="2025-12-10T06:00:01Z" level=warning msg="/opt/task_feishu/prod_192.168.101.13/docker/docker-compose.yml: the attribute `version` is obsolete, it will be ignored, please remove it to avoid potential confusion"
[SUCCESS] Successfully obtained tenant_access_token, expires at Wed Dec 10 14:45:09 2025
[INFO] Fetched 92 records, total so far: 92
[SUCCESS] Finished fetching all records. Total: 92
Using cached tenant_access_token
[INFO] Fetched 17 records, total so far: 17
[SUCCESS] Finished fetching all records. Total: 17
time="2025-12-10T07:00:01Z" level=warning msg="/opt/task_feishu/prod_192.168.101.13/docker/docker-compose.yml: the attribute `version` is obsolete, it will be ignored, please remove it to avoid potential confusion"
[SUCCESS] Successfully obtained tenant_access_token, expires at Wed Dec 10 16:15:20 2025
[INFO] Fetched 92 records, total so far: 92
[SUCCESS] Finished fetching all records. Total: 92
Using cached tenant_access_token
[INFO] Fetched 17 records, total so far: 17
[SUCCESS] Finished fetching all records. Total: 17
time="2025-12-10T08:00:01Z" level=warning msg="/opt/task_feishu/prod_192.168.101.13/docker/docker-compose.yml: the attribute `version` is obsolete, it will be ignored, please remove it to avoid potential confusion"
[SUCCESS] Successfully obtained tenant_access_token, expires at Wed Dec 10 17:45:33 2025
[INFO] Fetched 92 records, total so far: 92
[SUCCESS] Finished fetching all records. Total: 92
Using cached tenant_access_token
[INFO] Fetched 17 records, total so far: 17
[SUCCESS] Finished fetching all records. Total: 17
time="2025-12-10T09:00:01Z" level=warning msg="/opt/task_feishu/prod_192.168.101.13/docker/docker-compose.yml: the attribute `version` is obsolete, it will be ignored, please remove it to avoid potential confusion"
[SUCCESS] Successfully obtained tenant_access_token, expires at Wed Dec 10 17:45:33 2025
[INFO] Fetched 92 records, total so far: 92
[SUCCESS] Finished fetching all records. Total: 92
Using cached tenant_access_token
[INFO] Fetched 17 records, total so far: 17
[SUCCESS] Finished fetching all records. Total: 17
time="2025-12-10T10:00:01Z" level=warning msg="/opt/task_feishu/prod_192.168.101.13/docker/docker-compose.yml: the attribute `version` is obsolete, it will be ignored, please remove it to avoid potential confusion"
[SUCCESS] Successfully obtained tenant_access_token, expires at Wed Dec 10 19:15:46 2025
[INFO] Fetched 92 records, total so far: 92
[SUCCESS] Finished fetching all records. Total: 92
Using cached tenant_access_token
[INFO] Fetched 17 records, total so far: 17
[SUCCESS] Finished fetching all records. Total: 17
time="2025-12-10T11:00:01Z" level=warning msg="/opt/task_feishu/prod_192.168.101.13/docker/docker-compose.yml: the attribute `version` is obsolete, it will be ignored, please remove it to avoid potential confusion"
[SUCCESS] Successfully obtained tenant_access_token, expires at Wed Dec 10 20:45:58 2025
[INFO] Fetched 92 records, total so far: 92
[SUCCESS] Finished fetching all records. Total: 92
Using cached tenant_access_token
[INFO] Fetched 17 records, total so far: 17
[SUCCESS] Finished fetching all records. Total: 17
time="2025-12-10T12:00:01Z" level=warning msg="/opt/task_feishu/prod_192.168.101.13/docker/docker-compose.yml: the attribute `version` is obsolete, it will be ignored, please remove it to avoid potential confusion"
[SUCCESS] Successfully obtained tenant_access_token, expires at Wed Dec 10 20:45:58 2025
[INFO] Fetched 92 records, total so far: 92
[SUCCESS] Finished fetching all records. Total: 92
Using cached tenant_access_token
[INFO] Fetched 17 records, total so far: 17
[SUCCESS] Finished fetching all records. Total: 17
time="2025-12-10T13:00:01Z" level=warning msg="/opt/task_feishu/prod_192.168.101.13/docker/docker-compose.yml: the attribute `version` is obsolete, it will be ignored, please remove it to avoid potential confusion"
[SUCCESS] Successfully obtained tenant_access_token, expires at Wed Dec 10 22:16:09 2025
[INFO] Fetched 92 records, total so far: 92
[SUCCESS] Finished fetching all records. Total: 92
Using cached tenant_access_token
[INFO] Fetched 17 records, total so far: 17
[SUCCESS] Finished fetching all records. Total: 17
time="2025-12-10T14:00:01Z" level=warning msg="/opt/task_feishu/prod_192.168.101.13/docker/docker-compose.yml: the attribute `version` is obsolete, it will be ignored, please remove it to avoid potential confusion"
[SUCCESS] Successfully obtained tenant_access_token, expires at Wed Dec 10 23:46:21 2025
[INFO] Fetched 92 records, total so far: 92
[SUCCESS] Finished fetching all records. Total: 92
Using cached tenant_access_token
[INFO] Fetched 17 records, total so far: 17
[SUCCESS] Finished fetching all records. Total: 17
time="2025-12-10T15:00:01Z" level=warning msg="/opt/task_feishu/prod_192.168.101.13/docker/docker-compose.yml: the attribute `version` is obsolete, it will be ignored, please remove it to avoid potential confusion"
[SUCCESS] Successfully obtained tenant_access_token, expires at Wed Dec 10 23:46:21 2025
[INFO] Fetched 92 records, total so far: 92
[SUCCESS] Finished fetching all records. Total: 92
Using cached tenant_access_token
[INFO] Fetched 17 records, total so far: 17
[SUCCESS] Finished fetching all records. Total: 17
time="2025-12-10T16:00:01Z" level=warning msg="/opt/task_feishu/prod_192.168.101.13/docker/docker-compose.yml: the attribute `version` is obsolete, it will be ignored, please remove it to avoid potential confusion"
[SUCCESS] Successfully obtained tenant_access_token, expires at Thu Dec 11 01:16:32 2025
[INFO] Fetched 92 records, total so far: 92
[SUCCESS] Finished fetching all records. Total: 92
Using cached tenant_access_token
[INFO] Fetched 17 records, total so far: 17
[SUCCESS] Finished fetching all records. Total: 17
time="2025-12-10T17:00:01Z" level=warning msg="/opt/task_feishu/prod_192.168.101.13/docker/docker-compose.yml: the attribute `version` is obsolete, it will be ignored, please remove it to avoid potential confusion"
[SUCCESS] Successfully obtained tenant_access_token, expires at Thu Dec 11 02:46:42 2025
[INFO] Fetched 92 records, total so far: 92
[SUCCESS] Finished fetching all records. Total: 92
Using cached tenant_access_token
[INFO] Fetched 17 records, total so far: 17
[SUCCESS] Finished fetching all records. Total: 17
time="2025-12-10T18:00:01Z" level=warning msg="/opt/task_feishu/prod_192.168.101.13/docker/docker-compose.yml: the attribute `version` is obsolete, it will be ignored, please remove it to avoid potential confusion"
[SUCCESS] Successfully obtained tenant_access_token, expires at Thu Dec 11 02:46:42 2025
[INFO] Fetched 92 records, total so far: 92
[SUCCESS] Finished fetching all records. Total: 92
Using cached tenant_access_token
[INFO] Fetched 17 records, total so far: 17
[SUCCESS] Finished fetching all records. Total: 17
time="2025-12-10T19:00:02Z" level=warning msg="/opt/task_feishu/prod_192.168.101.13/docker/docker-compose.yml: the attribute `version` is obsolete, it will be ignored, please remove it to avoid potential confusion"
[SUCCESS] Successfully obtained tenant_access_token, expires at Thu Dec 11 04:16:53 2025
[INFO] Fetched 92 records, total so far: 92
[SUCCESS] Finished fetching all records. Total: 92
Using cached tenant_access_token
[INFO] Fetched 17 records, total so far: 17
[SUCCESS] Finished fetching all records. Total: 17
time="2025-12-10T20:00:01Z" level=warning msg="/opt/task_feishu/prod_192.168.101.13/docker/docker-compose.yml: the attribute `version` is obsolete, it will be ignored, please remove it to avoid potential confusion"
[SUCCESS] Successfully obtained tenant_access_token, expires at Thu Dec 11 05:47:03 2025
[INFO] Fetched 92 records, total so far: 92
[SUCCESS] Finished fetching all records. Total: 92
Using cached tenant_access_token
[INFO] Fetched 17 records, total so far: 17
[SUCCESS] Finished fetching all records. Total: 17
time="2025-12-10T21:00:01Z" level=warning msg="/opt/task_feishu/prod_192.168.101.13/docker/docker-compose.yml: the attribute `version` is obsolete, it will be ignored, please remove it to avoid potential confusion"
[SUCCESS] Successfully obtained tenant_access_token, expires at Thu Dec 11 05:47:03 2025
[INFO] Fetched 92 records, total so far: 92
[SUCCESS] Finished fetching all records. Total: 92
Using cached tenant_access_token
[INFO] Fetched 17 records, total so far: 17
[SUCCESS] Finished fetching all records. Total: 17
time="2025-12-10T22:00:01Z" level=warning msg="/opt/task_feishu/prod_192.168.101.13/docker/docker-compose.yml: the attribute `version` is obsolete, it will be ignored, please remove it to avoid potential confusion"
[SUCCESS] Successfully obtained tenant_access_token, expires at Thu Dec 11 07:17:12 2025
[INFO] Fetched 92 records, total so far: 92
[SUCCESS] Finished fetching all records. Total: 92
Using cached tenant_access_token
[INFO] Fetched 17 records, total so far: 17
[SUCCESS] Finished fetching all records. Total: 17
time="2025-12-10T23:00:01Z" level=warning msg="/opt/task_feishu/prod_192.168.101.13/docker/docker-compose.yml: the attribute `version` is obsolete, it will be ignored, please remove it to avoid potential confusion"
[SUCCESS] Successfully obtained tenant_access_token, expires at Thu Dec 11 08:47:22 2025
[INFO] Fetched 92 records, total so far: 92
[SUCCESS] Finished fetching all records. Total: 92
Using cached tenant_access_token
[INFO] Fetched 17 records, total so far: 17
[SUCCESS] Finished fetching all records. Total: 17
time="2025-12-11T00:00:01Z" level=warning msg="/opt/task_feishu/prod_192.168.101.13/docker/docker-compose.yml: the attribute `version` is obsolete, it will be ignored, please remove it to avoid potential confusion"
[SUCCESS] Successfully obtained tenant_access_token, expires at Thu Dec 11 08:47:22 2025
[INFO] Fetched 92 records, total so far: 92
[SUCCESS] Finished fetching all records. Total: 92
Using cached tenant_access_token
[INFO] Fetched 17 records, total so far: 17
[SUCCESS] Finished fetching all records. Total: 17
time="2025-12-11T01:00:01Z" level=warning msg="/opt/task_feishu/prod_192.168.101.13/docker/docker-compose.yml: the attribute `version` is obsolete, it will be ignored, please remove it to avoid potential confusion"
[SUCCESS] Successfully obtained tenant_access_token, expires at Thu Dec 11 10:17:32 2025
[INFO] Fetched 92 records, total so far: 92
[SUCCESS] Finished fetching all records. Total: 92
Using cached tenant_access_token
[INFO] Fetched 17 records, total so far: 17
[SUCCESS] Finished fetching all records. Total: 17
time="2025-12-11T02:00:01Z" level=warning msg="/opt/task_feishu/prod_192.168.101.13/docker/docker-compose.yml: the attribute `version` is obsolete, it will be ignored, please remove it to avoid potential confusion"
[SUCCESS] Successfully obtained tenant_access_token, expires at Thu Dec 11 11:47:44 2025
[INFO] Fetched 92 records, total so far: 92
[SUCCESS] Finished fetching all records. Total: 92
Using cached tenant_access_token
[INFO] Fetched 17 records, total so far: 17
[SUCCESS] Finished fetching all records. Total: 17
time="2025-12-11T03:00:01Z" level=warning msg="/opt/task_feishu/prod_192.168.101.13/docker/docker-compose.yml: the attribute `version` is obsolete, it will be ignored, please remove it to avoid potential confusion"
[SUCCESS] Successfully obtained tenant_access_token, expires at Thu Dec 11 11:47:44 2025
[INFO] Fetched 92 records, total so far: 92
[SUCCESS] Finished fetching all records. Total: 92
Using cached tenant_access_token
[INFO] Fetched 17 records, total so far: 17
[SUCCESS] Finished fetching all records. Total: 17
time="2025-12-11T04:00:01Z" level=warning msg="/opt/task_feishu/prod_192.168.101.13/docker/docker-compose.yml: the attribute `version` is obsolete, it will be ignored, please remove it to avoid potential confusion"
[SUCCESS] Successfully obtained tenant_access_token, expires at Thu Dec 11 13:17:56 2025
[INFO] Fetched 92 records, total so far: 92
[SUCCESS] Finished fetching all records. Total: 92
Using cached tenant_access_token
[INFO] Fetched 17 records, total so far: 17
[SUCCESS] Finished fetching all records. Total: 17
time="2025-12-11T05:00:01Z" level=warning msg="/opt/task_feishu/prod_192.168.101.13/docker/docker-compose.yml: the attribute `version` is obsolete, it will be ignored, please remove it to avoid potential confusion"
[SUCCESS] Successfully obtained tenant_access_token, expires at Thu Dec 11 14:48:08 2025
[INFO] Fetched 92 records, total so far: 92
[SUCCESS] Finished fetching all records. Total: 92
Using cached tenant_access_token
[INFO] Fetched 17 records, total so far: 17
[SUCCESS] Finished fetching all records. Total: 17
time="2025-12-11T06:00:02Z" level=warning msg="/opt/task_feishu/prod_192.168.101.13/docker/docker-compose.yml: the attribute `version` is obsolete, it will be ignored, please remove it to avoid potential confusion"
[SUCCESS] Successfully obtained tenant_access_token, expires at Thu Dec 11 14:48:08 2025
[INFO] Fetched 92 records, total so far: 92
[SUCCESS] Finished fetching all records. Total: 92
Using cached tenant_access_token
[INFO] Fetched 17 records, total so far: 17
[SUCCESS] Finished fetching all records. Total: 17
time="2025-12-11T07:00:01Z" level=warning msg="/opt/task_feishu/prod_192.168.101.13/docker/docker-compose.yml: the attribute `version` is obsolete, it will be ignored, please remove it to avoid potential confusion"
[SUCCESS] Successfully obtained tenant_access_token, expires at Thu Dec 11 16:18:19 2025
[INFO] Fetched 92 records, total so far: 92
[SUCCESS] Finished fetching all records. Total: 92
Using cached tenant_access_token
[INFO] Fetched 17 records, total so far: 17
[SUCCESS] Finished fetching all records. Total: 17
time="2025-12-11T08:00:01Z" level=warning msg="/opt/task_feishu/prod_192.168.101.13/docker/docker-compose.yml: the attribute `version` is obsolete, it will be ignored, please remove it to avoid potential confusion"
[SUCCESS] Successfully obtained tenant_access_token, expires at Thu Dec 11 17:48:32 2025
[INFO] Fetched 92 records, total so far: 92
[SUCCESS] Finished fetching all records. Total: 92
Using cached tenant_access_token
[INFO] Fetched 17 records, total so far: 17
[SUCCESS] Finished fetching all records. Total: 17
time="2025-12-11T09:00:01Z" level=warning msg="/opt/task_feishu/prod_192.168.101.13/docker/docker-compose.yml: the attribute `version` is obsolete, it will be ignored, please remove it to avoid potential confusion"
[SUCCESS] Successfully obtained tenant_access_token, expires at Thu Dec 11 17:48:32 2025
[INFO] Fetched 92 records, total so far: 92
[SUCCESS] Finished fetching all records. Total: 92
Using cached tenant_access_token
[INFO] Fetched 18 records, total so far: 18
[SUCCESS] Finished fetching all records. Total: 18
time="2025-12-11T10:00:01Z" level=warning msg="/opt/task_feishu/prod_192.168.101.13/docker/docker-compose.yml: the attribute `version` is obsolete, it will be ignored, please remove it to avoid potential confusion"
[SUCCESS] Successfully obtained tenant_access_token, expires at Thu Dec 11 19:18:44 2025
[INFO] Fetched 92 records, total so far: 92
[SUCCESS] Finished fetching all records. Total: 92
Using cached tenant_access_token
[INFO] Fetched 18 records, total so far: 18
[SUCCESS] Finished fetching all records. Total: 18
time="2025-12-11T11:00:01Z" level=warning msg="/opt/task_feishu/prod_192.168.101.13/docker/docker-compose.yml: the attribute `version` is obsolete, it will be ignored, please remove it to avoid potential confusion"
[SUCCESS] Successfully obtained tenant_access_token, expires at Thu Dec 11 20:48:57 2025
[INFO] Fetched 92 records, total so far: 92
[SUCCESS] Finished fetching all records. Total: 92
Using cached tenant_access_token
[INFO] Fetched 18 records, total so far: 18
[SUCCESS] Finished fetching all records. Total: 18
time="2025-12-11T12:00:01Z" level=warning msg="/opt/task_feishu/prod_192.168.101.13/docker/docker-compose.yml: the attribute `version` is obsolete, it will be ignored, please remove it to avoid potential confusion"
[SUCCESS] Successfully obtained tenant_access_token, expires at Thu Dec 11 20:48:57 2025
[INFO] Fetched 92 records, total so far: 92
[SUCCESS] Finished fetching all records. Total: 92
Using cached tenant_access_token
[INFO] Fetched 18 records, total so far: 18
[SUCCESS] Finished fetching all records. Total: 18
time="2025-12-11T13:00:01Z" level=warning msg="/opt/task_feishu/prod_192.168.101.13/docker/docker-compose.yml: the attribute `version` is obsolete, it will be ignored, please remove it to avoid potential confusion"
[SUCCESS] Successfully obtained tenant_access_token, expires at Thu Dec 11 22:19:09 2025
[INFO] Fetched 92 records, total so far: 92
[SUCCESS] Finished fetching all records. Total: 92
Using cached tenant_access_token
[INFO] Fetched 18 records, total so far: 18
[SUCCESS] Finished fetching all records. Total: 18
time="2025-12-11T14:00:01Z" level=warning msg="/opt/task_feishu/prod_192.168.101.13/docker/docker-compose.yml: the attribute `version` is obsolete, it will be ignored, please remove it to avoid potential confusion"
[SUCCESS] Successfully obtained tenant_access_token, expires at Thu Dec 11 23:49:20 2025
[INFO] Fetched 92 records, total so far: 92
[SUCCESS] Finished fetching all records. Total: 92
Using cached tenant_access_token
[INFO] Fetched 18 records, total so far: 18
[SUCCESS] Finished fetching all records. Total: 18
time="2025-12-11T15:00:01Z" level=warning msg="/opt/task_feishu/prod_192.168.101.13/docker/docker-compose.yml: the attribute `version` is obsolete, it will be ignored, please remove it to avoid potential confusion"
[SUCCESS] Successfully obtained tenant_access_token, expires at Thu Dec 11 23:49:20 2025
[INFO] Fetched 92 records, total so far: 92
[SUCCESS] Finished fetching all records. Total: 92
Using cached tenant_access_token
[INFO] Fetched 18 records, total so far: 18
[SUCCESS] Finished fetching all records. Total: 18
time="2025-12-11T16:00:01Z" level=warning msg="/opt/task_feishu/prod_192.168.101.13/docker/docker-compose.yml: the attribute `version` is obsolete, it will be ignored, please remove it to avoid potential confusion"
[SUCCESS] Successfully obtained tenant_access_token, expires at Fri Dec 12 01:19:32 2025
[INFO] Fetched 92 records, total so far: 92
[SUCCESS] Finished fetching all records. Total: 92
Using cached tenant_access_token
[INFO] Fetched 18 records, total so far: 18
[SUCCESS] Finished fetching all records. Total: 18
time="2025-12-11T17:00:01Z" level=warning msg="/opt/task_feishu/prod_192.168.101.13/docker/docker-compose.yml: the attribute `version` is obsolete, it will be ignored, please remove it to avoid potential confusion"
[SUCCESS] Successfully obtained tenant_access_token, expires at Fri Dec 12 02:49:42 2025
[INFO] Fetched 92 records, total so far: 92
[SUCCESS] Finished fetching all records. Total: 92
Using cached tenant_access_token
[INFO] Fetched 18 records, total so far: 18
[SUCCESS] Finished fetching all records. Total: 18
time="2025-12-11T18:00:01Z" level=warning msg="/opt/task_feishu/prod_192.168.101.13/docker/docker-compose.yml: the attribute `version` is obsolete, it will be ignored, please remove it to avoid potential confusion"
[SUCCESS] Successfully obtained tenant_access_token, expires at Fri Dec 12 02:49:42 2025
[INFO] Fetched 92 records, total so far: 92
[SUCCESS] Finished fetching all records. Total: 92
Using cached tenant_access_token
[INFO] Fetched 18 records, total so far: 18
[SUCCESS] Finished fetching all records. Total: 18
time="2025-12-11T19:00:01Z" level=warning msg="/opt/task_feishu/prod_192.168.101.13/docker/docker-compose.yml: the attribute `version` is obsolete, it will be ignored, please remove it to avoid potential confusion"
[SUCCESS] Successfully obtained tenant_access_token, expires at Fri Dec 12 04:20:02 2025
[INFO] Fetched 92 records, total so far: 92
[SUCCESS] Finished fetching all records. Total: 92
Using cached tenant_access_token
[INFO] Fetched 18 records, total so far: 18
[SUCCESS] Finished fetching all records. Total: 18
time="2025-12-11T20:00:01Z" level=warning msg="/opt/task_feishu/prod_192.168.101.13/docker/docker-compose.yml: the attribute `version` is obsolete, it will be ignored, please remove it to avoid potential confusion"
[SUCCESS] Successfully obtained tenant_access_token, expires at Fri Dec 12 05:50:12 2025
[INFO] Fetched 93 records, total so far: 93
[SUCCESS] Finished fetching all records. Total: 93
Using cached tenant_access_token
[INFO] Fetched 18 records, total so far: 18
[SUCCESS] Finished fetching all records. Total: 18
time="2025-12-11T21:00:01Z" level=warning msg="/opt/task_feishu/prod_192.168.101.13/docker/docker-compose.yml: the attribute `version` is obsolete, it will be ignored, please remove it to avoid potential confusion"
[SUCCESS] Successfully obtained tenant_access_token, expires at Fri Dec 12 05:50:12 2025
[INFO] Fetched 93 records, total so far: 93
[SUCCESS] Finished fetching all records. Total: 93
Using cached tenant_access_token
[INFO] Fetched 18 records, total so far: 18
[SUCCESS] Finished fetching all records. Total: 18
time="2025-12-11T22:00:01Z" level=warning msg="/opt/task_feishu/prod_192.168.101.13/docker/docker-compose.yml: the attribute `version` is obsolete, it will be ignored, please remove it to avoid potential confusion"
[SUCCESS] Successfully obtained tenant_access_token, expires at Fri Dec 12 07:20:22 2025
[INFO] Fetched 93 records, total so far: 93
[SUCCESS] Finished fetching all records. Total: 93
Using cached tenant_access_token
[INFO] Fetched 18 records, total so far: 18
[SUCCESS] Finished fetching all records. Total: 18
time="2025-12-11T23:00:01Z" level=warning msg="/opt/task_feishu/prod_192.168.101.13/docker/docker-compose.yml: the attribute `version` is obsolete, it will be ignored, please remove it to avoid potential confusion"
[SUCCESS] Successfully obtained tenant_access_token, expires at Fri Dec 12 08:50:33 2025
[INFO] Fetched 93 records, total so far: 93
[SUCCESS] Finished fetching all records. Total: 93
Using cached tenant_access_token
[INFO] Fetched 18 records, total so far: 18
[SUCCESS] Finished fetching all records. Total: 18
time="2025-12-12T00:00:01Z" level=warning msg="/opt/task_feishu/prod_192.168.101.13/docker/docker-compose.yml: the attribute `version` is obsolete, it will be ignored, please remove it to avoid potential confusion"
[SUCCESS] Successfully obtained tenant_access_token, expires at Fri Dec 12 08:50:33 2025
[INFO] Fetched 93 records, total so far: 93
[SUCCESS] Finished fetching all records. Total: 93
Using cached tenant_access_token
[INFO] Fetched 18 records, total so far: 18
[SUCCESS] Finished fetching all records. Total: 18
time="2025-12-12T01:00:01Z" level=warning msg="/opt/task_feishu/prod_192.168.101.13/docker/docker-compose.yml: the attribute `version` is obsolete, it will be ignored, please remove it to avoid potential confusion"
[SUCCESS] Successfully obtained tenant_access_token, expires at Fri Dec 12 10:20:43 2025
[INFO] Fetched 93 records, total so far: 93
[SUCCESS] Finished fetching all records. Total: 93
Using cached tenant_access_token
[INFO] Fetched 18 records, total so far: 18
[SUCCESS] Finished fetching all records. Total: 18
time="2025-12-12T02:00:01Z" level=warning msg="/opt/task_feishu/prod_192.168.101.13/docker/docker-compose.yml: the attribute `version` is obsolete, it will be ignored, please remove it to avoid potential confusion"
[SUCCESS] Successfully obtained tenant_access_token, expires at Fri Dec 12 11:50:55 2025
[INFO] Fetched 93 records, total so far: 93
[SUCCESS] Finished fetching all records. Total: 93
Using cached tenant_access_token
[INFO] Fetched 18 records, total so far: 18
[SUCCESS] Finished fetching all records. Total: 18
time="2025-12-12T03:00:01Z" level=warning msg="/opt/task_feishu/prod_192.168.101.13/docker/docker-compose.yml: the attribute `version` is obsolete, it will be ignored, please remove it to avoid potential confusion"
[SUCCESS] Successfully obtained tenant_access_token, expires at Fri Dec 12 11:50:55 2025
[INFO] Fetched 93 records, total so far: 93
[SUCCESS] Finished fetching all records. Total: 93
Using cached tenant_access_token
[INFO] Fetched 18 records, total so far: 18
[SUCCESS] Finished fetching all records. Total: 18
time="2025-12-12T04:00:01Z" level=warning msg="/opt/task_feishu/prod_192.168.101.13/docker/docker-compose.yml: the attribute `version` is obsolete, it will be ignored, please remove it to avoid potential confusion"
[SUCCESS] Successfully obtained tenant_access_token, expires at Fri Dec 12 13:21:09 2025
[INFO] Fetched 93 records, total so far: 93
[SUCCESS] Finished fetching all records. Total: 93
Using cached tenant_access_token
[INFO] Fetched 18 records, total so far: 18
[SUCCESS] Finished fetching all records. Total: 18
time="2025-12-12T05:00:01Z" level=warning msg="/opt/task_feishu/prod_192.168.101.13/docker/docker-compose.yml: the attribute `version` is obsolete, it will be ignored, please remove it to avoid potential confusion"
[SUCCESS] Successfully obtained tenant_access_token, expires at Fri Dec 12 14:51:22 2025
[INFO] Fetched 93 records, total so far: 93
[SUCCESS] Finished fetching all records. Total: 93
Using cached tenant_access_token
[INFO] Fetched 18 records, total so far: 18
[SUCCESS] Finished fetching all records. Total: 18
time="2025-12-12T06:00:01Z" level=warning msg="/opt/task_feishu/prod_192.168.101.13/docker/docker-compose.yml: the attribute `version` is obsolete, it will be ignored, please remove it to avoid potential confusion"
[SUCCESS] Successfully obtained tenant_access_token, expires at Fri Dec 12 14:51:22 2025
[INFO] Fetched 93 records, total so far: 93
[SUCCESS] Finished fetching all records. Total: 93
Using cached tenant_access_token
[INFO] Fetched 18 records, total so far: 18
[SUCCESS] Finished fetching all records. Total: 18
time="2025-12-12T07:00:02Z" level=warning msg="/opt/task_feishu/prod_192.168.101.13/docker/docker-compose.yml: the attribute `version` is obsolete, it will be ignored, please remove it to avoid potential confusion"
[SUCCESS] Successfully obtained tenant_access_token, expires at Fri Dec 12 16:21:34 2025
[INFO] Fetched 93 records, total so far: 93
[SUCCESS] Finished fetching all records. Total: 93
Using cached tenant_access_token
[INFO] Fetched 18 records, total so far: 18
[SUCCESS] Finished fetching all records. Total: 18
time="2025-12-12T08:00:01Z" level=warning msg="/opt/task_feishu/prod_192.168.101.13/docker/docker-compose.yml: the attribute `version` is obsolete, it will be ignored, please remove it to avoid potential confusion"
[SUCCESS] Successfully obtained tenant_access_token, expires at Fri Dec 12 17:51:51 2025
[INFO] Fetched 93 records, total so far: 93
[SUCCESS] Finished fetching all records. Total: 93
Using cached tenant_access_token
[INFO] Fetched 18 records, total so far: 18
[SUCCESS] Finished fetching all records. Total: 18
time="2025-12-12T09:00:02Z" level=warning msg="/opt/task_feishu/prod_192.168.101.13/docker/docker-compose.yml: the attribute `version` is obsolete, it will be ignored, please remove it to avoid potential confusion"
[SUCCESS] Successfully obtained tenant_access_token, expires at Fri Dec 12 17:51:51 2025
[INFO] Fetched 93 records, total so far: 93
[SUCCESS] Finished fetching all records. Total: 93
Using cached tenant_access_token
[INFO] Fetched 18 records, total so far: 18
[SUCCESS] Finished fetching all records. Total: 18
time="2025-12-12T10:00:01Z" level=warning msg="/opt/task_feishu/prod_192.168.101.13/docker/docker-compose.yml: the attribute `version` is obsolete, it will be ignored, please remove it to avoid potential confusion"
[SUCCESS] Successfully obtained tenant_access_token, expires at Fri Dec 12 19:22:25 2025
[INFO] Fetched 93 records, total so far: 93
[SUCCESS] Finished fetching all records. Total: 93
Using cached tenant_access_token
[INFO] Fetched 18 records, total so far: 18
[SUCCESS] Finished fetching all records. Total: 18
time="2025-12-12T11:00:01Z" level=warning msg="/opt/task_feishu/prod_192.168.101.13/docker/docker-compose.yml: the attribute `version` is obsolete, it will be ignored, please remove it to avoid potential confusion"
[SUCCESS] Successfully obtained tenant_access_token, expires at Fri Dec 12 20:52:37 2025
[INFO] Fetched 93 records, total so far: 93
[SUCCESS] Finished fetching all records. Total: 93
Using cached tenant_access_token
[INFO] Fetched 18 records, total so far: 18
[SUCCESS] Finished fetching all records. Total: 18
time="2025-12-12T12:00:01Z" level=warning msg="/opt/task_feishu/prod_192.168.101.13/docker/docker-compose.yml: the attribute `version` is obsolete, it will be ignored, please remove it to avoid potential confusion"
[SUCCESS] Successfully obtained tenant_access_token, expires at Fri Dec 12 20:52:37 2025
[INFO] Fetched 93 records, total so far: 93
[SUCCESS] Finished fetching all records. Total: 93
Using cached tenant_access_token
[INFO] Fetched 18 records, total so far: 18
[SUCCESS] Finished fetching all records. Total: 18
time="2025-12-12T13:00:02Z" level=warning msg="/opt/task_feishu/prod_192.168.101.13/docker/docker-compose.yml: the attribute `version` is obsolete, it will be ignored, please remove it to avoid potential confusion"
[SUCCESS] Successfully obtained tenant_access_token, expires at Fri Dec 12 22:22:54 2025
[INFO] Fetched 93 records, total so far: 93
[SUCCESS] Finished fetching all records. Total: 93
Using cached tenant_access_token
[INFO] Fetched 18 records, total so far: 18
[SUCCESS] Finished fetching all records. Total: 18
time="2025-12-12T14:00:01Z" level=warning msg="/opt/task_feishu/prod_192.168.101.13/docker/docker-compose.yml: the attribute `version` is obsolete, it will be ignored, please remove it to avoid potential confusion"
[SUCCESS] Successfully obtained tenant_access_token, expires at Fri Dec 12 23:53:27 2025
[INFO] Fetched 93 records, total so far: 93
[SUCCESS] Finished fetching all records. Total: 93
Using cached tenant_access_token
[INFO] Fetched 18 records, total so far: 18
[SUCCESS] Finished fetching all records. Total: 18
time="2025-12-12T15:00:01Z" level=warning msg="/opt/task_feishu/prod_192.168.101.13/docker/docker-compose.yml: the attribute `version` is obsolete, it will be ignored, please remove it to avoid potential confusion"
[SUCCESS] Successfully obtained tenant_access_token, expires at Fri Dec 12 23:53:27 2025
[INFO] Fetched 93 records, total so far: 93
[SUCCESS] Finished fetching all records. Total: 93
Using cached tenant_access_token
[INFO] Fetched 18 records, total so far: 18
[SUCCESS] Finished fetching all records. Total: 18
time="2025-12-12T16:00:01Z" level=warning msg="/opt/task_feishu/prod_192.168.101.13/docker/docker-compose.yml: the attribute `version` is obsolete, it will be ignored, please remove it to avoid potential confusion"
[SUCCESS] Successfully obtained tenant_access_token, expires at Sat Dec 13 01:23:38 2025
[INFO] Fetched 93 records, total so far: 93
[SUCCESS] Finished fetching all records. Total: 93
Using cached tenant_access_token
[INFO] Fetched 18 records, total so far: 18
[SUCCESS] Finished fetching all records. Total: 18
time="2025-12-12T17:00:01Z" level=warning msg="/opt/task_feishu/prod_192.168.101.13/docker/docker-compose.yml: the attribute `version` is obsolete, it will be ignored, please remove it to avoid potential confusion"
[SUCCESS] Successfully obtained tenant_access_token, expires at Sat Dec 13 02:53:48 2025
[INFO] Fetched 93 records, total so far: 93
[SUCCESS] Finished fetching all records. Total: 93
Using cached tenant_access_token
[INFO] Fetched 18 records, total so far: 18
[SUCCESS] Finished fetching all records. Total: 18
time="2025-12-12T18:00:01Z" level=warning msg="/opt/task_feishu/prod_192.168.101.13/docker/docker-compose.yml: the attribute `version` is obsolete, it will be ignored, please remove it to avoid potential confusion"
[SUCCESS] Successfully obtained tenant_access_token, expires at Sat Dec 13 02:53:48 2025
[INFO] Fetched 93 records, total so far: 93
[SUCCESS] Finished fetching all records. Total: 93
Using cached tenant_access_token
[INFO] Fetched 18 records, total so far: 18
[SUCCESS] Finished fetching all records. Total: 18
time="2025-12-12T19:00:01Z" level=warning msg="/opt/task_feishu/prod_192.168.101.13/docker/docker-compose.yml: the attribute `version` is obsolete, it will be ignored, please remove it to avoid potential confusion"
[SUCCESS] Successfully obtained tenant_access_token, expires at Sat Dec 13 04:23:58 2025
[INFO] Fetched 93 records, total so far: 93
[SUCCESS] Finished fetching all records. Total: 93
Using cached tenant_access_token
[INFO] Fetched 18 records, total so far: 18
[SUCCESS] Finished fetching all records. Total: 18
time="2025-12-12T20:00:01Z" level=warning msg="/opt/task_feishu/prod_192.168.101.13/docker/docker-compose.yml: the attribute `version` is obsolete, it will be ignored, please remove it to avoid potential confusion"
[SUCCESS] Successfully obtained tenant_access_token, expires at Sat Dec 13 05:54:08 2025
[INFO] Fetched 93 records, total so far: 93
[SUCCESS] Finished fetching all records. Total: 93
Using cached tenant_access_token
[INFO] Fetched 18 records, total so far: 18
[SUCCESS] Finished fetching all records. Total: 18
time="2025-12-12T21:00:01Z" level=warning msg="/opt/task_feishu/prod_192.168.101.13/docker/docker-compose.yml: the attribute `version` is obsolete, it will be ignored, please remove it to avoid potential confusion"
[SUCCESS] Successfully obtained tenant_access_token, expires at Sat Dec 13 05:54:08 2025
[INFO] Fetched 93 records, total so far: 93
[SUCCESS] Finished fetching all records. Total: 93
Using cached tenant_access_token
[INFO] Fetched 18 records, total so far: 18
[SUCCESS] Finished fetching all records. Total: 18
time="2025-12-12T22:00:01Z" level=warning msg="/opt/task_feishu/prod_192.168.101.13/docker/docker-compose.yml: the attribute `version` is obsolete, it will be ignored, please remove it to avoid potential confusion"
[SUCCESS] Successfully obtained tenant_access_token, expires at Sat Dec 13 07:24:18 2025
[INFO] Fetched 93 records, total so far: 93
[SUCCESS] Finished fetching all records. Total: 93
Using cached tenant_access_token
[INFO] Fetched 18 records, total so far: 18
[SUCCESS] Finished fetching all records. Total: 18
time="2025-12-12T23:00:01Z" level=warning msg="/opt/task_feishu/prod_192.168.101.13/docker/docker-compose.yml: the attribute `version` is obsolete, it will be ignored, please remove it to avoid potential confusion"
[SUCCESS] Successfully obtained tenant_access_token, expires at Sat Dec 13 08:54:28 2025
[INFO] Fetched 93 records, total so far: 93
[SUCCESS] Finished fetching all records. Total: 93
Using cached tenant_access_token
[INFO] Fetched 18 records, total so far: 18
[SUCCESS] Finished fetching all records. Total: 18
time="2025-12-13T00:00:01Z" level=warning msg="/opt/task_feishu/prod_192.168.101.13/docker/docker-compose.yml: the attribute `version` is obsolete, it will be ignored, please remove it to avoid potential confusion"
[SUCCESS] Successfully obtained tenant_access_token, expires at Sat Dec 13 08:54:28 2025
[INFO] Fetched 93 records, total so far: 93
[SUCCESS] Finished fetching all records. Total: 93
Using cached tenant_access_token
[INFO] Fetched 18 records, total so far: 18
[SUCCESS] Finished fetching all records. Total: 18
time="2025-12-13T01:00:02Z" level=warning msg="/opt/task_feishu/prod_192.168.101.13/docker/docker-compose.yml: the attribute `version` is obsolete, it will be ignored, please remove it to avoid potential confusion"
[SUCCESS] Successfully obtained tenant_access_token, expires at Sat Dec 13 10:24:44 2025
[INFO] Fetched 93 records, total so far: 93
[SUCCESS] Finished fetching all records. Total: 93
Using cached tenant_access_token
[INFO] Fetched 18 records, total so far: 18
[SUCCESS] Finished fetching all records. Total: 18
time="2025-12-13T02:00:01Z" level=warning msg="/opt/task_feishu/prod_192.168.101.13/docker/docker-compose.yml: the attribute `version` is obsolete, it will be ignored, please remove it to avoid potential confusion"
[SUCCESS] Successfully obtained tenant_access_token, expires at Sat Dec 13 11:54:55 2025
[INFO] Fetched 93 records, total so far: 93
[SUCCESS] Finished fetching all records. Total: 93
Using cached tenant_access_token
[INFO] Fetched 18 records, total so far: 18
[SUCCESS] Finished fetching all records. Total: 18
time="2025-12-13T03:00:01Z" level=warning msg="/opt/task_feishu/prod_192.168.101.13/docker/docker-compose.yml: the attribute `version` is obsolete, it will be ignored, please remove it to avoid potential confusion"
[SUCCESS] Successfully obtained tenant_access_token, expires at Sat Dec 13 11:54:55 2025
[INFO] Fetched 93 records, total so far: 93
[SUCCESS] Finished fetching all records. Total: 93
Using cached tenant_access_token
[INFO] Fetched 18 records, total so far: 18
[SUCCESS] Finished fetching all records. Total: 18
time="2025-12-13T04:00:02Z" level=warning msg="/opt/task_feishu/prod_192.168.101.13/docker/docker-compose.yml: the attribute `version` is obsolete, it will be ignored, please remove it to avoid potential confusion"
[SUCCESS] Successfully obtained tenant_access_token, expires at Sat Dec 13 13:25:06 2025
[INFO] Fetched 93 records, total so far: 93
[SUCCESS] Finished fetching all records. Total: 93
Using cached tenant_access_token
[INFO] Fetched 18 records, total so far: 18
[SUCCESS] Finished fetching all records. Total: 18
time="2025-12-13T05:00:01Z" level=warning msg="/opt/task_feishu/prod_192.168.101.13/docker/docker-compose.yml: the attribute `version` is obsolete, it will be ignored, please remove it to avoid potential confusion"
[SUCCESS] Successfully obtained tenant_access_token, expires at Sat Dec 13 14:55:17 2025
[INFO] Fetched 93 records, total so far: 93
[SUCCESS] Finished fetching all records. Total: 93
Using cached tenant_access_token
[INFO] Fetched 18 records, total so far: 18
[SUCCESS] Finished fetching all records. Total: 18
time="2025-12-13T06:00:01Z" level=warning msg="/opt/task_feishu/prod_192.168.101.13/docker/docker-compose.yml: the attribute `version` is obsolete, it will be ignored, please remove it to avoid potential confusion"
[SUCCESS] Successfully obtained tenant_access_token, expires at Sat Dec 13 14:55:17 2025
[INFO] Fetched 93 records, total so far: 93
[SUCCESS] Finished fetching all records. Total: 93
Using cached tenant_access_token
[INFO] Fetched 18 records, total so far: 18
[SUCCESS] Finished fetching all records. Total: 18
time="2025-12-13T07:00:01Z" level=warning msg="/opt/task_feishu/prod_192.168.101.13/docker/docker-compose.yml: the attribute `version` is obsolete, it will be ignored, please remove it to avoid potential confusion"
[SUCCESS] Successfully obtained tenant_access_token, expires at Sat Dec 13 16:25:28 2025
[INFO] Fetched 93 records, total so far: 93
[SUCCESS] Finished fetching all records. Total: 93
Using cached tenant_access_token
[INFO] Fetched 18 records, total so far: 18
[SUCCESS] Finished fetching all records. Total: 18
time="2025-12-13T08:00:01Z" level=warning msg="/opt/task_feishu/prod_192.168.101.13/docker/docker-compose.yml: the attribute `version` is obsolete, it will be ignored, please remove it to avoid potential confusion"
[SUCCESS] Successfully obtained tenant_access_token, expires at Sat Dec 13 17:55:39 2025
[INFO] Fetched 93 records, total so far: 93
[SUCCESS] Finished fetching all records. Total: 93
Using cached tenant_access_token
[INFO] Fetched 18 records, total so far: 18
[SUCCESS] Finished fetching all records. Total: 18
time="2025-12-13T09:00:01Z" level=warning msg="/opt/task_feishu/prod_192.168.101.13/docker/docker-compose.yml: the attribute `version` is obsolete, it will be ignored, please remove it to avoid potential confusion"
[SUCCESS] Successfully obtained tenant_access_token, expires at Sat Dec 13 17:55:39 2025
[INFO] Fetched 93 records, total so far: 93
[SUCCESS] Finished fetching all records. Total: 93
Using cached tenant_access_token
[INFO] Fetched 18 records, total so far: 18
[SUCCESS] Finished fetching all records. Total: 18
time="2025-12-13T10:00:01Z" level=warning msg="/opt/task_feishu/prod_192.168.101.13/docker/docker-compose.yml: the attribute `version` is obsolete, it will be ignored, please remove it to avoid potential confusion"
[SUCCESS] Successfully obtained tenant_access_token, expires at Sat Dec 13 19:25:50 2025
[INFO] Fetched 93 records, total so far: 93
[SUCCESS] Finished fetching all records. Total: 93
Using cached tenant_access_token
[INFO] Fetched 18 records, total so far: 18
[SUCCESS] Finished fetching all records. Total: 18
time="2025-12-13T11:00:01Z" level=warning msg="/opt/task_feishu/prod_192.168.101.13/docker/docker-compose.yml: the attribute `version` is obsolete, it will be ignored, please remove it to avoid potential confusion"
[SUCCESS] Successfully obtained tenant_access_token, expires at Sat Dec 13 20:56:01 2025
[INFO] Fetched 93 records, total so far: 93
[SUCCESS] Finished fetching all records. Total: 93
Using cached tenant_access_token
[INFO] Fetched 18 records, total so far: 18
[SUCCESS] Finished fetching all records. Total: 18
time="2025-12-13T12:00:01Z" level=warning msg="/opt/task_feishu/prod_192.168.101.13/docker/docker-compose.yml: the attribute `version` is obsolete, it will be ignored, please remove it to avoid potential confusion"
[SUCCESS] Successfully obtained tenant_access_token, expires at Sat Dec 13 20:56:01 2025
[INFO] Fetched 93 records, total so far: 93
[SUCCESS] Finished fetching all records. Total: 93
Using cached tenant_access_token
[INFO] Fetched 18 records, total so far: 18
[SUCCESS] Finished fetching all records. Total: 18
time="2025-12-13T13:00:01Z" level=warning msg="/opt/task_feishu/prod_192.168.101.13/docker/docker-compose.yml: the attribute `version` is obsolete, it will be ignored, please remove it to avoid potential confusion"
[SUCCESS] Successfully obtained tenant_access_token, expires at Sat Dec 13 22:26:13 2025
[INFO] Fetched 93 records, total so far: 93
[SUCCESS] Finished fetching all records. Total: 93
Using cached tenant_access_token
[INFO] Fetched 18 records, total so far: 18
[SUCCESS] Finished fetching all records. Total: 18
time="2025-12-13T14:00:01Z" level=warning msg="/opt/task_feishu/prod_192.168.101.13/docker/docker-compose.yml: the attribute `version` is obsolete, it will be ignored, please remove it to avoid potential confusion"
[SYNC] No data fetched from '公司派单'
[ERROR] Exception while getting tenant_access_token: HTTPSConnectionPool(host='open.feishu.cn', port=443): Read timed out. (read timeout=15)
[ERROR] Failed to get access token, cannot fetch records
[SUCCESS] Successfully obtained tenant_access_token, expires at Sat Dec 13 23:56:24 2025
[INFO] Fetched 18 records, total so far: 18
[SUCCESS] Finished fetching all records. Total: 18
time="2025-12-13T15:00:01Z" level=warning msg="/opt/task_feishu/prod_192.168.101.13/docker/docker-compose.yml: the attribute `version` is obsolete, it will be ignored, please remove it to avoid potential confusion"
[SUCCESS] Successfully obtained tenant_access_token, expires at Sat Dec 13 23:56:24 2025
[INFO] Fetched 93 records, total so far: 93
[SUCCESS] Finished fetching all records. Total: 93
Using cached tenant_access_token
[INFO] Fetched 18 records, total so far: 18
[SUCCESS] Finished fetching all records. Total: 18
time="2025-12-13T16:00:01Z" level=warning msg="/opt/task_feishu/prod_192.168.101.13/docker/docker-compose.yml: the attribute `version` is obsolete, it will be ignored, please remove it to avoid potential confusion"
[SUCCESS] Successfully obtained tenant_access_token, expires at Sun Dec 14 01:26:34 2025
[INFO] Fetched 93 records, total so far: 93
[SUCCESS] Finished fetching all records. Total: 93
Using cached tenant_access_token
[INFO] Fetched 18 records, total so far: 18
[SUCCESS] Finished fetching all records. Total: 18
time="2025-12-13T17:00:02Z" level=warning msg="/opt/task_feishu/prod_192.168.101.13/docker/docker-compose.yml: the attribute `version` is obsolete, it will be ignored, please remove it to avoid potential confusion"
[SUCCESS] Successfully obtained tenant_access_token, expires at Sun Dec 14 02:56:44 2025
[INFO] Fetched 93 records, total so far: 93
[SUCCESS] Finished fetching all records. Total: 93
Using cached tenant_access_token
[INFO] Fetched 18 records, total so far: 18
[SUCCESS] Finished fetching all records. Total: 18
time="2025-12-13T18:00:01Z" level=warning msg="/opt/task_feishu/prod_192.168.101.13/docker/docker-compose.yml: the attribute `version` is obsolete, it will be ignored, please remove it to avoid potential confusion"
[SUCCESS] Successfully obtained tenant_access_token, expires at Sun Dec 14 02:56:44 2025
[INFO] Fetched 93 records, total so far: 93
[SUCCESS] Finished fetching all records. Total: 93
Using cached tenant_access_token
[INFO] Fetched 18 records, total so far: 18
[SUCCESS] Finished fetching all records. Total: 18
time="2025-12-13T19:00:01Z" level=warning msg="/opt/task_feishu/prod_192.168.101.13/docker/docker-compose.yml: the attribute `version` is obsolete, it will be ignored, please remove it to avoid potential confusion"
[SUCCESS] Successfully obtained tenant_access_token, expires at Sun Dec 14 04:26:56 2025
[INFO] Fetched 93 records, total so far: 93
[SUCCESS] Finished fetching all records. Total: 93
Using cached tenant_access_token
[INFO] Fetched 18 records, total so far: 18
[SUCCESS] Finished fetching all records. Total: 18
time="2025-12-13T20:00:01Z" level=warning msg="/opt/task_feishu/prod_192.168.101.13/docker/docker-compose.yml: the attribute `version` is obsolete, it will be ignored, please remove it to avoid potential confusion"
[SUCCESS] Successfully obtained tenant_access_token, expires at Sun Dec 14 05:57:05 2025
[INFO] Fetched 93 records, total so far: 93
[SUCCESS] Finished fetching all records. Total: 93
Using cached tenant_access_token
[INFO] Fetched 18 records, total so far: 18
[SUCCESS] Finished fetching all records. Total: 18
time="2025-12-13T21:00:02Z" level=warning msg="/opt/task_feishu/prod_192.168.101.13/docker/docker-compose.yml: the attribute `version` is obsolete, it will be ignored, please remove it to avoid potential confusion"
[SUCCESS] Successfully obtained tenant_access_token, expires at Sun Dec 14 05:57:05 2025
[INFO] Fetched 93 records, total so far: 93
[SUCCESS] Finished fetching all records. Total: 93
Using cached tenant_access_token
[INFO] Fetched 18 records, total so far: 18
[SUCCESS] Finished fetching all records. Total: 18
time="2025-12-13T22:00:01Z" level=warning msg="/opt/task_feishu/prod_192.168.101.13/docker/docker-compose.yml: the attribute `version` is obsolete, it will be ignored, please remove it to avoid potential confusion"
[SUCCESS] Successfully obtained tenant_access_token, expires at Sun Dec 14 07:27:15 2025
[INFO] Fetched 93 records, total so far: 93
[SUCCESS] Finished fetching all records. Total: 93
Using cached tenant_access_token
[INFO] Fetched 18 records, total so far: 18
[SUCCESS] Finished fetching all records. Total: 18
time="2025-12-13T23:00:02Z" level=warning msg="/opt/task_feishu/prod_192.168.101.13/docker/docker-compose.yml: the attribute `version` is obsolete, it will be ignored, please remove it to avoid potential confusion"
[SUCCESS] Successfully obtained tenant_access_token, expires at Sun Dec 14 08:57:25 2025
[INFO] Fetched 93 records, total so far: 93
[SUCCESS] Finished fetching all records. Total: 93
Using cached tenant_access_token
[INFO] Fetched 18 records, total so far: 18
[SUCCESS] Finished fetching all records. Total: 18
time="2025-12-14T00:00:01Z" level=warning msg="/opt/task_feishu/prod_192.168.101.13/docker/docker-compose.yml: the attribute `version` is obsolete, it will be ignored, please remove it to avoid potential confusion"
[SUCCESS] Successfully obtained tenant_access_token, expires at Sun Dec 14 08:57:25 2025
[INFO] Fetched 93 records, total so far: 93
[SUCCESS] Finished fetching all records. Total: 93
Using cached tenant_access_token
[INFO] Fetched 18 records, total so far: 18
[SUCCESS] Finished fetching all records. Total: 18
time="2025-12-14T01:00:01Z" level=warning msg="/opt/task_feishu/prod_192.168.101.13/docker/docker-compose.yml: the attribute `version` is obsolete, it will be ignored, please remove it to avoid potential confusion"
[SUCCESS] Successfully obtained tenant_access_token, expires at Sun Dec 14 10:27:35 2025
[INFO] Fetched 93 records, total so far: 93
[SUCCESS] Finished fetching all records. Total: 93
Using cached tenant_access_token
[INFO] Fetched 18 records, total so far: 18
[SUCCESS] Finished fetching all records. Total: 18
time="2025-12-14T02:00:01Z" level=warning msg="/opt/task_feishu/prod_192.168.101.13/docker/docker-compose.yml: the attribute `version` is obsolete, it will be ignored, please remove it to avoid potential confusion"
[SUCCESS] Successfully obtained tenant_access_token, expires at Sun Dec 14 11:57:46 2025
[INFO] Fetched 93 records, total so far: 93
[SUCCESS] Finished fetching all records. Total: 93
Using cached tenant_access_token
[INFO] Fetched 18 records, total so far: 18
[SUCCESS] Finished fetching all records. Total: 18
time="2025-12-14T03:00:01Z" level=warning msg="/opt/task_feishu/prod_192.168.101.13/docker/docker-compose.yml: the attribute `version` is obsolete, it will be ignored, please remove it to avoid potential confusion"
[SUCCESS] Successfully obtained tenant_access_token, expires at Sun Dec 14 11:57:46 2025
[INFO] Fetched 93 records, total so far: 93
[SUCCESS] Finished fetching all records. Total: 93
Using cached tenant_access_token
[INFO] Fetched 18 records, total so far: 18
[SUCCESS] Finished fetching all records. Total: 18
time="2025-12-14T04:00:01Z" level=warning msg="/opt/task_feishu/prod_192.168.101.13/docker/docker-compose.yml: the attribute `version` is obsolete, it will be ignored, please remove it to avoid potential confusion"
[SUCCESS] Successfully obtained tenant_access_token, expires at Sun Dec 14 13:27:57 2025
[INFO] Fetched 93 records, total so far: 93
[SUCCESS] Finished fetching all records. Total: 93
Using cached tenant_access_token
[INFO] Fetched 18 records, total so far: 18
[SUCCESS] Finished fetching all records. Total: 18
time="2025-12-14T05:00:01Z" level=warning msg="/opt/task_feishu/prod_192.168.101.13/docker/docker-compose.yml: the attribute `version` is obsolete, it will be ignored, please remove it to avoid potential confusion"
[SUCCESS] Successfully obtained tenant_access_token, expires at Sun Dec 14 14:58:08 2025
[INFO] Fetched 93 records, total so far: 93
[SUCCESS] Finished fetching all records. Total: 93
Using cached tenant_access_token
[INFO] Fetched 18 records, total so far: 18
[SUCCESS] Finished fetching all records. Total: 18
time="2025-12-14T06:00:02Z" level=warning msg="/opt/task_feishu/prod_192.168.101.13/docker/docker-compose.yml: the attribute `version` is obsolete, it will be ignored, please remove it to avoid potential confusion"
[SUCCESS] Successfully obtained tenant_access_token, expires at Sun Dec 14 14:58:08 2025
[INFO] Fetched 93 records, total so far: 93
[SUCCESS] Finished fetching all records. Total: 93
Using cached tenant_access_token
[INFO] Fetched 18 records, total so far: 18
[SUCCESS] Finished fetching all records. Total: 18
time="2025-12-14T07:00:01Z" level=warning msg="/opt/task_feishu/prod_192.168.101.13/docker/docker-compose.yml: the attribute `version` is obsolete, it will be ignored, please remove it to avoid potential confusion"
[SUCCESS] Successfully obtained tenant_access_token, expires at Sun Dec 14 16:28:19 2025
[INFO] Fetched 93 records, total so far: 93
[SUCCESS] Finished fetching all records. Total: 93
Using cached tenant_access_token
[INFO] Fetched 18 records, total so far: 18
[SUCCESS] Finished fetching all records. Total: 18
time="2025-12-14T08:00:01Z" level=warning msg="/opt/task_feishu/prod_192.168.101.13/docker/docker-compose.yml: the attribute `version` is obsolete, it will be ignored, please remove it to avoid potential confusion"
[SUCCESS] Successfully obtained tenant_access_token, expires at Sun Dec 14 17:58:31 2025
[INFO] Fetched 93 records, total so far: 93
[SUCCESS] Finished fetching all records. Total: 93
Using cached tenant_access_token
[INFO] Fetched 18 records, total so far: 18
[SUCCESS] Finished fetching all records. Total: 18
time="2025-12-14T09:00:01Z" level=warning msg="/opt/task_feishu/prod_192.168.101.13/docker/docker-compose.yml: the attribute `version` is obsolete, it will be ignored, please remove it to avoid potential confusion"
[SUCCESS] Successfully obtained tenant_access_token, expires at Sun Dec 14 17:58:31 2025
[INFO] Fetched 93 records, total so far: 93
[SUCCESS] Finished fetching all records. Total: 93
Using cached tenant_access_token
[INFO] Fetched 18 records, total so far: 18
[SUCCESS] Finished fetching all records. Total: 18
time="2025-12-14T10:00:01Z" level=warning msg="/opt/task_feishu/prod_192.168.101.13/docker/docker-compose.yml: the attribute `version` is obsolete, it will be ignored, please remove it to avoid potential confusion"
[SUCCESS] Successfully obtained tenant_access_token, expires at Sun Dec 14 19:28:46 2025
[INFO] Fetched 93 records, total so far: 93
[SUCCESS] Finished fetching all records. Total: 93
Using cached tenant_access_token
[INFO] Fetched 19 records, total so far: 19
[SUCCESS] Finished fetching all records. Total: 19
time="2025-12-14T11:00:01Z" level=warning msg="/opt/task_feishu/prod_192.168.101.13/docker/docker-compose.yml: the attribute `version` is obsolete, it will be ignored, please remove it to avoid potential confusion"
[SUCCESS] Successfully obtained tenant_access_token, expires at Sun Dec 14 20:58:57 2025
[INFO] Fetched 93 records, total so far: 93
[SUCCESS] Finished fetching all records. Total: 93
Using cached tenant_access_token
[INFO] Fetched 19 records, total so far: 19
[SUCCESS] Finished fetching all records. Total: 19
time="2025-12-14T12:00:02Z" level=warning msg="/opt/task_feishu/prod_192.168.101.13/docker/docker-compose.yml: the attribute `version` is obsolete, it will be ignored, please remove it to avoid potential confusion"
[SUCCESS] Successfully obtained tenant_access_token, expires at Sun Dec 14 20:58:57 2025
[INFO] Fetched 93 records, total so far: 93
[SUCCESS] Finished fetching all records. Total: 93
Using cached tenant_access_token
[INFO] Fetched 19 records, total so far: 19
[SUCCESS] Finished fetching all records. Total: 19
time="2025-12-14T13:00:01Z" level=warning msg="/opt/task_feishu/prod_192.168.101.13/docker/docker-compose.yml: the attribute `version` is obsolete, it will be ignored, please remove it to avoid potential confusion"
[SUCCESS] Successfully obtained tenant_access_token, expires at Sun Dec 14 22:29:09 2025
[INFO] Fetched 93 records, total so far: 93
[SUCCESS] Finished fetching all records. Total: 93
Using cached tenant_access_token
[INFO] Fetched 19 records, total so far: 19
[SUCCESS] Finished fetching all records. Total: 19
time="2025-12-14T14:00:01Z" level=warning msg="/opt/task_feishu/prod_192.168.101.13/docker/docker-compose.yml: the attribute `version` is obsolete, it will be ignored, please remove it to avoid potential confusion"
[SUCCESS] Successfully obtained tenant_access_token, expires at Sun Dec 14 23:59:20 2025
[INFO] Fetched 94 records, total so far: 94
[SUCCESS] Finished fetching all records. Total: 94
Using cached tenant_access_token
[INFO] Fetched 19 records, total so far: 19
[SUCCESS] Finished fetching all records. Total: 19
time="2025-12-14T15:00:01Z" level=warning msg="/opt/task_feishu/prod_192.168.101.13/docker/docker-compose.yml: the attribute `version` is obsolete, it will be ignored, please remove it to avoid potential confusion"
[SUCCESS] Successfully obtained tenant_access_token, expires at Sun Dec 14 23:59:20 2025
[INFO] Fetched 94 records, total so far: 94
[SUCCESS] Finished fetching all records. Total: 94
Using cached tenant_access_token
[INFO] Fetched 19 records, total so far: 19
[SUCCESS] Finished fetching all records. Total: 19
time="2025-12-14T16:00:01Z" level=warning msg="/opt/task_feishu/prod_192.168.101.13/docker/docker-compose.yml: the attribute `version` is obsolete, it will be ignored, please remove it to avoid potential confusion"
[SUCCESS] Successfully obtained tenant_access_token, expires at Mon Dec 15 01:29:31 2025
[INFO] Fetched 94 records, total so far: 94
[SUCCESS] Finished fetching all records. Total: 94
Using cached tenant_access_token
[INFO] Fetched 19 records, total so far: 19
[SUCCESS] Finished fetching all records. Total: 19
time="2025-12-14T17:00:01Z" level=warning msg="/opt/task_feishu/prod_192.168.101.13/docker/docker-compose.yml: the attribute `version` is obsolete, it will be ignored, please remove it to avoid potential confusion"
[SUCCESS] Successfully obtained tenant_access_token, expires at Mon Dec 15 02:59:41 2025
[INFO] Fetched 94 records, total so far: 94
[SUCCESS] Finished fetching all records. Total: 94
Using cached tenant_access_token
[INFO] Fetched 19 records, total so far: 19
[SUCCESS] Finished fetching all records. Total: 19
time="2025-12-14T18:00:01Z" level=warning msg="/opt/task_feishu/prod_192.168.101.13/docker/docker-compose.yml: the attribute `version` is obsolete, it will be ignored, please remove it to avoid potential confusion"
[SUCCESS] Successfully obtained tenant_access_token, expires at Mon Dec 15 02:59:41 2025
[INFO] Fetched 94 records, total so far: 94
[SUCCESS] Finished fetching all records. Total: 94
Using cached tenant_access_token
[INFO] Fetched 19 records, total so far: 19
[SUCCESS] Finished fetching all records. Total: 19
time="2025-12-14T19:00:01Z" level=warning msg="/opt/task_feishu/prod_192.168.101.13/docker/docker-compose.yml: the attribute `version` is obsolete, it will be ignored, please remove it to avoid potential confusion"
[SUCCESS] Successfully obtained tenant_access_token, expires at Mon Dec 15 04:29:51 2025
[INFO] Fetched 94 records, total so far: 94
[SUCCESS] Finished fetching all records. Total: 94
Using cached tenant_access_token
[INFO] Fetched 19 records, total so far: 19
[SUCCESS] Finished fetching all records. Total: 19
time="2025-12-14T20:00:02Z" level=warning msg="/opt/task_feishu/prod_192.168.101.13/docker/docker-compose.yml: the attribute `version` is obsolete, it will be ignored, please remove it to avoid potential confusion"
[SUCCESS] Successfully obtained tenant_access_token, expires at Mon Dec 15 06:00:01 2025
[INFO] Fetched 94 records, total so far: 94
[SUCCESS] Finished fetching all records. Total: 94
Using cached tenant_access_token
[INFO] Fetched 19 records, total so far: 19
[SUCCESS] Finished fetching all records. Total: 19
time="2025-12-14T21:00:01Z" level=warning msg="/opt/task_feishu/prod_192.168.101.13/docker/docker-compose.yml: the attribute `version` is obsolete, it will be ignored, please remove it to avoid potential confusion"
[SUCCESS] Successfully obtained tenant_access_token, expires at Mon Dec 15 06:00:01 2025
[INFO] Fetched 94 records, total so far: 94
[SUCCESS] Finished fetching all records. Total: 94
Using cached tenant_access_token
[INFO] Fetched 19 records, total so far: 19
[SUCCESS] Finished fetching all records. Total: 19
time="2025-12-14T22:00:01Z" level=warning msg="/opt/task_feishu/prod_192.168.101.13/docker/docker-compose.yml: the attribute `version` is obsolete, it will be ignored, please remove it to avoid potential confusion"
[SUCCESS] Successfully obtained tenant_access_token, expires at Mon Dec 15 07:30:12 2025
[INFO] Fetched 94 records, total so far: 94
[SUCCESS] Finished fetching all records. Total: 94
Using cached tenant_access_token
[INFO] Fetched 19 records, total so far: 19
[SUCCESS] Finished fetching all records. Total: 19
time="2025-12-14T23:00:01Z" level=warning msg="/opt/task_feishu/prod_192.168.101.13/docker/docker-compose.yml: the attribute `version` is obsolete, it will be ignored, please remove it to avoid potential confusion"
[SUCCESS] Successfully obtained tenant_access_token, expires at Mon Dec 15 07:30:12 2025
[INFO] Fetched 94 records, total so far: 94
[SUCCESS] Finished fetching all records. Total: 94
Using cached tenant_access_token
[INFO] Fetched 19 records, total so far: 19
[SUCCESS] Finished fetching all records. Total: 19
time="2025-12-15T00:00:01Z" level=warning msg="/opt/task_feishu/prod_192.168.101.13/docker/docker-compose.yml: the attribute `version` is obsolete, it will be ignored, please remove it to avoid potential confusion"
[SUCCESS] Successfully obtained tenant_access_token, expires at Mon Dec 15 09:00:21 2025
[INFO] Fetched 94 records, total so far: 94
[SUCCESS] Finished fetching all records. Total: 94
Using cached tenant_access_token
[INFO] Fetched 19 records, total so far: 19
[SUCCESS] Finished fetching all records. Total: 19
time="2025-12-15T01:00:01Z" level=warning msg="/opt/task_feishu/prod_192.168.101.13/docker/docker-compose.yml: the attribute `version` is obsolete, it will be ignored, please remove it to avoid potential confusion"
[SUCCESS] Successfully obtained tenant_access_token, expires at Mon Dec 15 10:30:32 2025
[INFO] Fetched 94 records, total so far: 94
[SUCCESS] Finished fetching all records. Total: 94
Using cached tenant_access_token
[INFO] Fetched 19 records, total so far: 19
[SUCCESS] Finished fetching all records. Total: 19
time="2025-12-15T02:00:01Z" level=warning msg="/opt/task_feishu/prod_192.168.101.13/docker/docker-compose.yml: the attribute `version` is obsolete, it will be ignored, please remove it to avoid potential confusion"
[SUCCESS] Successfully obtained tenant_access_token, expires at Mon Dec 15 10:30:32 2025
[INFO] Fetched 94 records, total so far: 94
[SUCCESS] Finished fetching all records. Total: 94
Using cached tenant_access_token
[INFO] Fetched 19 records, total so far: 19
[SUCCESS] Finished fetching all records. Total: 19
time="2025-12-15T03:00:01Z" level=warning msg="/opt/task_feishu/prod_192.168.101.13/docker/docker-compose.yml: the attribute `version` is obsolete, it will be ignored, please remove it to avoid potential confusion"
[SUCCESS] Successfully obtained tenant_access_token, expires at Mon Dec 15 12:00:44 2025
[INFO] Fetched 94 records, total so far: 94
[SUCCESS] Finished fetching all records. Total: 94
Using cached tenant_access_token
[INFO] Fetched 19 records, total so far: 19
[SUCCESS] Finished fetching all records. Total: 19
time="2025-12-15T04:00:02Z" level=warning msg="/opt/task_feishu/prod_192.168.101.13/docker/docker-compose.yml: the attribute `version` is obsolete, it will be ignored, please remove it to avoid potential confusion"
[SUCCESS] Successfully obtained tenant_access_token, expires at Mon Dec 15 13:30:58 2025
[INFO] Fetched 94 records, total so far: 94
[SUCCESS] Finished fetching all records. Total: 94
Using cached tenant_access_token
[INFO] Fetched 19 records, total so far: 19
[SUCCESS] Finished fetching all records. Total: 19
time="2025-12-15T05:00:01Z" level=warning msg="/opt/task_feishu/prod_192.168.101.13/docker/docker-compose.yml: the attribute `version` is obsolete, it will be ignored, please remove it to avoid potential confusion"
[SUCCESS] Successfully obtained tenant_access_token, expires at Mon Dec 15 13:30:58 2025
[INFO] Fetched 94 records, total so far: 94
[SUCCESS] Finished fetching all records. Total: 94
Using cached tenant_access_token
[INFO] Fetched 19 records, total so far: 19
[SUCCESS] Finished fetching all records. Total: 19
time="2025-12-15T06:00:01Z" level=warning msg="/opt/task_feishu/prod_192.168.101.13/docker/docker-compose.yml: the attribute `version` is obsolete, it will be ignored, please remove it to avoid potential confusion"
[SUCCESS] Successfully obtained tenant_access_token, expires at Mon Dec 15 15:01:10 2025
[INFO] Fetched 94 records, total so far: 94
[SUCCESS] Finished fetching all records. Total: 94
Using cached tenant_access_token
[INFO] Fetched 19 records, total so far: 19
[SUCCESS] Finished fetching all records. Total: 19
time="2025-12-15T07:00:02Z" level=warning msg="/opt/task_feishu/prod_192.168.101.13/docker/docker-compose.yml: the attribute `version` is obsolete, it will be ignored, please remove it to avoid potential confusion"
[SUCCESS] Successfully obtained tenant_access_token, expires at Mon Dec 15 16:31:22 2025
[INFO] Fetched 94 records, total so far: 94
[SUCCESS] Finished fetching all records. Total: 94
Using cached tenant_access_token
[INFO] Fetched 19 records, total so far: 19
[SUCCESS] Finished fetching all records. Total: 19
time="2025-12-15T08:00:01Z" level=warning msg="/opt/task_feishu/prod_192.168.101.13/docker/docker-compose.yml: the attribute `version` is obsolete, it will be ignored, please remove it to avoid potential confusion"
[SUCCESS] Successfully obtained tenant_access_token, expires at Mon Dec 15 16:31:22 2025
[INFO] Fetched 94 records, total so far: 94
[SUCCESS] Finished fetching all records. Total: 94
Using cached tenant_access_token
[INFO] Fetched 19 records, total so far: 19
[SUCCESS] Finished fetching all records. Total: 19
time="2025-12-15T09:00:01Z" level=warning msg="/opt/task_feishu/prod_192.168.101.13/docker/docker-compose.yml: the attribute `version` is obsolete, it will be ignored, please remove it to avoid potential confusion"
[SUCCESS] Successfully obtained tenant_access_token, expires at Mon Dec 15 18:01:36 2025
[INFO] Fetched 94 records, total so far: 94
[SUCCESS] Finished fetching all records. Total: 94
Using cached tenant_access_token
[INFO] Fetched 20 records, total so far: 20
[SUCCESS] Finished fetching all records. Total: 20
time="2025-12-15T10:00:01Z" level=warning msg="/opt/task_feishu/prod_192.168.101.13/docker/docker-compose.yml: the attribute `version` is obsolete, it will be ignored, please remove it to avoid potential confusion"
[SUCCESS] Successfully obtained tenant_access_token, expires at Mon Dec 15 19:31:51 2025
[INFO] Fetched 94 records, total so far: 94
[SUCCESS] Finished fetching all records. Total: 94
Using cached tenant_access_token
[INFO] Fetched 20 records, total so far: 20
[SUCCESS] Finished fetching all records. Total: 20
time="2025-12-15T11:00:01Z" level=warning msg="/opt/task_feishu/prod_192.168.101.13/docker/docker-compose.yml: the attribute `version` is obsolete, it will be ignored, please remove it to avoid potential confusion"
[SUCCESS] Successfully obtained tenant_access_token, expires at Mon Dec 15 19:31:51 2025
[INFO] Fetched 95 records, total so far: 95
[SUCCESS] Finished fetching all records. Total: 95
Using cached tenant_access_token
[INFO] Fetched 20 records, total so far: 20
[SUCCESS] Finished fetching all records. Total: 20
time="2025-12-15T12:00:02Z" level=warning msg="/opt/task_feishu/prod_192.168.101.13/docker/docker-compose.yml: the attribute `version` is obsolete, it will be ignored, please remove it to avoid potential confusion"
[SUCCESS] Successfully obtained tenant_access_token, expires at Mon Dec 15 21:02:06 2025
[INFO] Fetched 95 records, total so far: 95
[SUCCESS] Finished fetching all records. Total: 95
Using cached tenant_access_token
[INFO] Fetched 20 records, total so far: 20
[SUCCESS] Finished fetching all records. Total: 20
time="2025-12-15T13:00:02Z" level=warning msg="/opt/task_feishu/prod_192.168.101.13/docker/docker-compose.yml: the attribute `version` is obsolete, it will be ignored, please remove it to avoid potential confusion"
[SUCCESS] Successfully obtained tenant_access_token, expires at Mon Dec 15 22:32:18 2025
[INFO] Fetched 95 records, total so far: 95
[SUCCESS] Finished fetching all records. Total: 95
Using cached tenant_access_token
[INFO] Fetched 20 records, total so far: 20
[SUCCESS] Finished fetching all records. Total: 20
time="2025-12-15T14:00:01Z" level=warning msg="/opt/task_feishu/prod_192.168.101.13/docker/docker-compose.yml: the attribute `version` is obsolete, it will be ignored, please remove it to avoid potential confusion"
[SUCCESS] Successfully obtained tenant_access_token, expires at Mon Dec 15 22:32:18 2025
[INFO] Fetched 95 records, total so far: 95
[SUCCESS] Finished fetching all records. Total: 95
Using cached tenant_access_token
[INFO] Fetched 20 records, total so far: 20
[SUCCESS] Finished fetching all records. Total: 20
time="2025-12-15T15:00:01Z" level=warning msg="/opt/task_feishu/prod_192.168.101.13/docker/docker-compose.yml: the attribute `version` is obsolete, it will be ignored, please remove it to avoid potential confusion"
[SUCCESS] Successfully obtained tenant_access_token, expires at Tue Dec 16 00:02:30 2025
[INFO] Fetched 95 records, total so far: 95
[SUCCESS] Finished fetching all records. Total: 95
Using cached tenant_access_token
[INFO] Fetched 20 records, total so far: 20
[SUCCESS] Finished fetching all records. Total: 20
time="2025-12-15T16:00:01Z" level=warning msg="/opt/task_feishu/prod_192.168.101.13/docker/docker-compose.yml: the attribute `version` is obsolete, it will be ignored, please remove it to avoid potential confusion"
[SUCCESS] Successfully obtained tenant_access_token, expires at Tue Dec 16 01:32:41 2025
[INFO] Fetched 95 records, total so far: 95
[SUCCESS] Finished fetching all records. Total: 95
Using cached tenant_access_token
[INFO] Fetched 20 records, total so far: 20
[SUCCESS] Finished fetching all records. Total: 20
time="2025-12-15T17:00:01Z" level=warning msg="/opt/task_feishu/prod_192.168.101.13/docker/docker-compose.yml: the attribute `version` is obsolete, it will be ignored, please remove it to avoid potential confusion"
[SUCCESS] Successfully obtained tenant_access_token, expires at Tue Dec 16 01:32:41 2025
[INFO] Fetched 95 records, total so far: 95
[SUCCESS] Finished fetching all records. Total: 95
Using cached tenant_access_token
[INFO] Fetched 20 records, total so far: 20
[SUCCESS] Finished fetching all records. Total: 20
time="2025-12-15T18:00:01Z" level=warning msg="/opt/task_feishu/prod_192.168.101.13/docker/docker-compose.yml: the attribute `version` is obsolete, it will be ignored, please remove it to avoid potential confusion"
[SUCCESS] Successfully obtained tenant_access_token, expires at Tue Dec 16 03:02:51 2025
[INFO] Fetched 95 records, total so far: 95
[SUCCESS] Finished fetching all records. Total: 95
Using cached tenant_access_token
[INFO] Fetched 20 records, total so far: 20
[SUCCESS] Finished fetching all records. Total: 20
time="2025-12-15T19:00:01Z" level=warning msg="/opt/task_feishu/prod_192.168.101.13/docker/docker-compose.yml: the attribute `version` is obsolete, it will be ignored, please remove it to avoid potential confusion"
[SUCCESS] Successfully obtained tenant_access_token, expires at Tue Dec 16 04:33:02 2025
[INFO] Fetched 95 records, total so far: 95
[SUCCESS] Finished fetching all records. Total: 95
Using cached tenant_access_token
[INFO] Fetched 20 records, total so far: 20
[SUCCESS] Finished fetching all records. Total: 20
time="2025-12-15T20:00:01Z" level=warning msg="/opt/task_feishu/prod_192.168.101.13/docker/docker-compose.yml: the attribute `version` is obsolete, it will be ignored, please remove it to avoid potential confusion"
[SUCCESS] Successfully obtained tenant_access_token, expires at Tue Dec 16 04:33:02 2025
[INFO] Fetched 95 records, total so far: 95
[SUCCESS] Finished fetching all records. Total: 95
Using cached tenant_access_token
[INFO] Fetched 20 records, total so far: 20
[SUCCESS] Finished fetching all records. Total: 20
time="2025-12-15T21:00:01Z" level=warning msg="/opt/task_feishu/prod_192.168.101.13/docker/docker-compose.yml: the attribute `version` is obsolete, it will be ignored, please remove it to avoid potential confusion"
[SUCCESS] Successfully obtained tenant_access_token, expires at Tue Dec 16 06:03:43 2025
[INFO] Fetched 95 records, total so far: 95
[SUCCESS] Finished fetching all records. Total: 95
Using cached tenant_access_token
[INFO] Fetched 20 records, total so far: 20
[SUCCESS] Finished fetching all records. Total: 20
time="2025-12-15T22:00:01Z" level=warning msg="/opt/task_feishu/prod_192.168.101.13/docker/docker-compose.yml: the attribute `version` is obsolete, it will be ignored, please remove it to avoid potential confusion"
[SUCCESS] Successfully obtained tenant_access_token, expires at Tue Dec 16 07:33:51 2025
[INFO] Fetched 95 records, total so far: 95
[SUCCESS] Finished fetching all records. Total: 95
Using cached tenant_access_token
[INFO] Fetched 20 records, total so far: 20
[SUCCESS] Finished fetching all records. Total: 20
time="2025-12-15T23:00:01Z" level=warning msg="/opt/task_feishu/prod_192.168.101.13/docker/docker-compose.yml: the attribute `version` is obsolete, it will be ignored, please remove it to avoid potential confusion"
[SUCCESS] Successfully obtained tenant_access_token, expires at Tue Dec 16 07:33:52 2025
[INFO] Fetched 95 records, total so far: 95
[SUCCESS] Finished fetching all records. Total: 95
Using cached tenant_access_token
[INFO] Fetched 20 records, total so far: 20
[SUCCESS] Finished fetching all records. Total: 20
time="2025-12-16T00:00:01Z" level=warning msg="/opt/task_feishu/prod_192.168.101.13/docker/docker-compose.yml: the attribute `version` is obsolete, it will be ignored, please remove it to avoid potential confusion"
[SUCCESS] Successfully obtained tenant_access_token, expires at Tue Dec 16 09:04:03 2025
[INFO] Fetched 95 records, total so far: 95
[SUCCESS] Finished fetching all records. Total: 95
Using cached tenant_access_token
[INFO] Fetched 20 records, total so far: 20
[SUCCESS] Finished fetching all records. Total: 20
time="2025-12-16T01:00:02Z" level=warning msg="/opt/task_feishu/prod_192.168.101.13/docker/docker-compose.yml: the attribute `version` is obsolete, it will be ignored, please remove it to avoid potential confusion"
[SUCCESS] Successfully obtained tenant_access_token, expires at Tue Dec 16 10:34:13 2025
[INFO] Fetched 95 records, total so far: 95
[SUCCESS] Finished fetching all records. Total: 95
Using cached tenant_access_token
[INFO] Fetched 20 records, total so far: 20
[SUCCESS] Finished fetching all records. Total: 20
time="2025-12-16T02:00:01Z" level=warning msg="/opt/task_feishu/prod_192.168.101.13/docker/docker-compose.yml: the attribute `version` is obsolete, it will be ignored, please remove it to avoid potential confusion"
[SUCCESS] Successfully obtained tenant_access_token, expires at Tue Dec 16 10:34:13 2025
[INFO] Fetched 95 records, total so far: 95
[SUCCESS] Finished fetching all records. Total: 95
Using cached tenant_access_token
[INFO] Fetched 20 records, total so far: 20
[SUCCESS] Finished fetching all records. Total: 20
time="2025-12-16T03:00:02Z" level=warning msg="/opt/task_feishu/prod_192.168.101.13/docker/docker-compose.yml: the attribute `version` is obsolete, it will be ignored, please remove it to avoid potential confusion"
[SUCCESS] Successfully obtained tenant_access_token, expires at Tue Dec 16 12:04:25 2025
[INFO] Fetched 96 records, total so far: 96
[SUCCESS] Finished fetching all records. Total: 96
Using cached tenant_access_token
[INFO] Fetched 20 records, total so far: 20
[SUCCESS] Finished fetching all records. Total: 20
time="2025-12-16T04:00:02Z" level=warning msg="/opt/task_feishu/prod_192.168.101.13/docker/docker-compose.yml: the attribute `version` is obsolete, it will be ignored, please remove it to avoid potential confusion"
[SUCCESS] Successfully obtained tenant_access_token, expires at Tue Dec 16 13:34:40 2025
[INFO] Fetched 96 records, total so far: 96
[SUCCESS] Finished fetching all records. Total: 96
Using cached tenant_access_token
[INFO] Fetched 20 records, total so far: 20
[SUCCESS] Finished fetching all records. Total: 20
time="2025-12-16T05:00:01Z" level=warning msg="/opt/task_feishu/prod_192.168.101.13/docker/docker-compose.yml: the attribute `version` is obsolete, it will be ignored, please remove it to avoid potential confusion"
[SUCCESS] Successfully obtained tenant_access_token, expires at Tue Dec 16 13:34:40 2025
[INFO] Fetched 96 records, total so far: 96
[SUCCESS] Finished fetching all records. Total: 96
Using cached tenant_access_token
[INFO] Fetched 20 records, total so far: 20
[SUCCESS] Finished fetching all records. Total: 20
time="2025-12-16T06:00:01Z" level=warning msg="/opt/task_feishu/prod_192.168.101.13/docker/docker-compose.yml: the attribute `version` is obsolete, it will be ignored, please remove it to avoid potential confusion"
[SUCCESS] Successfully obtained tenant_access_token, expires at Tue Dec 16 15:04:51 2025
[INFO] Fetched 96 records, total so far: 96
[SUCCESS] Finished fetching all records. Total: 96
Using cached tenant_access_token
[INFO] Fetched 20 records, total so far: 20
[SUCCESS] Finished fetching all records. Total: 20
time="2025-12-16T07:00:02Z" level=warning msg="/opt/task_feishu/prod_192.168.101.13/docker/docker-compose.yml: the attribute `version` is obsolete, it will be ignored, please remove it to avoid potential confusion"
[SUCCESS] Successfully obtained tenant_access_token, expires at Tue Dec 16 16:35:08 2025
[INFO] Fetched 96 records, total so far: 96
[SUCCESS] Finished fetching all records. Total: 96
Using cached tenant_access_token
[INFO] Fetched 20 records, total so far: 20
[SUCCESS] Finished fetching all records. Total: 20
time="2025-12-16T08:00:01Z" level=warning msg="/opt/task_feishu/prod_192.168.101.13/docker/docker-compose.yml: the attribute `version` is obsolete, it will be ignored, please remove it to avoid potential confusion"
[SUCCESS] Successfully obtained tenant_access_token, expires at Tue Dec 16 16:35:08 2025
[INFO] Fetched 96 records, total so far: 96
[SUCCESS] Finished fetching all records. Total: 96
Using cached tenant_access_token
[INFO] Fetched 20 records, total so far: 20
[SUCCESS] Finished fetching all records. Total: 20
time="2025-12-16T09:00:01Z" level=warning msg="/opt/task_feishu/prod_192.168.101.13/docker/docker-compose.yml: the attribute `version` is obsolete, it will be ignored, please remove it to avoid potential confusion"
[SUCCESS] Successfully obtained tenant_access_token, expires at Tue Dec 16 18:05:21 2025
[INFO] Fetched 96 records, total so far: 96
[SUCCESS] Finished fetching all records. Total: 96
Using cached tenant_access_token
[INFO] Fetched 20 records, total so far: 20
[SUCCESS] Finished fetching all records. Total: 20
time="2025-12-16T10:00:01Z" level=warning msg="/opt/task_feishu/prod_192.168.101.13/docker/docker-compose.yml: the attribute `version` is obsolete, it will be ignored, please remove it to avoid potential confusion"
[SUCCESS] Successfully obtained tenant_access_token, expires at Tue Dec 16 19:35:34 2025
[INFO] Fetched 96 records, total so far: 96
[SUCCESS] Finished fetching all records. Total: 96
Using cached tenant_access_token
[INFO] Fetched 20 records, total so far: 20
[SUCCESS] Finished fetching all records. Total: 20
time="2025-12-16T11:00:01Z" level=warning msg="/opt/task_feishu/prod_192.168.101.13/docker/docker-compose.yml: the attribute `version` is obsolete, it will be ignored, please remove it to avoid potential confusion"
[SUCCESS] Successfully obtained tenant_access_token, expires at Tue Dec 16 19:35:34 2025
[INFO] Fetched 96 records, total so far: 96
[SUCCESS] Finished fetching all records. Total: 96
Using cached tenant_access_token
[INFO] Fetched 20 records, total so far: 20
[SUCCESS] Finished fetching all records. Total: 20
time="2025-12-16T12:00:01Z" level=warning msg="/opt/task_feishu/prod_192.168.101.13/docker/docker-compose.yml: the attribute `version` is obsolete, it will be ignored, please remove it to avoid potential confusion"
[SUCCESS] Successfully obtained tenant_access_token, expires at Tue Dec 16 21:05:47 2025
[INFO] Fetched 96 records, total so far: 96
[SUCCESS] Finished fetching all records. Total: 96
Using cached tenant_access_token
[INFO] Fetched 20 records, total so far: 20
[SUCCESS] Finished fetching all records. Total: 20
time="2025-12-16T13:00:01Z" level=warning msg="/opt/task_feishu/prod_192.168.101.13/docker/docker-compose.yml: the attribute `version` is obsolete, it will be ignored, please remove it to avoid potential confusion"
[SUCCESS] Successfully obtained tenant_access_token, expires at Tue Dec 16 22:35:59 2025
[INFO] Fetched 96 records, total so far: 96
[SUCCESS] Finished fetching all records. Total: 96
Using cached tenant_access_token
[INFO] Fetched 20 records, total so far: 20
[SUCCESS] Finished fetching all records. Total: 20
time="2025-12-16T14:00:01Z" level=warning msg="/opt/task_feishu/prod_192.168.101.13/docker/docker-compose.yml: the attribute `version` is obsolete, it will be ignored, please remove it to avoid potential confusion"
[SUCCESS] Successfully obtained tenant_access_token, expires at Tue Dec 16 22:35:59 2025
[INFO] Fetched 96 records, total so far: 96
[SUCCESS] Finished fetching all records. Total: 96
Using cached tenant_access_token
[INFO] Fetched 20 records, total so far: 20
[SUCCESS] Finished fetching all records. Total: 20
time="2025-12-16T15:00:01Z" level=warning msg="/opt/task_feishu/prod_192.168.101.13/docker/docker-compose.yml: the attribute `version` is obsolete, it will be ignored, please remove it to avoid potential confusion"
[SUCCESS] Successfully obtained tenant_access_token, expires at Wed Dec 17 00:06:10 2025
[INFO] Fetched 97 records, total so far: 97
[SUCCESS] Finished fetching all records. Total: 97
Using cached tenant_access_token
[INFO] Fetched 20 records, total so far: 20
[SUCCESS] Finished fetching all records. Total: 20
time="2025-12-16T16:00:01Z" level=warning msg="/opt/task_feishu/prod_192.168.101.13/docker/docker-compose.yml: the attribute `version` is obsolete, it will be ignored, please remove it to avoid potential confusion"
[SUCCESS] Successfully obtained tenant_access_token, expires at Wed Dec 17 01:36:21 2025
[INFO] Fetched 97 records, total so far: 97
[SUCCESS] Finished fetching all records. Total: 97
Using cached tenant_access_token
[INFO] Fetched 20 records, total so far: 20
[SUCCESS] Finished fetching all records. Total: 20
time="2025-12-16T17:00:01Z" level=warning msg="/opt/task_feishu/prod_192.168.101.13/docker/docker-compose.yml: the attribute `version` is obsolete, it will be ignored, please remove it to avoid potential confusion"
[SUCCESS] Successfully obtained tenant_access_token, expires at Wed Dec 17 01:36:21 2025
[INFO] Fetched 98 records, total so far: 98
[SUCCESS] Finished fetching all records. Total: 98
Using cached tenant_access_token
[INFO] Fetched 20 records, total so far: 20
[SUCCESS] Finished fetching all records. Total: 20
time="2025-12-16T18:00:01Z" level=warning msg="/opt/task_feishu/prod_192.168.101.13/docker/docker-compose.yml: the attribute `version` is obsolete, it will be ignored, please remove it to avoid potential confusion"
[SUCCESS] Successfully obtained tenant_access_token, expires at Wed Dec 17 03:06:31 2025
[INFO] Fetched 98 records, total so far: 98
[SUCCESS] Finished fetching all records. Total: 98
Using cached tenant_access_token
[INFO] Fetched 20 records, total so far: 20
[SUCCESS] Finished fetching all records. Total: 20
time="2025-12-16T19:00:01Z" level=warning msg="/opt/task_feishu/prod_192.168.101.13/docker/docker-compose.yml: the attribute `version` is obsolete, it will be ignored, please remove it to avoid potential confusion"
[SUCCESS] Successfully obtained tenant_access_token, expires at Wed Dec 17 04:36:41 2025
[INFO] Fetched 98 records, total so far: 98
[SUCCESS] Finished fetching all records. Total: 98
Using cached tenant_access_token
[INFO] Fetched 20 records, total so far: 20
[SUCCESS] Finished fetching all records. Total: 20
time="2025-12-16T20:00:01Z" level=warning msg="/opt/task_feishu/prod_192.168.101.13/docker/docker-compose.yml: the attribute `version` is obsolete, it will be ignored, please remove it to avoid potential confusion"
[SUCCESS] Successfully obtained tenant_access_token, expires at Wed Dec 17 04:36:41 2025
[INFO] Fetched 98 records, total so far: 98
[SUCCESS] Finished fetching all records. Total: 98
Using cached tenant_access_token
[INFO] Fetched 20 records, total so far: 20
[SUCCESS] Finished fetching all records. Total: 20
time="2025-12-16T21:00:02Z" level=warning msg="/opt/task_feishu/prod_192.168.101.13/docker/docker-compose.yml: the attribute `version` is obsolete, it will be ignored, please remove it to avoid potential confusion"
[SUCCESS] Successfully obtained tenant_access_token, expires at Wed Dec 17 06:06:51 2025
[INFO] Fetched 98 records, total so far: 98
[SUCCESS] Finished fetching all records. Total: 98
Using cached tenant_access_token
[INFO] Fetched 20 records, total so far: 20
[SUCCESS] Finished fetching all records. Total: 20
time="2025-12-16T22:00:01Z" level=warning msg="/opt/task_feishu/prod_192.168.101.13/docker/docker-compose.yml: the attribute `version` is obsolete, it will be ignored, please remove it to avoid potential confusion"
[SUCCESS] Successfully obtained tenant_access_token, expires at Wed Dec 17 07:37:01 2025
[INFO] Fetched 98 records, total so far: 98
[SUCCESS] Finished fetching all records. Total: 98
Using cached tenant_access_token
[INFO] Fetched 20 records, total so far: 20
[SUCCESS] Finished fetching all records. Total: 20
time="2025-12-16T23:00:01Z" level=warning msg="/opt/task_feishu/prod_192.168.101.13/docker/docker-compose.yml: the attribute `version` is obsolete, it will be ignored, please remove it to avoid potential confusion"
[SUCCESS] Successfully obtained tenant_access_token, expires at Wed Dec 17 07:37:01 2025
[INFO] Fetched 98 records, total so far: 98
[SUCCESS] Finished fetching all records. Total: 98
Using cached tenant_access_token
[INFO] Fetched 20 records, total so far: 20
[SUCCESS] Finished fetching all records. Total: 20
time="2025-12-17T00:00:01Z" level=warning msg="/opt/task_feishu/prod_192.168.101.13/docker/docker-compose.yml: the attribute `version` is obsolete, it will be ignored, please remove it to avoid potential confusion"
[SUCCESS] Successfully obtained tenant_access_token, expires at Wed Dec 17 09:07:11 2025
[INFO] Fetched 98 records, total so far: 98
[SUCCESS] Finished fetching all records. Total: 98
Using cached tenant_access_token
[INFO] Fetched 20 records, total so far: 20
[SUCCESS] Finished fetching all records. Total: 20
time="2025-12-17T01:00:01Z" level=warning msg="/opt/task_feishu/prod_192.168.101.13/docker/docker-compose.yml: the attribute `version` is obsolete, it will be ignored, please remove it to avoid potential confusion"
[SUCCESS] Successfully obtained tenant_access_token, expires at Wed Dec 17 10:37:22 2025
[INFO] Fetched 98 records, total so far: 98
[SUCCESS] Finished fetching all records. Total: 98
Using cached tenant_access_token
[INFO] Fetched 20 records, total so far: 20
[SUCCESS] Finished fetching all records. Total: 20
time="2025-12-17T02:00:01Z" level=warning msg="/opt/task_feishu/prod_192.168.101.13/docker/docker-compose.yml: the attribute `version` is obsolete, it will be ignored, please remove it to avoid potential confusion"
[SUCCESS] Successfully obtained tenant_access_token, expires at Wed Dec 17 10:37:22 2025
[INFO] Fetched 98 records, total so far: 98
[SUCCESS] Finished fetching all records. Total: 98
Using cached tenant_access_token
[INFO] Fetched 21 records, total so far: 21
[SUCCESS] Finished fetching all records. Total: 21
time="2025-12-17T03:00:01Z" level=warning msg="/opt/task_feishu/prod_192.168.101.13/docker/docker-compose.yml: the attribute `version` is obsolete, it will be ignored, please remove it to avoid potential confusion"
[SUCCESS] Successfully obtained tenant_access_token, expires at Wed Dec 17 12:07:33 2025
[INFO] Fetched 99 records, total so far: 99
[SUCCESS] Finished fetching all records. Total: 99
Using cached tenant_access_token
[INFO] Fetched 21 records, total so far: 21
[SUCCESS] Finished fetching all records. Total: 21
time="2025-12-17T04:00:01Z" level=warning msg="/opt/task_feishu/prod_192.168.101.13/docker/docker-compose.yml: the attribute `version` is obsolete, it will be ignored, please remove it to avoid potential confusion"
[SUCCESS] Successfully obtained tenant_access_token, expires at Wed Dec 17 13:37:48 2025
[INFO] Fetched 99 records, total so far: 99
[SUCCESS] Finished fetching all records. Total: 99
Using cached tenant_access_token
[INFO] Fetched 21 records, total so far: 21
[SUCCESS] Finished fetching all records. Total: 21
time="2025-12-17T05:00:01Z" level=warning msg="/opt/task_feishu/prod_192.168.101.13/docker/docker-compose.yml: the attribute `version` is obsolete, it will be ignored, please remove it to avoid potential confusion"
[SUCCESS] Successfully obtained tenant_access_token, expires at Wed Dec 17 13:37:47 2025
[INFO] Fetched 99 records, total so far: 99
[SUCCESS] Finished fetching all records. Total: 99
Using cached tenant_access_token
[INFO] Fetched 21 records, total so far: 21
[SUCCESS] Finished fetching all records. Total: 21
time="2025-12-17T06:00:01Z" level=warning msg="/opt/task_feishu/prod_192.168.101.13/docker/docker-compose.yml: the attribute `version` is obsolete, it will be ignored, please remove it to avoid potential confusion"
[SUCCESS] Successfully obtained tenant_access_token, expires at Wed Dec 17 15:07:58 2025
[INFO] Fetched 99 records, total so far: 99
[SUCCESS] Finished fetching all records. Total: 99
Using cached tenant_access_token
[INFO] Fetched 21 records, total so far: 21
[SUCCESS] Finished fetching all records. Total: 21
time="2025-12-17T07:00:02Z" level=warning msg="/opt/task_feishu/prod_192.168.101.13/docker/docker-compose.yml: the attribute `version` is obsolete, it will be ignored, please remove it to avoid potential confusion"
[SUCCESS] Successfully obtained tenant_access_token, expires at Wed Dec 17 16:38:10 2025
[INFO] Fetched 99 records, total so far: 99
[SUCCESS] Finished fetching all records. Total: 99
Using cached tenant_access_token
[INFO] Fetched 21 records, total so far: 21
[SUCCESS] Finished fetching all records. Total: 21
time="2025-12-17T08:00:01Z" level=warning msg="/opt/task_feishu/prod_192.168.101.13/docker/docker-compose.yml: the attribute `version` is obsolete, it will be ignored, please remove it to avoid potential confusion"
[SUCCESS] Successfully obtained tenant_access_token, expires at Wed Dec 17 16:38:10 2025
[INFO] Fetched 99 records, total so far: 99
[SUCCESS] Finished fetching all records. Total: 99
Using cached tenant_access_token
[INFO] Fetched 21 records, total so far: 21
[SUCCESS] Finished fetching all records. Total: 21
time="2025-12-17T09:00:01Z" level=warning msg="/opt/task_feishu/prod_192.168.101.13/docker/docker-compose.yml: the attribute `version` is obsolete, it will be ignored, please remove it to avoid potential confusion"
[SUCCESS] Successfully obtained tenant_access_token, expires at Wed Dec 17 18:08:24 2025
[INFO] Fetched 99 records, total so far: 99
[SUCCESS] Finished fetching all records. Total: 99
Using cached tenant_access_token
[INFO] Fetched 21 records, total so far: 21
[SUCCESS] Finished fetching all records. Total: 21
time="2025-12-17T10:00:02Z" level=warning msg="/opt/task_feishu/prod_192.168.101.13/docker/docker-compose.yml: the attribute `version` is obsolete, it will be ignored, please remove it to avoid potential confusion"
[SUCCESS] Successfully obtained tenant_access_token, expires at Wed Dec 17 19:38:38 2025
[INFO] Fetched 99 records, total so far: 99
[SUCCESS] Finished fetching all records. Total: 99
Using cached tenant_access_token
[INFO] Fetched 21 records, total so far: 21
[SUCCESS] Finished fetching all records. Total: 21
time="2025-12-17T11:00:01Z" level=warning msg="/opt/task_feishu/prod_192.168.101.13/docker/docker-compose.yml: the attribute `version` is obsolete, it will be ignored, please remove it to avoid potential confusion"
[SUCCESS] Successfully obtained tenant_access_token, expires at Wed Dec 17 19:38:38 2025
[INFO] Fetched 99 records, total so far: 99
[SUCCESS] Finished fetching all records. Total: 99
Using cached tenant_access_token
[INFO] Fetched 21 records, total so far: 21
[SUCCESS] Finished fetching all records. Total: 21
time="2025-12-17T12:00:01Z" level=warning msg="/opt/task_feishu/prod_192.168.101.13/docker/docker-compose.yml: the attribute `version` is obsolete, it will be ignored, please remove it to avoid potential confusion"
[SUCCESS] Successfully obtained tenant_access_token, expires at Wed Dec 17 21:08:50 2025
[INFO] Fetched 99 records, total so far: 99
[SUCCESS] Finished fetching all records. Total: 99
Using cached tenant_access_token
[INFO] Fetched 21 records, total so far: 21
[SUCCESS] Finished fetching all records. Total: 21
time="2025-12-17T13:00:01Z" level=warning msg="/opt/task_feishu/prod_192.168.101.13/docker/docker-compose.yml: the attribute `version` is obsolete, it will be ignored, please remove it to avoid potential confusion"
[SUCCESS] Successfully obtained tenant_access_token, expires at Wed Dec 17 22:39:01 2025
[INFO] Fetched 99 records, total so far: 99
[SUCCESS] Finished fetching all records. Total: 99
Using cached tenant_access_token
[INFO] Fetched 21 records, total so far: 21
[SUCCESS] Finished fetching all records. Total: 21
time="2025-12-17T14:00:01Z" level=warning msg="/opt/task_feishu/prod_192.168.101.13/docker/docker-compose.yml: the attribute `version` is obsolete, it will be ignored, please remove it to avoid potential confusion"
[SUCCESS] Successfully obtained tenant_access_token, expires at Wed Dec 17 22:39:01 2025
[INFO] Fetched 99 records, total so far: 99
[SUCCESS] Finished fetching all records. Total: 99
Using cached tenant_access_token
[INFO] Fetched 21 records, total so far: 21
[SUCCESS] Finished fetching all records. Total: 21
time="2025-12-17T15:00:01Z" level=warning msg="/opt/task_feishu/prod_192.168.101.13/docker/docker-compose.yml: the attribute `version` is obsolete, it will be ignored, please remove it to avoid potential confusion"
[SUCCESS] Successfully obtained tenant_access_token, expires at Thu Dec 18 00:09:13 2025
[INFO] Fetched 99 records, total so far: 99
[SUCCESS] Finished fetching all records. Total: 99
Using cached tenant_access_token
[INFO] Fetched 21 records, total so far: 21
[SUCCESS] Finished fetching all records. Total: 21
time="2025-12-17T16:00:01Z" level=warning msg="/opt/task_feishu/prod_192.168.101.13/docker/docker-compose.yml: the attribute `version` is obsolete, it will be ignored, please remove it to avoid potential confusion"
[SUCCESS] Successfully obtained tenant_access_token, expires at Thu Dec 18 01:39:24 2025
[INFO] Fetched 99 records, total so far: 99
[SUCCESS] Finished fetching all records. Total: 99
Using cached tenant_access_token
[INFO] Fetched 21 records, total so far: 21
[SUCCESS] Finished fetching all records. Total: 21
time="2025-12-17T17:00:02Z" level=warning msg="/opt/task_feishu/prod_192.168.101.13/docker/docker-compose.yml: the attribute `version` is obsolete, it will be ignored, please remove it to avoid potential confusion"
[SUCCESS] Successfully obtained tenant_access_token, expires at Thu Dec 18 01:39:24 2025
[INFO] Fetched 99 records, total so far: 99
[SUCCESS] Finished fetching all records. Total: 99
Using cached tenant_access_token
[INFO] Fetched 21 records, total so far: 21
[SUCCESS] Finished fetching all records. Total: 21
time="2025-12-17T18:00:01Z" level=warning msg="/opt/task_feishu/prod_192.168.101.13/docker/docker-compose.yml: the attribute `version` is obsolete, it will be ignored, please remove it to avoid potential confusion"
[SUCCESS] Successfully obtained tenant_access_token, expires at Thu Dec 18 03:09:34 2025
[INFO] Fetched 99 records, total so far: 99
[SUCCESS] Finished fetching all records. Total: 99
Using cached tenant_access_token
[INFO] Fetched 21 records, total so far: 21
[SUCCESS] Finished fetching all records. Total: 21
time="2025-12-17T19:00:01Z" level=warning msg="/opt/task_feishu/prod_192.168.101.13/docker/docker-compose.yml: the attribute `version` is obsolete, it will be ignored, please remove it to avoid potential confusion"
[SUCCESS] Successfully obtained tenant_access_token, expires at Thu Dec 18 04:39:44 2025
[INFO] Fetched 99 records, total so far: 99
[SUCCESS] Finished fetching all records. Total: 99
Using cached tenant_access_token
[INFO] Fetched 21 records, total so far: 21
[SUCCESS] Finished fetching all records. Total: 21
time="2025-12-17T20:00:02Z" level=warning msg="/opt/task_feishu/prod_192.168.101.13/docker/docker-compose.yml: the attribute `version` is obsolete, it will be ignored, please remove it to avoid potential confusion"
[SUCCESS] Successfully obtained tenant_access_token, expires at Thu Dec 18 04:39:44 2025
[INFO] Fetched 99 records, total so far: 99
[SUCCESS] Finished fetching all records. Total: 99
Using cached tenant_access_token
[INFO] Fetched 21 records, total so far: 21
[SUCCESS] Finished fetching all records. Total: 21
time="2025-12-17T21:00:01Z" level=warning msg="/opt/task_feishu/prod_192.168.101.13/docker/docker-compose.yml: the attribute `version` is obsolete, it will be ignored, please remove it to avoid potential confusion"
[SUCCESS] Successfully obtained tenant_access_token, expires at Thu Dec 18 06:09:54 2025
[INFO] Fetched 99 records, total so far: 99
[SUCCESS] Finished fetching all records. Total: 99
Using cached tenant_access_token
[INFO] Fetched 21 records, total so far: 21
[SUCCESS] Finished fetching all records. Total: 21
time="2025-12-17T22:00:01Z" level=warning msg="/opt/task_feishu/prod_192.168.101.13/docker/docker-compose.yml: the attribute `version` is obsolete, it will be ignored, please remove it to avoid potential confusion"
[SUCCESS] Successfully obtained tenant_access_token, expires at Thu Dec 18 07:40:04 2025
[INFO] Fetched 99 records, total so far: 99
[SUCCESS] Finished fetching all records. Total: 99
Using cached tenant_access_token
[INFO] Fetched 21 records, total so far: 21
[SUCCESS] Finished fetching all records. Total: 21
time="2025-12-17T23:00:01Z" level=warning msg="/opt/task_feishu/prod_192.168.101.13/docker/docker-compose.yml: the attribute `version` is obsolete, it will be ignored, please remove it to avoid potential confusion"
[SUCCESS] Successfully obtained tenant_access_token, expires at Thu Dec 18 07:40:04 2025
[INFO] Fetched 99 records, total so far: 99
[SUCCESS] Finished fetching all records. Total: 99
Using cached tenant_access_token
[INFO] Fetched 21 records, total so far: 21
[SUCCESS] Finished fetching all records. Total: 21
time="2025-12-18T00:00:01Z" level=warning msg="/opt/task_feishu/prod_192.168.101.13/docker/docker-compose.yml: the attribute `version` is obsolete, it will be ignored, please remove it to avoid potential confusion"
[SUCCESS] Successfully obtained tenant_access_token, expires at Thu Dec 18 09:10:14 2025
[INFO] Fetched 99 records, total so far: 99
[SUCCESS] Finished fetching all records. Total: 99
Using cached tenant_access_token
[INFO] Fetched 21 records, total so far: 21
[SUCCESS] Finished fetching all records. Total: 21
time="2025-12-18T01:00:01Z" level=warning msg="/opt/task_feishu/prod_192.168.101.13/docker/docker-compose.yml: the attribute `version` is obsolete, it will be ignored, please remove it to avoid potential confusion"
[SUCCESS] Successfully obtained tenant_access_token, expires at Thu Dec 18 10:40:24 2025
[INFO] Fetched 99 records, total so far: 99
[SUCCESS] Finished fetching all records. Total: 99
Using cached tenant_access_token
[INFO] Fetched 21 records, total so far: 21
[SUCCESS] Finished fetching all records. Total: 21
time="2025-12-18T02:00:01Z" level=warning msg="/opt/task_feishu/prod_192.168.101.13/docker/docker-compose.yml: the attribute `version` is obsolete, it will be ignored, please remove it to avoid potential confusion"
[SUCCESS] Successfully obtained tenant_access_token, expires at Thu Dec 18 10:40:24 2025
[INFO] Fetched 99 records, total so far: 99
[SUCCESS] Finished fetching all records. Total: 99
Using cached tenant_access_token
[INFO] Fetched 21 records, total so far: 21
[SUCCESS] Finished fetching all records. Total: 21
time="2025-12-18T03:00:02Z" level=warning msg="/opt/task_feishu/prod_192.168.101.13/docker/docker-compose.yml: the attribute `version` is obsolete, it will be ignored, please remove it to avoid potential confusion"
[SUCCESS] Successfully obtained tenant_access_token, expires at Thu Dec 18 12:10:36 2025
[INFO] Fetched 99 records, total so far: 99
[SUCCESS] Finished fetching all records. Total: 99
Using cached tenant_access_token
[INFO] Fetched 21 records, total so far: 21
[SUCCESS] Finished fetching all records. Total: 21
time="2025-12-18T04:00:01Z" level=warning msg="/opt/task_feishu/prod_192.168.101.13/docker/docker-compose.yml: the attribute `version` is obsolete, it will be ignored, please remove it to avoid potential confusion"
[SUCCESS] Successfully obtained tenant_access_token, expires at Thu Dec 18 13:40:49 2025
[INFO] Fetched 99 records, total so far: 99
[SUCCESS] Finished fetching all records. Total: 99
Using cached tenant_access_token
[INFO] Fetched 21 records, total so far: 21
[SUCCESS] Finished fetching all records. Total: 21
time="2025-12-18T05:00:01Z" level=warning msg="/opt/task_feishu/prod_192.168.101.13/docker/docker-compose.yml: the attribute `version` is obsolete, it will be ignored, please remove it to avoid potential confusion"
[SUCCESS] Successfully obtained tenant_access_token, expires at Thu Dec 18 13:40:49 2025
[INFO] Fetched 99 records, total so far: 99
[SUCCESS] Finished fetching all records. Total: 99
Using cached tenant_access_token
[INFO] Fetched 21 records, total so far: 21
[SUCCESS] Finished fetching all records. Total: 21
time="2025-12-18T06:00:01Z" level=warning msg="/opt/task_feishu/prod_192.168.101.13/docker/docker-compose.yml: the attribute `version` is obsolete, it will be ignored, please remove it to avoid potential confusion"
[SUCCESS] Successfully obtained tenant_access_token, expires at Thu Dec 18 15:11:00 2025
[INFO] Fetched 99 records, total so far: 99
[SUCCESS] Finished fetching all records. Total: 99
Using cached tenant_access_token
[INFO] Fetched 21 records, total so far: 21
[SUCCESS] Finished fetching all records. Total: 21
time="2025-12-18T07:00:01Z" level=warning msg="/opt/task_feishu/prod_192.168.101.13/docker/docker-compose.yml: the attribute `version` is obsolete, it will be ignored, please remove it to avoid potential confusion"
[SUCCESS] Successfully obtained tenant_access_token, expires at Thu Dec 18 16:41:15 2025
[INFO] Fetched 99 records, total so far: 99
[SUCCESS] Finished fetching all records. Total: 99
Using cached tenant_access_token
[INFO] Fetched 21 records, total so far: 21
[SUCCESS] Finished fetching all records. Total: 21
time="2025-12-18T08:00:01Z" level=warning msg="/opt/task_feishu/prod_192.168.101.13/docker/docker-compose.yml: the attribute `version` is obsolete, it will be ignored, please remove it to avoid potential confusion"
[SUCCESS] Successfully obtained tenant_access_token, expires at Thu Dec 18 16:41:15 2025
[INFO] Fetched 99 records, total so far: 99
[SUCCESS] Finished fetching all records. Total: 99
Using cached tenant_access_token
[INFO] Fetched 21 records, total so far: 21
[SUCCESS] Finished fetching all records. Total: 21
time="2025-12-18T09:00:01Z" level=warning msg="/opt/task_feishu/prod_192.168.101.13/docker/docker-compose.yml: the attribute `version` is obsolete, it will be ignored, please remove it to avoid potential confusion"
[SUCCESS] Successfully obtained tenant_access_token, expires at Thu Dec 18 18:11:27 2025
[INFO] Fetched 99 records, total so far: 99
[SUCCESS] Finished fetching all records. Total: 99
Using cached tenant_access_token
[INFO] Fetched 21 records, total so far: 21
[SUCCESS] Finished fetching all records. Total: 21
time="2025-12-18T10:00:01Z" level=warning msg="/opt/task_feishu/prod_192.168.101.13/docker/docker-compose.yml: the attribute `version` is obsolete, it will be ignored, please remove it to avoid potential confusion"
[SUCCESS] Successfully obtained tenant_access_token, expires at Thu Dec 18 19:41:40 2025
[INFO] Fetched 99 records, total so far: 99
[SUCCESS] Finished fetching all records. Total: 99
Using cached tenant_access_token
[INFO] Fetched 21 records, total so far: 21
[SUCCESS] Finished fetching all records. Total: 21
time="2025-12-18T11:00:01Z" level=warning msg="/opt/task_feishu/prod_192.168.101.13/docker/docker-compose.yml: the attribute `version` is obsolete, it will be ignored, please remove it to avoid potential confusion"
[SUCCESS] Successfully obtained tenant_access_token, expires at Thu Dec 18 19:41:40 2025
[INFO] Fetched 99 records, total so far: 99
[SUCCESS] Finished fetching all records. Total: 99
Using cached tenant_access_token
[INFO] Fetched 21 records, total so far: 21
[SUCCESS] Finished fetching all records. Total: 21
time="2025-12-18T12:00:01Z" level=warning msg="/opt/task_feishu/prod_192.168.101.13/docker/docker-compose.yml: the attribute `version` is obsolete, it will be ignored, please remove it to avoid potential confusion"
[SUCCESS] Successfully obtained tenant_access_token, expires at Thu Dec 18 21:11:58 2025
[INFO] Fetched 99 records, total so far: 99
[SUCCESS] Finished fetching all records. Total: 99
Using cached tenant_access_token
[INFO] Fetched 21 records, total so far: 21
[SUCCESS] Finished fetching all records. Total: 21
time="2025-12-18T13:00:01Z" level=warning msg="/opt/task_feishu/prod_192.168.101.13/docker/docker-compose.yml: the attribute `version` is obsolete, it will be ignored, please remove it to avoid potential confusion"
[SUCCESS] Successfully obtained tenant_access_token, expires at Thu Dec 18 22:42:40 2025
[INFO] Fetched 99 records, total so far: 99
[SUCCESS] Finished fetching all records. Total: 99
Using cached tenant_access_token
[INFO] Fetched 21 records, total so far: 21
[SUCCESS] Finished fetching all records. Total: 21
time="2025-12-18T14:00:02Z" level=warning msg="/opt/task_feishu/prod_192.168.101.13/docker/docker-compose.yml: the attribute `version` is obsolete, it will be ignored, please remove it to avoid potential confusion"
[SUCCESS] Successfully obtained tenant_access_token, expires at Thu Dec 18 22:42:40 2025
[INFO] Fetched 99 records, total so far: 99
[SUCCESS] Finished fetching all records. Total: 99
Using cached tenant_access_token
[INFO] Fetched 21 records, total so far: 21
[SUCCESS] Finished fetching all records. Total: 21
time="2025-12-18T15:00:01Z" level=warning msg="/opt/task_feishu/prod_192.168.101.13/docker/docker-compose.yml: the attribute `version` is obsolete, it will be ignored, please remove it to avoid potential confusion"
[SUCCESS] Successfully obtained tenant_access_token, expires at Fri Dec 19 00:12:52 2025
[INFO] Fetched 99 records, total so far: 99
[SUCCESS] Finished fetching all records. Total: 99
Using cached tenant_access_token
[INFO] Fetched 21 records, total so far: 21
[SUCCESS] Finished fetching all records. Total: 21
time="2025-12-18T16:00:01Z" level=warning msg="/opt/task_feishu/prod_192.168.101.13/docker/docker-compose.yml: the attribute `version` is obsolete, it will be ignored, please remove it to avoid potential confusion"
[SUCCESS] Successfully obtained tenant_access_token, expires at Fri Dec 19 01:43:03 2025
[INFO] Fetched 99 records, total so far: 99
[SUCCESS] Finished fetching all records. Total: 99
Using cached tenant_access_token
[INFO] Fetched 21 records, total so far: 21
[SUCCESS] Finished fetching all records. Total: 21
time="2025-12-18T17:00:01Z" level=warning msg="/opt/task_feishu/prod_192.168.101.13/docker/docker-compose.yml: the attribute `version` is obsolete, it will be ignored, please remove it to avoid potential confusion"
[SUCCESS] Successfully obtained tenant_access_token, expires at Fri Dec 19 01:43:03 2025
[INFO] Fetched 99 records, total so far: 99
[SUCCESS] Finished fetching all records. Total: 99
Using cached tenant_access_token
[INFO] Fetched 21 records, total so far: 21
[SUCCESS] Finished fetching all records. Total: 21
time="2025-12-18T18:00:02Z" level=warning msg="/opt/task_feishu/prod_192.168.101.13/docker/docker-compose.yml: the attribute `version` is obsolete, it will be ignored, please remove it to avoid potential confusion"
[SUCCESS] Successfully obtained tenant_access_token, expires at Fri Dec 19 03:13:14 2025
[INFO] Fetched 100 records, total so far: 100
[SUCCESS] Finished fetching all records. Total: 100
Using cached tenant_access_token
[INFO] Fetched 21 records, total so far: 21
[SUCCESS] Finished fetching all records. Total: 21
time="2025-12-18T19:00:01Z" level=warning msg="/opt/task_feishu/prod_192.168.101.13/docker/docker-compose.yml: the attribute `version` is obsolete, it will be ignored, please remove it to avoid potential confusion"
[SUCCESS] Successfully obtained tenant_access_token, expires at Fri Dec 19 04:43:24 2025
[INFO] Fetched 100 records, total so far: 100
[SUCCESS] Finished fetching all records. Total: 100
Using cached tenant_access_token
[INFO] Fetched 21 records, total so far: 21
[SUCCESS] Finished fetching all records. Total: 21
time="2025-12-18T20:00:02Z" level=warning msg="/opt/task_feishu/prod_192.168.101.13/docker/docker-compose.yml: the attribute `version` is obsolete, it will be ignored, please remove it to avoid potential confusion"
[SUCCESS] Successfully obtained tenant_access_token, expires at Fri Dec 19 04:43:24 2025
[INFO] Fetched 100 records, total so far: 100
[SUCCESS] Finished fetching all records. Total: 100
Using cached tenant_access_token
[INFO] Fetched 21 records, total so far: 21
[SUCCESS] Finished fetching all records. Total: 21
time="2025-12-18T21:00:01Z" level=warning msg="/opt/task_feishu/prod_192.168.101.13/docker/docker-compose.yml: the attribute `version` is obsolete, it will be ignored, please remove it to avoid potential confusion"
[SUCCESS] Successfully obtained tenant_access_token, expires at Fri Dec 19 06:13:34 2025
[INFO] Fetched 100 records, total so far: 100
[SUCCESS] Finished fetching all records. Total: 100
Using cached tenant_access_token
[INFO] Fetched 21 records, total so far: 21
[SUCCESS] Finished fetching all records. Total: 21
time="2025-12-18T22:00:02Z" level=warning msg="/opt/task_feishu/prod_192.168.101.13/docker/docker-compose.yml: the attribute `version` is obsolete, it will be ignored, please remove it to avoid potential confusion"
[SUCCESS] Successfully obtained tenant_access_token, expires at Fri Dec 19 07:43:44 2025
[INFO] Fetched 100 records, total so far: 100
[SUCCESS] Finished fetching all records. Total: 100
Using cached tenant_access_token
[INFO] Fetched 21 records, total so far: 21
[SUCCESS] Finished fetching all records. Total: 21
time="2025-12-18T23:00:01Z" level=warning msg="/opt/task_feishu/prod_192.168.101.13/docker/docker-compose.yml: the attribute `version` is obsolete, it will be ignored, please remove it to avoid potential confusion"
[SUCCESS] Successfully obtained tenant_access_token, expires at Fri Dec 19 07:43:44 2025
[INFO] Fetched 100 records, total so far: 100
[SUCCESS] Finished fetching all records. Total: 100
Using cached tenant_access_token
[INFO] Fetched 21 records, total so far: 21
[SUCCESS] Finished fetching all records. Total: 21
time="2025-12-19T00:00:01Z" level=warning msg="/opt/task_feishu/prod_192.168.101.13/docker/docker-compose.yml: the attribute `version` is obsolete, it will be ignored, please remove it to avoid potential confusion"
[SUCCESS] Successfully obtained tenant_access_token, expires at Fri Dec 19 09:13:54 2025
[INFO] Fetched 100 records, total so far: 100
[SUCCESS] Finished fetching all records. Total: 100
Using cached tenant_access_token
[INFO] Fetched 21 records, total so far: 21
[SUCCESS] Finished fetching all records. Total: 21
time="2025-12-19T01:00:02Z" level=warning msg="/opt/task_feishu/prod_192.168.101.13/docker/docker-compose.yml: the attribute `version` is obsolete, it will be ignored, please remove it to avoid potential confusion"
[SUCCESS] Successfully obtained tenant_access_token, expires at Fri Dec 19 10:44:05 2025
[INFO] Fetched 100 records, total so far: 100
[SUCCESS] Finished fetching all records. Total: 100
Using cached tenant_access_token
[INFO] Fetched 21 records, total so far: 21
[SUCCESS] Finished fetching all records. Total: 21
time="2025-12-19T02:00:01Z" level=warning msg="/opt/task_feishu/prod_192.168.101.13/docker/docker-compose.yml: the attribute `version` is obsolete, it will be ignored, please remove it to avoid potential confusion"
[SUCCESS] Successfully obtained tenant_access_token, expires at Fri Dec 19 10:44:05 2025
[INFO] Fetched 100 records, total so far: 100
[SUCCESS] Finished fetching all records. Total: 100
Using cached tenant_access_token
[INFO] Fetched 21 records, total so far: 21
[SUCCESS] Finished fetching all records. Total: 21
time="2025-12-19T03:00:03Z" level=warning msg="/opt/task_feishu/prod_192.168.101.13/docker/docker-compose.yml: the attribute `version` is obsolete, it will be ignored, please remove it to avoid potential confusion"
[SUCCESS] Successfully obtained tenant_access_token, expires at Fri Dec 19 12:14:44 2025
[INFO] Fetched 100 records, total so far: 100
[SUCCESS] Finished fetching all records. Total: 100
Using cached tenant_access_token
[INFO] Fetched 21 records, total so far: 21
[SUCCESS] Finished fetching all records. Total: 21
time="2025-12-19T04:00:01Z" level=warning msg="/opt/task_feishu/prod_192.168.101.13/docker/docker-compose.yml: the attribute `version` is obsolete, it will be ignored, please remove it to avoid potential confusion"
[SUCCESS] Successfully obtained tenant_access_token, expires at Fri Dec 19 13:44:57 2025
[INFO] Fetched 100 records, total so far: 100
[SUCCESS] Finished fetching all records. Total: 100
Using cached tenant_access_token
[INFO] Fetched 21 records, total so far: 21
[SUCCESS] Finished fetching all records. Total: 21
time="2025-12-19T05:00:02Z" level=warning msg="/opt/task_feishu/prod_192.168.101.13/docker/docker-compose.yml: the attribute `version` is obsolete, it will be ignored, please remove it to avoid potential confusion"
[SUCCESS] Successfully obtained tenant_access_token, expires at Fri Dec 19 13:44:57 2025
[INFO] Fetched 100 records, total so far: 100
[SUCCESS] Finished fetching all records. Total: 100
Using cached tenant_access_token
[INFO] Fetched 21 records, total so far: 21
[SUCCESS] Finished fetching all records. Total: 21
time="2025-12-19T06:00:01Z" level=warning msg="/opt/task_feishu/prod_192.168.101.13/docker/docker-compose.yml: the attribute `version` is obsolete, it will be ignored, please remove it to avoid potential confusion"
[SUCCESS] Successfully obtained tenant_access_token, expires at Fri Dec 19 15:15:10 2025
[INFO] Fetched 100 records, total so far: 100
[SUCCESS] Finished fetching all records. Total: 100
Using cached tenant_access_token
[INFO] Fetched 21 records, total so far: 21
[SUCCESS] Finished fetching all records. Total: 21
time="2025-12-19T07:00:02Z" level=warning msg="/opt/task_feishu/prod_192.168.101.13/docker/docker-compose.yml: the attribute `version` is obsolete, it will be ignored, please remove it to avoid potential confusion"
[SUCCESS] Successfully obtained tenant_access_token, expires at Fri Dec 19 16:45:22 2025
[INFO] Fetched 100 records, total so far: 100
[SUCCESS] Finished fetching all records. Total: 100
Using cached tenant_access_token
[INFO] Fetched 21 records, total so far: 21
[SUCCESS] Finished fetching all records. Total: 21
time="2025-12-19T08:00:01Z" level=warning msg="/opt/task_feishu/prod_192.168.101.13/docker/docker-compose.yml: the attribute `version` is obsolete, it will be ignored, please remove it to avoid potential confusion"
[SUCCESS] Successfully obtained tenant_access_token, expires at Fri Dec 19 16:45:22 2025
[INFO] Fetched 100 records, total so far: 100
[SUCCESS] Finished fetching all records. Total: 100
Using cached tenant_access_token
[INFO] Fetched 21 records, total so far: 21
[SUCCESS] Finished fetching all records. Total: 21
time="2025-12-19T09:00:01Z" level=warning msg="/opt/task_feishu/prod_192.168.101.13/docker/docker-compose.yml: the attribute `version` is obsolete, it will be ignored, please remove it to avoid potential confusion"
[SUCCESS] Successfully obtained tenant_access_token, expires at Fri Dec 19 18:15:34 2025
[INFO] Fetched 100 records, total so far: 100
[SUCCESS] Finished fetching all records. Total: 100
Using cached tenant_access_token
[INFO] Fetched 21 records, total so far: 21
[SUCCESS] Finished fetching all records. Total: 21
time="2025-12-19T10:00:01Z" level=warning msg="/opt/task_feishu/prod_192.168.101.13/docker/docker-compose.yml: the attribute `version` is obsolete, it will be ignored, please remove it to avoid potential confusion"
[SUCCESS] Successfully obtained tenant_access_token, expires at Fri Dec 19 19:45:47 2025
[INFO] Fetched 100 records, total so far: 100
[SUCCESS] Finished fetching all records. Total: 100
Using cached tenant_access_token
[INFO] Fetched 21 records, total so far: 21
[SUCCESS] Finished fetching all records. Total: 21
time="2025-12-19T11:00:01Z" level=warning msg="/opt/task_feishu/prod_192.168.101.13/docker/docker-compose.yml: the attribute `version` is obsolete, it will be ignored, please remove it to avoid potential confusion"
[SUCCESS] Successfully obtained tenant_access_token, expires at Fri Dec 19 19:45:47 2025
[INFO] Fetched 100 records, total so far: 100
[SUCCESS] Finished fetching all records. Total: 100
Using cached tenant_access_token
[INFO] Fetched 21 records, total so far: 21
[SUCCESS] Finished fetching all records. Total: 21
time="2025-12-19T12:00:01Z" level=warning msg="/opt/task_feishu/prod_192.168.101.13/docker/docker-compose.yml: the attribute `version` is obsolete, it will be ignored, please remove it to avoid potential confusion"
[SUCCESS] Successfully obtained tenant_access_token, expires at Fri Dec 19 21:15:59 2025
[INFO] Fetched 100 records, total so far: 100
[SUCCESS] Finished fetching all records. Total: 100
Using cached tenant_access_token
[INFO] Fetched 21 records, total so far: 21
[SUCCESS] Finished fetching all records. Total: 21
time="2025-12-19T13:00:02Z" level=warning msg="/opt/task_feishu/prod_192.168.101.13/docker/docker-compose.yml: the attribute `version` is obsolete, it will be ignored, please remove it to avoid potential confusion"
[SUCCESS] Successfully obtained tenant_access_token, expires at Fri Dec 19 22:46:11 2025
[INFO] Fetched 100 records, total so far: 100
[SUCCESS] Finished fetching all records. Total: 100
Using cached tenant_access_token
[INFO] Fetched 21 records, total so far: 21
[SUCCESS] Finished fetching all records. Total: 21
time="2025-12-19T14:00:01Z" level=warning msg="/opt/task_feishu/prod_192.168.101.13/docker/docker-compose.yml: the attribute `version` is obsolete, it will be ignored, please remove it to avoid potential confusion"
[SUCCESS] Successfully obtained tenant_access_token, expires at Fri Dec 19 22:46:11 2025
[INFO] Fetched 100 records, total so far: 100
[SUCCESS] Finished fetching all records. Total: 100
Using cached tenant_access_token
[INFO] Fetched 21 records, total so far: 21
[SUCCESS] Finished fetching all records. Total: 21
time="2025-12-19T15:00:01Z" level=warning msg="/opt/task_feishu/prod_192.168.101.13/docker/docker-compose.yml: the attribute `version` is obsolete, it will be ignored, please remove it to avoid potential confusion"
[SUCCESS] Successfully obtained tenant_access_token, expires at Sat Dec 20 00:16:39 2025
[INFO] Fetched 100 records, total so far: 100
[SUCCESS] Finished fetching all records. Total: 100
Using cached tenant_access_token
[INFO] Fetched 21 records, total so far: 21
[SUCCESS] Finished fetching all records. Total: 21
time="2025-12-19T16:00:01Z" level=warning msg="/opt/task_feishu/prod_192.168.101.13/docker/docker-compose.yml: the attribute `version` is obsolete, it will be ignored, please remove it to avoid potential confusion"
[SUCCESS] Successfully obtained tenant_access_token, expires at Sat Dec 20 01:46:51 2025
[INFO] Fetched 100 records, total so far: 100
[SUCCESS] Finished fetching all records. Total: 100
Using cached tenant_access_token
[INFO] Fetched 21 records, total so far: 21
[SUCCESS] Finished fetching all records. Total: 21
time="2025-12-19T17:00:01Z" level=warning msg="/opt/task_feishu/prod_192.168.101.13/docker/docker-compose.yml: the attribute `version` is obsolete, it will be ignored, please remove it to avoid potential confusion"
[SUCCESS] Successfully obtained tenant_access_token, expires at Sat Dec 20 01:46:51 2025
[INFO] Fetched 100 records, total so far: 100
[SUCCESS] Finished fetching all records. Total: 100
Using cached tenant_access_token
[INFO] Fetched 21 records, total so far: 21
[SUCCESS] Finished fetching all records. Total: 21
time="2025-12-19T18:00:01Z" level=warning msg="/opt/task_feishu/prod_192.168.101.13/docker/docker-compose.yml: the attribute `version` is obsolete, it will be ignored, please remove it to avoid potential confusion"
[SUCCESS] Successfully obtained tenant_access_token, expires at Sat Dec 20 03:17:01 2025
[INFO] Fetched 100 records, total so far: 100
[SUCCESS] Finished fetching all records. Total: 100
Using cached tenant_access_token
[INFO] Fetched 21 records, total so far: 21
[SUCCESS] Finished fetching all records. Total: 21
time="2025-12-19T19:00:01Z" level=warning msg="/opt/task_feishu/prod_192.168.101.13/docker/docker-compose.yml: the attribute `version` is obsolete, it will be ignored, please remove it to avoid potential confusion"
[SUCCESS] Successfully obtained tenant_access_token, expires at Sat Dec 20 04:47:12 2025
[INFO] Fetched 100 records, total so far: 100
[SUCCESS] Finished fetching all records. Total: 100
Using cached tenant_access_token
[INFO] Fetched 21 records, total so far: 21
[SUCCESS] Finished fetching all records. Total: 21
time="2025-12-19T20:00:01Z" level=warning msg="/opt/task_feishu/prod_192.168.101.13/docker/docker-compose.yml: the attribute `version` is obsolete, it will be ignored, please remove it to avoid potential confusion"
[SUCCESS] Successfully obtained tenant_access_token, expires at Sat Dec 20 04:47:12 2025
[INFO] Fetched 100 records, total so far: 100
[SUCCESS] Finished fetching all records. Total: 100
Using cached tenant_access_token
[INFO] Fetched 21 records, total so far: 21
[SUCCESS] Finished fetching all records. Total: 21
time="2025-12-19T21:00:01Z" level=warning msg="/opt/task_feishu/prod_192.168.101.13/docker/docker-compose.yml: the attribute `version` is obsolete, it will be ignored, please remove it to avoid potential confusion"
[SUCCESS] Successfully obtained tenant_access_token, expires at Sat Dec 20 06:17:22 2025
[INFO] Fetched 100 records, total so far: 100
[SUCCESS] Finished fetching all records. Total: 100
Using cached tenant_access_token
[INFO] Fetched 21 records, total so far: 21
[SUCCESS] Finished fetching all records. Total: 21
time="2025-12-19T22:00:01Z" level=warning msg="/opt/task_feishu/prod_192.168.101.13/docker/docker-compose.yml: the attribute `version` is obsolete, it will be ignored, please remove it to avoid potential confusion"
[SUCCESS] Successfully obtained tenant_access_token, expires at Sat Dec 20 07:47:32 2025
[INFO] Fetched 100 records, total so far: 100
[SUCCESS] Finished fetching all records. Total: 100
Using cached tenant_access_token
[INFO] Fetched 21 records, total so far: 21
[SUCCESS] Finished fetching all records. Total: 21
time="2025-12-19T23:00:01Z" level=warning msg="/opt/task_feishu/prod_192.168.101.13/docker/docker-compose.yml: the attribute `version` is obsolete, it will be ignored, please remove it to avoid potential confusion"
[SUCCESS] Successfully obtained tenant_access_token, expires at Sat Dec 20 07:47:32 2025
[INFO] Fetched 100 records, total so far: 100
[SUCCESS] Finished fetching all records. Total: 100
Using cached tenant_access_token
[INFO] Fetched 21 records, total so far: 21
[SUCCESS] Finished fetching all records. Total: 21
time="2025-12-20T00:00:02Z" level=warning msg="/opt/task_feishu/prod_192.168.101.13/docker/docker-compose.yml: the attribute `version` is obsolete, it will be ignored, please remove it to avoid potential confusion"
[SUCCESS] Successfully obtained tenant_access_token, expires at Sat Dec 20 09:17:43 2025
[INFO] Fetched 100 records, total so far: 100
[SUCCESS] Finished fetching all records. Total: 100
Using cached tenant_access_token
[INFO] Fetched 21 records, total so far: 21
[SUCCESS] Finished fetching all records. Total: 21
time="2025-12-20T01:00:01Z" level=warning msg="/opt/task_feishu/prod_192.168.101.13/docker/docker-compose.yml: the attribute `version` is obsolete, it will be ignored, please remove it to avoid potential confusion"
[SUCCESS] Successfully obtained tenant_access_token, expires at Sat Dec 20 10:47:54 2025
[INFO] Fetched 100 records, total so far: 100
[SUCCESS] Finished fetching all records. Total: 100
Using cached tenant_access_token
[INFO] Fetched 21 records, total so far: 21
[SUCCESS] Finished fetching all records. Total: 21
time="2025-12-20T02:00:01Z" level=warning msg="/opt/task_feishu/prod_192.168.101.13/docker/docker-compose.yml: the attribute `version` is obsolete, it will be ignored, please remove it to avoid potential confusion"
[SUCCESS] Successfully obtained tenant_access_token, expires at Sat Dec 20 10:47:54 2025
[INFO] Fetched 100 records, total so far: 100
[SUCCESS] Finished fetching all records. Total: 100
Using cached tenant_access_token
[INFO] Fetched 21 records, total so far: 21
[SUCCESS] Finished fetching all records. Total: 21
time="2025-12-20T03:00:01Z" level=warning msg="/opt/task_feishu/prod_192.168.101.13/docker/docker-compose.yml: the attribute `version` is obsolete, it will be ignored, please remove it to avoid potential confusion"
[SUCCESS] Successfully obtained tenant_access_token, expires at Sat Dec 20 12:45:40 2025
[INFO] Fetched 100 records, total so far: 100
[SUCCESS] Finished fetching all records. Total: 100
Using cached tenant_access_token
[INFO] Fetched 21 records, total so far: 21
[SUCCESS] Finished fetching all records. Total: 21
time="2025-12-20T04:00:01Z" level=warning msg="/opt/task_feishu/prod_192.168.101.13/docker/docker-compose.yml: the attribute `version` is obsolete, it will be ignored, please remove it to avoid potential confusion"
[SUCCESS] Successfully obtained tenant_access_token, expires at Sat Dec 20 12:45:40 2025
[INFO] Fetched 100 records, total so far: 100
[SUCCESS] Finished fetching all records. Total: 100
Using cached tenant_access_token
[INFO] Fetched 21 records, total so far: 21
[SUCCESS] Finished fetching all records. Total: 21
time="2025-12-20T05:00:01Z" level=warning msg="/opt/task_feishu/prod_192.168.101.13/docker/docker-compose.yml: the attribute `version` is obsolete, it will be ignored, please remove it to avoid potential confusion"
[SUCCESS] Successfully obtained tenant_access_token, expires at Sat Dec 20 14:15:51 2025
[INFO] Fetched 100 records, total so far: 100
[SUCCESS] Finished fetching all records. Total: 100
Using cached tenant_access_token
[INFO] Fetched 21 records, total so far: 21
[SUCCESS] Finished fetching all records. Total: 21
time="2025-12-20T06:00:01Z" level=warning msg="/opt/task_feishu/prod_192.168.101.13/docker/docker-compose.yml: the attribute `version` is obsolete, it will be ignored, please remove it to avoid potential confusion"
[SUCCESS] Successfully obtained tenant_access_token, expires at Sat Dec 20 15:46:03 2025
[INFO] Fetched 100 records, total so far: 100
[SUCCESS] Finished fetching all records. Total: 100
Using cached tenant_access_token
[INFO] Fetched 21 records, total so far: 21
[SUCCESS] Finished fetching all records. Total: 21
time="2025-12-20T07:00:01Z" level=warning msg="/opt/task_feishu/prod_192.168.101.13/docker/docker-compose.yml: the attribute `version` is obsolete, it will be ignored, please remove it to avoid potential confusion"
[SUCCESS] Successfully obtained tenant_access_token, expires at Sat Dec 20 15:46:03 2025
[INFO] Fetched 100 records, total so far: 100
[SUCCESS] Finished fetching all records. Total: 100
Using cached tenant_access_token
[INFO] Fetched 21 records, total so far: 21
[SUCCESS] Finished fetching all records. Total: 21
time="2025-12-20T08:00:01Z" level=warning msg="/opt/task_feishu/prod_192.168.101.13/docker/docker-compose.yml: the attribute `version` is obsolete, it will be ignored, please remove it to avoid potential confusion"
[SUCCESS] Successfully obtained tenant_access_token, expires at Sat Dec 20 17:16:14 2025
[INFO] Fetched 100 records, total so far: 100
[SUCCESS] Finished fetching all records. Total: 100
Using cached tenant_access_token
[INFO] Fetched 21 records, total so far: 21
[SUCCESS] Finished fetching all records. Total: 21
time="2025-12-20T09:00:01Z" level=warning msg="/opt/task_feishu/prod_192.168.101.13/docker/docker-compose.yml: the attribute `version` is obsolete, it will be ignored, please remove it to avoid potential confusion"
[SUCCESS] Successfully obtained tenant_access_token, expires at Sat Dec 20 18:46:41 2025
[INFO] Fetched 100 records, total so far: 100
[SUCCESS] Finished fetching all records. Total: 100
Using cached tenant_access_token
[INFO] Fetched 21 records, total so far: 21
[SUCCESS] Finished fetching all records. Total: 21
time="2025-12-20T10:00:01Z" level=warning msg="/opt/task_feishu/prod_192.168.101.13/docker/docker-compose.yml: the attribute `version` is obsolete, it will be ignored, please remove it to avoid potential confusion"
[SUCCESS] Successfully obtained tenant_access_token, expires at Sat Dec 20 18:46:41 2025
[INFO] Fetched 100 records, total so far: 100
[SUCCESS] Finished fetching all records. Total: 100
Using cached tenant_access_token
[INFO] Fetched 21 records, total so far: 21
[SUCCESS] Finished fetching all records. Total: 21
time="2025-12-20T11:00:01Z" level=warning msg="/opt/task_feishu/prod_192.168.101.13/docker/docker-compose.yml: the attribute `version` is obsolete, it will be ignored, please remove it to avoid potential confusion"
[SUCCESS] Successfully obtained tenant_access_token, expires at Sat Dec 20 20:16:52 2025
[INFO] Fetched 100 records, total so far: 100
[SUCCESS] Finished fetching all records. Total: 100
Using cached tenant_access_token
[INFO] Fetched 21 records, total so far: 21
[SUCCESS] Finished fetching all records. Total: 21
time="2025-12-20T12:00:01Z" level=warning msg="/opt/task_feishu/prod_192.168.101.13/docker/docker-compose.yml: the attribute `version` is obsolete, it will be ignored, please remove it to avoid potential confusion"
[SUCCESS] Successfully obtained tenant_access_token, expires at Sat Dec 20 21:47:03 2025
[INFO] Fetched 100 records, total so far: 100
[SUCCESS] Finished fetching all records. Total: 100
Using cached tenant_access_token
[INFO] Fetched 21 records, total so far: 21
[SUCCESS] Finished fetching all records. Total: 21
time="2025-12-20T13:00:01Z" level=warning msg="/opt/task_feishu/prod_192.168.101.13/docker/docker-compose.yml: the attribute `version` is obsolete, it will be ignored, please remove it to avoid potential confusion"
[SUCCESS] Successfully obtained tenant_access_token, expires at Sat Dec 20 21:47:03 2025
[INFO] Fetched 100 records, total so far: 100
[SUCCESS] Finished fetching all records. Total: 100
Using cached tenant_access_token
[INFO] Fetched 21 records, total so far: 21
[SUCCESS] Finished fetching all records. Total: 21
time="2025-12-20T14:00:01Z" level=warning msg="/opt/task_feishu/prod_192.168.101.13/docker/docker-compose.yml: the attribute `version` is obsolete, it will be ignored, please remove it to avoid potential confusion"
[SUCCESS] Successfully obtained tenant_access_token, expires at Sat Dec 20 23:17:14 2025
[INFO] Fetched 100 records, total so far: 100
[SUCCESS] Finished fetching all records. Total: 100
Using cached tenant_access_token
[INFO] Fetched 21 records, total so far: 21
[SUCCESS] Finished fetching all records. Total: 21
time="2025-12-20T15:00:01Z" level=warning msg="/opt/task_feishu/prod_192.168.101.13/docker/docker-compose.yml: the attribute `version` is obsolete, it will be ignored, please remove it to avoid potential confusion"
[SUCCESS] Successfully obtained tenant_access_token, expires at Sun Dec 21 00:47:25 2025
[INFO] Fetched 100 records, total so far: 100
[SUCCESS] Finished fetching all records. Total: 100
Using cached tenant_access_token
[INFO] Fetched 21 records, total so far: 21
[SUCCESS] Finished fetching all records. Total: 21
time="2025-12-20T16:00:02Z" level=warning msg="/opt/task_feishu/prod_192.168.101.13/docker/docker-compose.yml: the attribute `version` is obsolete, it will be ignored, please remove it to avoid potential confusion"
[SUCCESS] Successfully obtained tenant_access_token, expires at Sun Dec 21 00:47:25 2025
[INFO] Fetched 100 records, total so far: 100
[SUCCESS] Finished fetching all records. Total: 100
Using cached tenant_access_token
[INFO] Fetched 21 records, total so far: 21
[SUCCESS] Finished fetching all records. Total: 21
time="2025-12-20T17:00:01Z" level=warning msg="/opt/task_feishu/prod_192.168.101.13/docker/docker-compose.yml: the attribute `version` is obsolete, it will be ignored, please remove it to avoid potential confusion"
[SUCCESS] Successfully obtained tenant_access_token, expires at Sun Dec 21 02:17:36 2025
[INFO] Fetched 100 records, total so far: 100
[SUCCESS] Finished fetching all records. Total: 100
Using cached tenant_access_token
[INFO] Fetched 21 records, total so far: 21
[SUCCESS] Finished fetching all records. Total: 21
time="2025-12-20T18:00:01Z" level=warning msg="/opt/task_feishu/prod_192.168.101.13/docker/docker-compose.yml: the attribute `version` is obsolete, it will be ignored, please remove it to avoid potential confusion"
[SUCCESS] Successfully obtained tenant_access_token, expires at Sun Dec 21 03:47:46 2025
[INFO] Fetched 100 records, total so far: 100
[SUCCESS] Finished fetching all records. Total: 100
Using cached tenant_access_token
[INFO] Fetched 21 records, total so far: 21
[SUCCESS] Finished fetching all records. Total: 21
time="2025-12-20T19:00:01Z" level=warning msg="/opt/task_feishu/prod_192.168.101.13/docker/docker-compose.yml: the attribute `version` is obsolete, it will be ignored, please remove it to avoid potential confusion"
[SUCCESS] Successfully obtained tenant_access_token, expires at Sun Dec 21 03:47:46 2025
[INFO] Fetched 100 records, total so far: 100
[SUCCESS] Finished fetching all records. Total: 100
Using cached tenant_access_token
[INFO] Fetched 21 records, total so far: 21
[SUCCESS] Finished fetching all records. Total: 21
time="2025-12-20T20:00:01Z" level=warning msg="/opt/task_feishu/prod_192.168.101.13/docker/docker-compose.yml: the attribute `version` is obsolete, it will be ignored, please remove it to avoid potential confusion"
[SUCCESS] Successfully obtained tenant_access_token, expires at Sun Dec 21 05:17:56 2025
[INFO] Fetched 100 records, total so far: 100
[SUCCESS] Finished fetching all records. Total: 100
Using cached tenant_access_token
[INFO] Fetched 21 records, total so far: 21
[SUCCESS] Finished fetching all records. Total: 21
time="2025-12-20T21:00:01Z" level=warning msg="/opt/task_feishu/prod_192.168.101.13/docker/docker-compose.yml: the attribute `version` is obsolete, it will be ignored, please remove it to avoid potential confusion"
[SUCCESS] Successfully obtained tenant_access_token, expires at Sun Dec 21 06:48:06 2025
[INFO] Fetched 100 records, total so far: 100
[SUCCESS] Finished fetching all records. Total: 100
Using cached tenant_access_token
[INFO] Fetched 21 records, total so far: 21
[SUCCESS] Finished fetching all records. Total: 21
time="2025-12-20T22:00:01Z" level=warning msg="/opt/task_feishu/prod_192.168.101.13/docker/docker-compose.yml: the attribute `version` is obsolete, it will be ignored, please remove it to avoid potential confusion"
[SUCCESS] Successfully obtained tenant_access_token, expires at Sun Dec 21 06:48:06 2025
[INFO] Fetched 100 records, total so far: 100
[SUCCESS] Finished fetching all records. Total: 100
Using cached tenant_access_token
[INFO] Fetched 21 records, total so far: 21
[SUCCESS] Finished fetching all records. Total: 21
time="2025-12-20T23:00:01Z" level=warning msg="/opt/task_feishu/prod_192.168.101.13/docker/docker-compose.yml: the attribute `version` is obsolete, it will be ignored, please remove it to avoid potential confusion"
[SUCCESS] Successfully obtained tenant_access_token, expires at Sun Dec 21 08:18:16 2025
[INFO] Fetched 100 records, total so far: 100
[SUCCESS] Finished fetching all records. Total: 100
Using cached tenant_access_token
[INFO] Fetched 21 records, total so far: 21
[SUCCESS] Finished fetching all records. Total: 21
time="2025-12-21T00:00:02Z" level=warning msg="/opt/task_feishu/prod_192.168.101.13/docker/docker-compose.yml: the attribute `version` is obsolete, it will be ignored, please remove it to avoid potential confusion"
[SUCCESS] Successfully obtained tenant_access_token, expires at Sun Dec 21 09:48:26 2025
[INFO] Fetched 100 records, total so far: 100
[SUCCESS] Finished fetching all records. Total: 100
Using cached tenant_access_token
[INFO] Fetched 21 records, total so far: 21
[SUCCESS] Finished fetching all records. Total: 21
time="2025-12-21T01:00:01Z" level=warning msg="/opt/task_feishu/prod_192.168.101.13/docker/docker-compose.yml: the attribute `version` is obsolete, it will be ignored, please remove it to avoid potential confusion"
[SUCCESS] Successfully obtained tenant_access_token, expires at Sun Dec 21 09:48:26 2025
[INFO] Fetched 100 records, total so far: 100
[SUCCESS] Finished fetching all records. Total: 100
Using cached tenant_access_token
[INFO] Fetched 21 records, total so far: 21
[SUCCESS] Finished fetching all records. Total: 21
time="2025-12-21T02:00:01Z" level=warning msg="/opt/task_feishu/prod_192.168.101.13/docker/docker-compose.yml: the attribute `version` is obsolete, it will be ignored, please remove it to avoid potential confusion"
[SUCCESS] Successfully obtained tenant_access_token, expires at Sun Dec 21 11:18:36 2025
[INFO] Fetched 100 records, total so far: 100
[SUCCESS] Finished fetching all records. Total: 100
Using cached tenant_access_token
[INFO] Fetched 21 records, total so far: 21
[SUCCESS] Finished fetching all records. Total: 21
time="2025-12-21T03:00:01Z" level=warning msg="/opt/task_feishu/prod_192.168.101.13/docker/docker-compose.yml: the attribute `version` is obsolete, it will be ignored, please remove it to avoid potential confusion"
[SUCCESS] Successfully obtained tenant_access_token, expires at Sun Dec 21 12:48:47 2025
[INFO] Fetched 100 records, total so far: 100
[SUCCESS] Finished fetching all records. Total: 100
Using cached tenant_access_token
[INFO] Fetched 21 records, total so far: 21
[SUCCESS] Finished fetching all records. Total: 21
time="2025-12-21T04:00:02Z" level=warning msg="/opt/task_feishu/prod_192.168.101.13/docker/docker-compose.yml: the attribute `version` is obsolete, it will be ignored, please remove it to avoid potential confusion"
[SUCCESS] Successfully obtained tenant_access_token, expires at Sun Dec 21 12:48:47 2025
[INFO] Fetched 100 records, total so far: 100
[SUCCESS] Finished fetching all records. Total: 100
Using cached tenant_access_token
[INFO] Fetched 21 records, total so far: 21
[SUCCESS] Finished fetching all records. Total: 21
time="2025-12-21T05:00:01Z" level=warning msg="/opt/task_feishu/prod_192.168.101.13/docker/docker-compose.yml: the attribute `version` is obsolete, it will be ignored, please remove it to avoid potential confusion"
[SUCCESS] Successfully obtained tenant_access_token, expires at Sun Dec 21 14:18:58 2025
[INFO] Fetched 100 records, total so far: 100
[SUCCESS] Finished fetching all records. Total: 100
Using cached tenant_access_token
[INFO] Fetched 21 records, total so far: 21
[SUCCESS] Finished fetching all records. Total: 21
time="2025-12-21T06:00:01Z" level=warning msg="/opt/task_feishu/prod_192.168.101.13/docker/docker-compose.yml: the attribute `version` is obsolete, it will be ignored, please remove it to avoid potential confusion"
[SUCCESS] Successfully obtained tenant_access_token, expires at Sun Dec 21 15:49:10 2025
[INFO] Fetched 100 records, total so far: 100
[SUCCESS] Finished fetching all records. Total: 100
Using cached tenant_access_token
[INFO] Fetched 21 records, total so far: 21
[SUCCESS] Finished fetching all records. Total: 21
time="2025-12-21T07:00:02Z" level=warning msg="/opt/task_feishu/prod_192.168.101.13/docker/docker-compose.yml: the attribute `version` is obsolete, it will be ignored, please remove it to avoid potential confusion"
[SUCCESS] Successfully obtained tenant_access_token, expires at Sun Dec 21 15:49:10 2025
[INFO] Fetched 100 records, total so far: 100
[SUCCESS] Finished fetching all records. Total: 100
Using cached tenant_access_token
[INFO] Fetched 21 records, total so far: 21
[SUCCESS] Finished fetching all records. Total: 21
time="2025-12-21T08:00:01Z" level=warning msg="/opt/task_feishu/prod_192.168.101.13/docker/docker-compose.yml: the attribute `version` is obsolete, it will be ignored, please remove it to avoid potential confusion"
[SUCCESS] Successfully obtained tenant_access_token, expires at Sun Dec 21 17:19:21 2025
[INFO] Fetched 100 records, total so far: 100
[SUCCESS] Finished fetching all records. Total: 100
Using cached tenant_access_token
[INFO] Fetched 21 records, total so far: 21
[SUCCESS] Finished fetching all records. Total: 21
time="2025-12-21T09:00:01Z" level=warning msg="/opt/task_feishu/prod_192.168.101.13/docker/docker-compose.yml: the attribute `version` is obsolete, it will be ignored, please remove it to avoid potential confusion"
[SUCCESS] Successfully obtained tenant_access_token, expires at Sun Dec 21 18:49:32 2025
[INFO] Fetched 100 records, total so far: 100
[SUCCESS] Finished fetching all records. Total: 100
Using cached tenant_access_token
[INFO] Fetched 21 records, total so far: 21
[SUCCESS] Finished fetching all records. Total: 21
time="2025-12-21T10:00:01Z" level=warning msg="/opt/task_feishu/prod_192.168.101.13/docker/docker-compose.yml: the attribute `version` is obsolete, it will be ignored, please remove it to avoid potential confusion"
[SUCCESS] Successfully obtained tenant_access_token, expires at Sun Dec 21 18:49:32 2025
[INFO] Fetched 100 records, total so far: 100
[SUCCESS] Finished fetching all records. Total: 100
Using cached tenant_access_token
[INFO] Fetched 21 records, total so far: 21
[SUCCESS] Finished fetching all records. Total: 21
time="2025-12-21T11:00:01Z" level=warning msg="/opt/task_feishu/prod_192.168.101.13/docker/docker-compose.yml: the attribute `version` is obsolete, it will be ignored, please remove it to avoid potential confusion"
[SUCCESS] Successfully obtained tenant_access_token, expires at Sun Dec 21 20:19:42 2025
[INFO] Fetched 100 records, total so far: 100
[SUCCESS] Finished fetching all records. Total: 100
Using cached tenant_access_token
[INFO] Fetched 21 records, total so far: 21
[SUCCESS] Finished fetching all records. Total: 21
time="2025-12-21T12:00:02Z" level=warning msg="/opt/task_feishu/prod_192.168.101.13/docker/docker-compose.yml: the attribute `version` is obsolete, it will be ignored, please remove it to avoid potential confusion"
[SUCCESS] Successfully obtained tenant_access_token, expires at Sun Dec 21 21:49:53 2025
[INFO] Fetched 100 records, total so far: 100
[SUCCESS] Finished fetching all records. Total: 100
Using cached tenant_access_token
[INFO] Fetched 21 records, total so far: 21
[SUCCESS] Finished fetching all records. Total: 21
time="2025-12-21T13:00:01Z" level=warning msg="/opt/task_feishu/prod_192.168.101.13/docker/docker-compose.yml: the attribute `version` is obsolete, it will be ignored, please remove it to avoid potential confusion"
[SUCCESS] Successfully obtained tenant_access_token, expires at Sun Dec 21 21:49:53 2025
[INFO] Fetched 100 records, total so far: 100
[SUCCESS] Finished fetching all records. Total: 100
Using cached tenant_access_token
[INFO] Fetched 21 records, total so far: 21
[SUCCESS] Finished fetching all records. Total: 21
time="2025-12-21T14:00:01Z" level=warning msg="/opt/task_feishu/prod_192.168.101.13/docker/docker-compose.yml: the attribute `version` is obsolete, it will be ignored, please remove it to avoid potential confusion"
[SUCCESS] Successfully obtained tenant_access_token, expires at Sun Dec 21 23:20:04 2025
[INFO] Fetched 100 records, total so far: 100
[SUCCESS] Finished fetching all records. Total: 100
Using cached tenant_access_token
[INFO] Fetched 21 records, total so far: 21
[SUCCESS] Finished fetching all records. Total: 21
time="2025-12-21T15:00:01Z" level=warning msg="/opt/task_feishu/prod_192.168.101.13/docker/docker-compose.yml: the attribute `version` is obsolete, it will be ignored, please remove it to avoid potential confusion"
[SUCCESS] Successfully obtained tenant_access_token, expires at Mon Dec 22 00:50:15 2025
[INFO] Fetched 100 records, total so far: 100
[SUCCESS] Finished fetching all records. Total: 100
Using cached tenant_access_token
[INFO] Fetched 21 records, total so far: 21
[SUCCESS] Finished fetching all records. Total: 21
time="2025-12-21T16:00:01Z" level=warning msg="/opt/task_feishu/prod_192.168.101.13/docker/docker-compose.yml: the attribute `version` is obsolete, it will be ignored, please remove it to avoid potential confusion"
[SUCCESS] Successfully obtained tenant_access_token, expires at Mon Dec 22 00:50:15 2025
[INFO] Fetched 100 records, total so far: 100
[SUCCESS] Finished fetching all records. Total: 100
Using cached tenant_access_token
[INFO] Fetched 21 records, total so far: 21
[SUCCESS] Finished fetching all records. Total: 21
time="2025-12-21T17:00:01Z" level=warning msg="/opt/task_feishu/prod_192.168.101.13/docker/docker-compose.yml: the attribute `version` is obsolete, it will be ignored, please remove it to avoid potential confusion"
[SUCCESS] Successfully obtained tenant_access_token, expires at Mon Dec 22 02:20:25 2025
[INFO] Fetched 100 records, total so far: 100
[SUCCESS] Finished fetching all records. Total: 100
Using cached tenant_access_token
[INFO] Fetched 21 records, total so far: 21
[SUCCESS] Finished fetching all records. Total: 21
time="2025-12-21T18:00:01Z" level=warning msg="/opt/task_feishu/prod_192.168.101.13/docker/docker-compose.yml: the attribute `version` is obsolete, it will be ignored, please remove it to avoid potential confusion"
[SUCCESS] Successfully obtained tenant_access_token, expires at Mon Dec 22 03:50:37 2025
[INFO] Fetched 100 records, total so far: 100
[INFO] Fetched 1 records, total so far: 101
[SUCCESS] Finished fetching all records. Total: 101
Using cached tenant_access_token
[INFO] Fetched 21 records, total so far: 21
[SUCCESS] Finished fetching all records. Total: 21
time="2025-12-21T19:00:01Z" level=warning msg="/opt/task_feishu/prod_192.168.101.13/docker/docker-compose.yml: the attribute `version` is obsolete, it will be ignored, please remove it to avoid potential confusion"
[SUCCESS] Successfully obtained tenant_access_token, expires at Mon Dec 22 03:50:37 2025
[INFO] Fetched 100 records, total so far: 100
[INFO] Fetched 1 records, total so far: 101
[SUCCESS] Finished fetching all records. Total: 101
Using cached tenant_access_token
[INFO] Fetched 21 records, total so far: 21
[SUCCESS] Finished fetching all records. Total: 21
time="2025-12-21T20:00:01Z" level=warning msg="/opt/task_feishu/prod_192.168.101.13/docker/docker-compose.yml: the attribute `version` is obsolete, it will be ignored, please remove it to avoid potential confusion"
[SUCCESS] Successfully obtained tenant_access_token, expires at Mon Dec 22 05:20:50 2025
[INFO] Fetched 100 records, total so far: 100
[INFO] Fetched 1 records, total so far: 101
[SUCCESS] Finished fetching all records. Total: 101
Using cached tenant_access_token
[INFO] Fetched 21 records, total so far: 21
[SUCCESS] Finished fetching all records. Total: 21
time="2025-12-21T21:00:01Z" level=warning msg="/opt/task_feishu/prod_192.168.101.13/docker/docker-compose.yml: the attribute `version` is obsolete, it will be ignored, please remove it to avoid potential confusion"
[SUCCESS] Successfully obtained tenant_access_token, expires at Mon Dec 22 06:51:04 2025
[INFO] Fetched 100 records, total so far: 100
[INFO] Fetched 1 records, total so far: 101
[SUCCESS] Finished fetching all records. Total: 101
Using cached tenant_access_token
[INFO] Fetched 21 records, total so far: 21
[SUCCESS] Finished fetching all records. Total: 21
time="2025-12-21T22:00:01Z" level=warning msg="/opt/task_feishu/prod_192.168.101.13/docker/docker-compose.yml: the attribute `version` is obsolete, it will be ignored, please remove it to avoid potential confusion"
[SUCCESS] Successfully obtained tenant_access_token, expires at Mon Dec 22 06:51:04 2025
[INFO] Fetched 100 records, total so far: 100
[INFO] Fetched 1 records, total so far: 101
[SUCCESS] Finished fetching all records. Total: 101
Using cached tenant_access_token
[INFO] Fetched 21 records, total so far: 21
[SUCCESS] Finished fetching all records. Total: 21
time="2025-12-21T23:00:01Z" level=warning msg="/opt/task_feishu/prod_192.168.101.13/docker/docker-compose.yml: the attribute `version` is obsolete, it will be ignored, please remove it to avoid potential confusion"
[SUCCESS] Successfully obtained tenant_access_token, expires at Mon Dec 22 08:21:17 2025
[INFO] Fetched 100 records, total so far: 100
[INFO] Fetched 1 records, total so far: 101
[SUCCESS] Finished fetching all records. Total: 101
Using cached tenant_access_token
[INFO] Fetched 21 records, total so far: 21
[SUCCESS] Finished fetching all records. Total: 21
time="2025-12-22T00:00:01Z" level=warning msg="/opt/task_feishu/prod_192.168.101.13/docker/docker-compose.yml: the attribute `version` is obsolete, it will be ignored, please remove it to avoid potential confusion"
[SUCCESS] Successfully obtained tenant_access_token, expires at Mon Dec 22 09:51:30 2025
[INFO] Fetched 100 records, total so far: 100
[INFO] Fetched 1 records, total so far: 101
[SUCCESS] Finished fetching all records. Total: 101
Using cached tenant_access_token
[INFO] Fetched 21 records, total so far: 21
[SUCCESS] Finished fetching all records. Total: 21
time="2025-12-22T01:00:01Z" level=warning msg="/opt/task_feishu/prod_192.168.101.13/docker/docker-compose.yml: the attribute `version` is obsolete, it will be ignored, please remove it to avoid potential confusion"
[SUCCESS] Successfully obtained tenant_access_token, expires at Mon Dec 22 09:51:30 2025
[INFO] Fetched 100 records, total so far: 100
[INFO] Fetched 1 records, total so far: 101
[SUCCESS] Finished fetching all records. Total: 101
Using cached tenant_access_token
[INFO] Fetched 21 records, total so far: 21
[SUCCESS] Finished fetching all records. Total: 21
time="2025-12-22T02:00:01Z" level=warning msg="/opt/task_feishu/prod_192.168.101.13/docker/docker-compose.yml: the attribute `version` is obsolete, it will be ignored, please remove it to avoid potential confusion"
[SUCCESS] Successfully obtained tenant_access_token, expires at Mon Dec 22 11:21:44 2025
[INFO] Fetched 100 records, total so far: 100
[INFO] Fetched 1 records, total so far: 101
[SUCCESS] Finished fetching all records. Total: 101
Using cached tenant_access_token
[INFO] Fetched 21 records, total so far: 21
[SUCCESS] Finished fetching all records. Total: 21
time="2025-12-22T03:00:01Z" level=warning msg="/opt/task_feishu/prod_192.168.101.13/docker/docker-compose.yml: the attribute `version` is obsolete, it will be ignored, please remove it to avoid potential confusion"
[SUCCESS] Successfully obtained tenant_access_token, expires at Mon Dec 22 12:52:01 2025
[INFO] Fetched 100 records, total so far: 100
[INFO] Fetched 1 records, total so far: 101
[SUCCESS] Finished fetching all records. Total: 101
Using cached tenant_access_token
[INFO] Fetched 21 records, total so far: 21
[SUCCESS] Finished fetching all records. Total: 21
time="2025-12-22T04:00:01Z" level=warning msg="/opt/task_feishu/prod_192.168.101.13/docker/docker-compose.yml: the attribute `version` is obsolete, it will be ignored, please remove it to avoid potential confusion"
[SUCCESS] Successfully obtained tenant_access_token, expires at Mon Dec 22 12:52:01 2025
[INFO] Fetched 100 records, total so far: 100
[INFO] Fetched 1 records, total so far: 101
[SUCCESS] Finished fetching all records. Total: 101
Using cached tenant_access_token
[INFO] Fetched 21 records, total so far: 21
[SUCCESS] Finished fetching all records. Total: 21
time="2025-12-22T05:00:01Z" level=warning msg="/opt/task_feishu/prod_192.168.101.13/docker/docker-compose.yml: the attribute `version` is obsolete, it will be ignored, please remove it to avoid potential confusion"
[SUCCESS] Successfully obtained tenant_access_token, expires at Mon Dec 22 14:22:19 2025
[INFO] Fetched 100 records, total so far: 100
[INFO] Fetched 1 records, total so far: 101
[SUCCESS] Finished fetching all records. Total: 101
Using cached tenant_access_token
[INFO] Fetched 21 records, total so far: 21
[SUCCESS] Finished fetching all records. Total: 21
time="2025-12-22T06:00:01Z" level=warning msg="/opt/task_feishu/prod_192.168.101.13/docker/docker-compose.yml: the attribute `version` is obsolete, it will be ignored, please remove it to avoid potential confusion"
[SUCCESS] Successfully obtained tenant_access_token, expires at Mon Dec 22 15:52:34 2025
[INFO] Fetched 100 records, total so far: 100
[INFO] Fetched 1 records, total so far: 101
[SUCCESS] Finished fetching all records. Total: 101
Using cached tenant_access_token
[INFO] Fetched 21 records, total so far: 21
[SUCCESS] Finished fetching all records. Total: 21
time="2025-12-22T07:00:01Z" level=warning msg="/opt/task_feishu/prod_192.168.101.13/docker/docker-compose.yml: the attribute `version` is obsolete, it will be ignored, please remove it to avoid potential confusion"
[SUCCESS] Successfully obtained tenant_access_token, expires at Mon Dec 22 15:52:34 2025
[INFO] Fetched 100 records, total so far: 100
[INFO] Fetched 1 records, total so far: 101
[SUCCESS] Finished fetching all records. Total: 101
Using cached tenant_access_token
[INFO] Fetched 21 records, total so far: 21
[SUCCESS] Finished fetching all records. Total: 21
time="2025-12-22T08:00:01Z" level=warning msg="/opt/task_feishu/prod_192.168.101.13/docker/docker-compose.yml: the attribute `version` is obsolete, it will be ignored, please remove it to avoid potential confusion"
[SUCCESS] Successfully obtained tenant_access_token, expires at Mon Dec 22 17:22:52 2025
[INFO] Fetched 100 records, total so far: 100
[INFO] Fetched 1 records, total so far: 101
[SUCCESS] Finished fetching all records. Total: 101
Using cached tenant_access_token
[INFO] Fetched 21 records, total so far: 21
[SUCCESS] Finished fetching all records. Total: 21
time="2025-12-22T09:00:01Z" level=warning msg="/opt/task_feishu/prod_192.168.101.13/docker/docker-compose.yml: the attribute `version` is obsolete, it will be ignored, please remove it to avoid potential confusion"
[SUCCESS] Successfully obtained tenant_access_token, expires at Mon Dec 22 18:53:51 2025
[INFO] Fetched 100 records, total so far: 100
[INFO] Fetched 1 records, total so far: 101
[SUCCESS] Finished fetching all records. Total: 101
Using cached tenant_access_token
[INFO] Fetched 21 records, total so far: 21
[SUCCESS] Finished fetching all records. Total: 21
time="2025-12-22T10:00:01Z" level=warning msg="/opt/task_feishu/prod_192.168.101.13/docker/docker-compose.yml: the attribute `version` is obsolete, it will be ignored, please remove it to avoid potential confusion"
[SUCCESS] Successfully obtained tenant_access_token, expires at Mon Dec 22 18:53:51 2025
[INFO] Fetched 100 records, total so far: 100
[INFO] Fetched 1 records, total so far: 101
[SUCCESS] Finished fetching all records. Total: 101
Using cached tenant_access_token
[INFO] Fetched 21 records, total so far: 21
[SUCCESS] Finished fetching all records. Total: 21
time="2025-12-22T11:00:01Z" level=warning msg="/opt/task_feishu/prod_192.168.101.13/docker/docker-compose.yml: the attribute `version` is obsolete, it will be ignored, please remove it to avoid potential confusion"
[SUCCESS] Successfully obtained tenant_access_token, expires at Mon Dec 22 20:24:08 2025
[INFO] Fetched 100 records, total so far: 100
[INFO] Fetched 1 records, total so far: 101
[SUCCESS] Finished fetching all records. Total: 101
Using cached tenant_access_token
[INFO] Fetched 21 records, total so far: 21
[SUCCESS] Finished fetching all records. Total: 21
time="2025-12-22T12:00:01Z" level=warning msg="/opt/task_feishu/prod_192.168.101.13/docker/docker-compose.yml: the attribute `version` is obsolete, it will be ignored, please remove it to avoid potential confusion"
[SUCCESS] Successfully obtained tenant_access_token, expires at Mon Dec 22 21:54:40 2025
[INFO] Fetched 100 records, total so far: 100
[INFO] Fetched 1 records, total so far: 101
[SUCCESS] Finished fetching all records. Total: 101
Using cached tenant_access_token
[INFO] Fetched 21 records, total so far: 21
[SUCCESS] Finished fetching all records. Total: 21
time="2025-12-22T13:00:01Z" level=warning msg="/opt/task_feishu/prod_192.168.101.13/docker/docker-compose.yml: the attribute `version` is obsolete, it will be ignored, please remove it to avoid potential confusion"
[SUCCESS] Successfully obtained tenant_access_token, expires at Mon Dec 22 21:54:40 2025
[INFO] Fetched 100 records, total so far: 100
[INFO] Fetched 1 records, total so far: 101
[SUCCESS] Finished fetching all records. Total: 101
Using cached tenant_access_token
[INFO] Fetched 21 records, total so far: 21
[SUCCESS] Finished fetching all records. Total: 21
time="2025-12-22T14:00:02Z" level=warning msg="/opt/task_feishu/prod_192.168.101.13/docker/docker-compose.yml: the attribute `version` is obsolete, it will be ignored, please remove it to avoid potential confusion"
[SUCCESS] Successfully obtained tenant_access_token, expires at Mon Dec 22 23:24:55 2025
[INFO] Fetched 100 records, total so far: 100
[INFO] Fetched 1 records, total so far: 101
[SUCCESS] Finished fetching all records. Total: 101
Using cached tenant_access_token
[INFO] Fetched 21 records, total so far: 21
[SUCCESS] Finished fetching all records. Total: 21
time="2025-12-22T15:00:01Z" level=warning msg="/opt/task_feishu/prod_192.168.101.13/docker/docker-compose.yml: the attribute `version` is obsolete, it will be ignored, please remove it to avoid potential confusion"
[SUCCESS] Successfully obtained tenant_access_token, expires at Tue Dec 23 00:55:11 2025
[INFO] Fetched 100 records, total so far: 100
[INFO] Fetched 1 records, total so far: 101
[SUCCESS] Finished fetching all records. Total: 101
Using cached tenant_access_token
[INFO] Fetched 21 records, total so far: 21
[SUCCESS] Finished fetching all records. Total: 21
time="2025-12-22T16:00:02Z" level=warning msg="/opt/task_feishu/prod_192.168.101.13/docker/docker-compose.yml: the attribute `version` is obsolete, it will be ignored, please remove it to avoid potential confusion"
[SUCCESS] Successfully obtained tenant_access_token, expires at Tue Dec 23 00:55:11 2025
[INFO] Fetched 100 records, total so far: 100
[INFO] Fetched 1 records, total so far: 101
[SUCCESS] Finished fetching all records. Total: 101
Using cached tenant_access_token
[INFO] Fetched 21 records, total so far: 21
[SUCCESS] Finished fetching all records. Total: 21
time="2025-12-22T17:00:01Z" level=warning msg="/opt/task_feishu/prod_192.168.101.13/docker/docker-compose.yml: the attribute `version` is obsolete, it will be ignored, please remove it to avoid potential confusion"
[SUCCESS] Successfully obtained tenant_access_token, expires at Tue Dec 23 02:25:40 2025
[INFO] Fetched 100 records, total so far: 100
[INFO] Fetched 1 records, total so far: 101
[SUCCESS] Finished fetching all records. Total: 101
Using cached tenant_access_token
[INFO] Fetched 21 records, total so far: 21
[SUCCESS] Finished fetching all records. Total: 21
time="2025-12-22T18:00:01Z" level=warning msg="/opt/task_feishu/prod_192.168.101.13/docker/docker-compose.yml: the attribute `version` is obsolete, it will be ignored, please remove it to avoid potential confusion"
[SUCCESS] Successfully obtained tenant_access_token, expires at Tue Dec 23 03:55:54 2025
[INFO] Fetched 100 records, total so far: 100
[INFO] Fetched 2 records, total so far: 102
[SUCCESS] Finished fetching all records. Total: 102
Using cached tenant_access_token
[INFO] Fetched 21 records, total so far: 21
[SUCCESS] Finished fetching all records. Total: 21
time="2025-12-22T19:00:01Z" level=warning msg="/opt/task_feishu/prod_192.168.101.13/docker/docker-compose.yml: the attribute `version` is obsolete, it will be ignored, please remove it to avoid potential confusion"
[SUCCESS] Successfully obtained tenant_access_token, expires at Tue Dec 23 03:55:54 2025
[INFO] Fetched 100 records, total so far: 100
[INFO] Fetched 2 records, total so far: 102
[SUCCESS] Finished fetching all records. Total: 102
Using cached tenant_access_token
[INFO] Fetched 21 records, total so far: 21
[SUCCESS] Finished fetching all records. Total: 21
time="2025-12-22T20:00:01Z" level=warning msg="/opt/task_feishu/prod_192.168.101.13/docker/docker-compose.yml: the attribute `version` is obsolete, it will be ignored, please remove it to avoid potential confusion"
[SUCCESS] Successfully obtained tenant_access_token, expires at Tue Dec 23 05:26:08 2025
[INFO] Fetched 100 records, total so far: 100
[INFO] Fetched 2 records, total so far: 102
[SUCCESS] Finished fetching all records. Total: 102
Using cached tenant_access_token
[INFO] Fetched 21 records, total so far: 21
[SUCCESS] Finished fetching all records. Total: 21
time="2025-12-22T21:00:01Z" level=warning msg="/opt/task_feishu/prod_192.168.101.13/docker/docker-compose.yml: the attribute `version` is obsolete, it will be ignored, please remove it to avoid potential confusion"
[SUCCESS] Successfully obtained tenant_access_token, expires at Tue Dec 23 06:56:22 2025
[INFO] Fetched 100 records, total so far: 100
[INFO] Fetched 2 records, total so far: 102
[SUCCESS] Finished fetching all records. Total: 102
Using cached tenant_access_token
[INFO] Fetched 21 records, total so far: 21
[SUCCESS] Finished fetching all records. Total: 21
time="2025-12-22T22:00:01Z" level=warning msg="/opt/task_feishu/prod_192.168.101.13/docker/docker-compose.yml: the attribute `version` is obsolete, it will be ignored, please remove it to avoid potential confusion"
[SUCCESS] Successfully obtained tenant_access_token, expires at Tue Dec 23 06:56:22 2025
[INFO] Fetched 100 records, total so far: 100
[INFO] Fetched 2 records, total so far: 102
[SUCCESS] Finished fetching all records. Total: 102
Using cached tenant_access_token
[INFO] Fetched 21 records, total so far: 21
[SUCCESS] Finished fetching all records. Total: 21
time="2025-12-22T23:00:01Z" level=warning msg="/opt/task_feishu/prod_192.168.101.13/docker/docker-compose.yml: the attribute `version` is obsolete, it will be ignored, please remove it to avoid potential confusion"
[SUCCESS] Successfully obtained tenant_access_token, expires at Tue Dec 23 08:26:35 2025
[INFO] Fetched 100 records, total so far: 100
[INFO] Fetched 2 records, total so far: 102
[SUCCESS] Finished fetching all records. Total: 102
Using cached tenant_access_token
[INFO] Fetched 21 records, total so far: 21
[SUCCESS] Finished fetching all records. Total: 21
time="2025-12-23T00:00:02Z" level=warning msg="/opt/task_feishu/prod_192.168.101.13/docker/docker-compose.yml: the attribute `version` is obsolete, it will be ignored, please remove it to avoid potential confusion"
[SUCCESS] Successfully obtained tenant_access_token, expires at Tue Dec 23 09:56:49 2025
[INFO] Fetched 100 records, total so far: 100
[INFO] Fetched 2 records, total so far: 102
[SUCCESS] Finished fetching all records. Total: 102
Using cached tenant_access_token
[INFO] Fetched 21 records, total so far: 21
[SUCCESS] Finished fetching all records. Total: 21
time="2025-12-23T01:00:01Z" level=warning msg="/opt/task_feishu/prod_192.168.101.13/docker/docker-compose.yml: the attribute `version` is obsolete, it will be ignored, please remove it to avoid potential confusion"
[SUCCESS] Successfully obtained tenant_access_token, expires at Tue Dec 23 09:56:49 2025
[INFO] Fetched 100 records, total so far: 100
[INFO] Fetched 2 records, total so far: 102
[SUCCESS] Finished fetching all records. Total: 102
Using cached tenant_access_token
[INFO] Fetched 21 records, total so far: 21
[SUCCESS] Finished fetching all records. Total: 21
time="2025-12-23T02:00:01Z" level=warning msg="/opt/task_feishu/prod_192.168.101.13/docker/docker-compose.yml: the attribute `version` is obsolete, it will be ignored, please remove it to avoid potential confusion"
[SUCCESS] Successfully obtained tenant_access_token, expires at Tue Dec 23 11:27:04 2025
[INFO] Fetched 100 records, total so far: 100
[INFO] Fetched 2 records, total so far: 102
[SUCCESS] Finished fetching all records. Total: 102
Using cached tenant_access_token
[INFO] Fetched 21 records, total so far: 21
[SUCCESS] Finished fetching all records. Total: 21
time="2025-12-23T03:00:01Z" level=warning msg="/opt/task_feishu/prod_192.168.101.13/docker/docker-compose.yml: the attribute `version` is obsolete, it will be ignored, please remove it to avoid potential confusion"
[SUCCESS] Successfully obtained tenant_access_token, expires at Tue Dec 23 12:57:22 2025
[INFO] Fetched 100 records, total so far: 100
[INFO] Fetched 2 records, total so far: 102
[SUCCESS] Finished fetching all records. Total: 102
Using cached tenant_access_token
[INFO] Fetched 21 records, total so far: 21
[SUCCESS] Finished fetching all records. Total: 21
time="2025-12-23T04:00:01Z" level=warning msg="/opt/task_feishu/prod_192.168.101.13/docker/docker-compose.yml: the attribute `version` is obsolete, it will be ignored, please remove it to avoid potential confusion"
[SUCCESS] Successfully obtained tenant_access_token, expires at Tue Dec 23 12:57:22 2025
[INFO] Fetched 100 records, total so far: 100
[INFO] Fetched 2 records, total so far: 102
[SUCCESS] Finished fetching all records. Total: 102
Using cached tenant_access_token
[INFO] Fetched 21 records, total so far: 21
[SUCCESS] Finished fetching all records. Total: 21
time="2025-12-23T05:00:01Z" level=warning msg="/opt/task_feishu/prod_192.168.101.13/docker/docker-compose.yml: the attribute `version` is obsolete, it will be ignored, please remove it to avoid potential confusion"
[SUCCESS] Successfully obtained tenant_access_token, expires at Tue Dec 23 14:27:40 2025
[INFO] Fetched 100 records, total so far: 100
[INFO] Fetched 2 records, total so far: 102
[SUCCESS] Finished fetching all records. Total: 102
Using cached tenant_access_token
[INFO] Fetched 21 records, total so far: 21
[SUCCESS] Finished fetching all records. Total: 21
time="2025-12-23T06:00:02Z" level=warning msg="/opt/task_feishu/prod_192.168.101.13/docker/docker-compose.yml: the attribute `version` is obsolete, it will be ignored, please remove it to avoid potential confusion"
[SUCCESS] Successfully obtained tenant_access_token, expires at Tue Dec 23 15:57:55 2025
[INFO] Fetched 100 records, total so far: 100
[INFO] Fetched 2 records, total so far: 102
[SUCCESS] Finished fetching all records. Total: 102
Using cached tenant_access_token
[INFO] Fetched 21 records, total so far: 21
[SUCCESS] Finished fetching all records. Total: 21
time="2025-12-23T07:00:01Z" level=warning msg="/opt/task_feishu/prod_192.168.101.13/docker/docker-compose.yml: the attribute `version` is obsolete, it will be ignored, please remove it to avoid potential confusion"
[SUCCESS] Successfully obtained tenant_access_token, expires at Tue Dec 23 15:57:55 2025
[INFO] Fetched 100 records, total so far: 100
[INFO] Fetched 2 records, total so far: 102
[SUCCESS] Finished fetching all records. Total: 102
Using cached tenant_access_token
[INFO] Fetched 21 records, total so far: 21
[SUCCESS] Finished fetching all records. Total: 21
time="2025-12-23T08:00:01Z" level=warning msg="/opt/task_feishu/prod_192.168.101.13/docker/docker-compose.yml: the attribute `version` is obsolete, it will be ignored, please remove it to avoid potential confusion"
[SUCCESS] Successfully obtained tenant_access_token, expires at Tue Dec 23 17:28:13 2025
[INFO] Fetched 100 records, total so far: 100
[INFO] Fetched 2 records, total so far: 102
[SUCCESS] Finished fetching all records. Total: 102
Using cached tenant_access_token
[INFO] Fetched 21 records, total so far: 21
[SUCCESS] Finished fetching all records. Total: 21
time="2025-12-23T09:00:01Z" level=warning msg="/opt/task_feishu/prod_192.168.101.13/docker/docker-compose.yml: the attribute `version` is obsolete, it will be ignored, please remove it to avoid potential confusion"
[SUCCESS] Successfully obtained tenant_access_token, expires at Tue Dec 23 18:58:32 2025
[INFO] Fetched 100 records, total so far: 100
[INFO] Fetched 2 records, total so far: 102
[SUCCESS] Finished fetching all records. Total: 102
Using cached tenant_access_token
[INFO] Fetched 21 records, total so far: 21
[SUCCESS] Finished fetching all records. Total: 21
time="2025-12-23T10:00:02Z" level=warning msg="/opt/task_feishu/prod_192.168.101.13/docker/docker-compose.yml: the attribute `version` is obsolete, it will be ignored, please remove it to avoid potential confusion"
[SUCCESS] Successfully obtained tenant_access_token, expires at Tue Dec 23 18:58:32 2025
[INFO] Fetched 100 records, total so far: 100
[INFO] Fetched 2 records, total so far: 102
[SUCCESS] Finished fetching all records. Total: 102
Using cached tenant_access_token
[INFO] Fetched 21 records, total so far: 21
[SUCCESS] Finished fetching all records. Total: 21
time="2025-12-23T11:00:01Z" level=warning msg="/opt/task_feishu/prod_192.168.101.13/docker/docker-compose.yml: the attribute `version` is obsolete, it will be ignored, please remove it to avoid potential confusion"
[SUCCESS] Successfully obtained tenant_access_token, expires at Tue Dec 23 20:28:50 2025
[INFO] Fetched 100 records, total so far: 100
[INFO] Fetched 2 records, total so far: 102
[SUCCESS] Finished fetching all records. Total: 102
Using cached tenant_access_token
[INFO] Fetched 21 records, total so far: 21
[SUCCESS] Finished fetching all records. Total: 21
time="2025-12-23T12:00:01Z" level=warning msg="/opt/task_feishu/prod_192.168.101.13/docker/docker-compose.yml: the attribute `version` is obsolete, it will be ignored, please remove it to avoid potential confusion"
[SUCCESS] Successfully obtained tenant_access_token, expires at Tue Dec 23 21:59:06 2025
[INFO] Fetched 100 records, total so far: 100
[INFO] Fetched 2 records, total so far: 102
[SUCCESS] Finished fetching all records. Total: 102
Using cached tenant_access_token
[INFO] Fetched 21 records, total so far: 21
[SUCCESS] Finished fetching all records. Total: 21
time="2025-12-23T13:00:01Z" level=warning msg="/opt/task_feishu/prod_192.168.101.13/docker/docker-compose.yml: the attribute `version` is obsolete, it will be ignored, please remove it to avoid potential confusion"
[SUCCESS] Successfully obtained tenant_access_token, expires at Tue Dec 23 21:59:06 2025
[INFO] Fetched 100 records, total so far: 100
[INFO] Fetched 2 records, total so far: 102
[SUCCESS] Finished fetching all records. Total: 102
Using cached tenant_access_token
[INFO] Fetched 21 records, total so far: 21
[SUCCESS] Finished fetching all records. Total: 21
time="2025-12-23T14:00:01Z" level=warning msg="/opt/task_feishu/prod_192.168.101.13/docker/docker-compose.yml: the attribute `version` is obsolete, it will be ignored, please remove it to avoid potential confusion"
[SUCCESS] Successfully obtained tenant_access_token, expires at Tue Dec 23 23:29:22 2025
[INFO] Fetched 100 records, total so far: 100
[INFO] Fetched 2 records, total so far: 102
[SUCCESS] Finished fetching all records. Total: 102
Using cached tenant_access_token
[INFO] Fetched 21 records, total so far: 21
[SUCCESS] Finished fetching all records. Total: 21
time="2025-12-23T15:00:01Z" level=warning msg="/opt/task_feishu/prod_192.168.101.13/docker/docker-compose.yml: the attribute `version` is obsolete, it will be ignored, please remove it to avoid potential confusion"
[SUCCESS] Successfully obtained tenant_access_token, expires at Wed Dec 24 00:59:36 2025
[INFO] Fetched 100 records, total so far: 100
[INFO] Fetched 2 records, total so far: 102
[SUCCESS] Finished fetching all records. Total: 102
Using cached tenant_access_token
[INFO] Fetched 21 records, total so far: 21
[SUCCESS] Finished fetching all records. Total: 21
time="2025-12-23T16:00:01Z" level=warning msg="/opt/task_feishu/prod_192.168.101.13/docker/docker-compose.yml: the attribute `version` is obsolete, it will be ignored, please remove it to avoid potential confusion"
[SUCCESS] Successfully obtained tenant_access_token, expires at Wed Dec 24 00:59:36 2025
[INFO] Fetched 100 records, total so far: 100
[INFO] Fetched 2 records, total so far: 102
[SUCCESS] Finished fetching all records. Total: 102
Using cached tenant_access_token
[INFO] Fetched 21 records, total so far: 21
[SUCCESS] Finished fetching all records. Total: 21
time="2025-12-23T17:00:01Z" level=warning msg="/opt/task_feishu/prod_192.168.101.13/docker/docker-compose.yml: the attribute `version` is obsolete, it will be ignored, please remove it to avoid potential confusion"
[SUCCESS] Successfully obtained tenant_access_token, expires at Wed Dec 24 02:29:51 2025
[INFO] Fetched 100 records, total so far: 100
[INFO] Fetched 2 records, total so far: 102
[SUCCESS] Finished fetching all records. Total: 102
Using cached tenant_access_token
[INFO] Fetched 21 records, total so far: 21
[SUCCESS] Finished fetching all records. Total: 21
time="2025-12-23T18:00:01Z" level=warning msg="/opt/task_feishu/prod_192.168.101.13/docker/docker-compose.yml: the attribute `version` is obsolete, it will be ignored, please remove it to avoid potential confusion"
[SUCCESS] Successfully obtained tenant_access_token, expires at Wed Dec 24 03:59:59 2025
[INFO] Fetched 100 records, total so far: 100
[INFO] Fetched 4 records, total so far: 104
[SUCCESS] Finished fetching all records. Total: 104
Using cached tenant_access_token
[INFO] Fetched 21 records, total so far: 21
[SUCCESS] Finished fetching all records. Total: 21
time="2025-12-23T19:00:01Z" level=warning msg="/opt/task_feishu/prod_192.168.101.13/docker/docker-compose.yml: the attribute `version` is obsolete, it will be ignored, please remove it to avoid potential confusion"
[SUCCESS] Successfully obtained tenant_access_token, expires at Wed Dec 24 03:59:59 2025
[INFO] Fetched 100 records, total so far: 100
[INFO] Fetched 4 records, total so far: 104
[SUCCESS] Finished fetching all records. Total: 104
Using cached tenant_access_token
[INFO] Fetched 21 records, total so far: 21
[SUCCESS] Finished fetching all records. Total: 21
time="2025-12-23T20:00:01Z" level=warning msg="/opt/task_feishu/prod_192.168.101.13/docker/docker-compose.yml: the attribute `version` is obsolete, it will be ignored, please remove it to avoid potential confusion"
[SUCCESS] Successfully obtained tenant_access_token, expires at Wed Dec 24 05:30:18 2025
[INFO] Fetched 100 records, total so far: 100
[INFO] Fetched 4 records, total so far: 104
[SUCCESS] Finished fetching all records. Total: 104
Using cached tenant_access_token
[INFO] Fetched 21 records, total so far: 21
[SUCCESS] Finished fetching all records. Total: 21
time="2025-12-23T21:00:01Z" level=warning msg="/opt/task_feishu/prod_192.168.101.13/docker/docker-compose.yml: the attribute `version` is obsolete, it will be ignored, please remove it to avoid potential confusion"
[SUCCESS] Successfully obtained tenant_access_token, expires at Wed Dec 24 05:30:18 2025
[INFO] Fetched 100 records, total so far: 100
[INFO] Fetched 4 records, total so far: 104
[SUCCESS] Finished fetching all records. Total: 104
Using cached tenant_access_token
[INFO] Fetched 21 records, total so far: 21
[SUCCESS] Finished fetching all records. Total: 21
time="2025-12-23T22:00:01Z" level=warning msg="/opt/task_feishu/prod_192.168.101.13/docker/docker-compose.yml: the attribute `version` is obsolete, it will be ignored, please remove it to avoid potential confusion"
[SUCCESS] Successfully obtained tenant_access_token, expires at Wed Dec 24 07:00:32 2025
[INFO] Fetched 100 records, total so far: 100
[INFO] Fetched 4 records, total so far: 104
[SUCCESS] Finished fetching all records. Total: 104
Using cached tenant_access_token
[INFO] Fetched 21 records, total so far: 21
[SUCCESS] Finished fetching all records. Total: 21
time="2025-12-23T23:00:01Z" level=warning msg="/opt/task_feishu/prod_192.168.101.13/docker/docker-compose.yml: the attribute `version` is obsolete, it will be ignored, please remove it to avoid potential confusion"
[SUCCESS] Successfully obtained tenant_access_token, expires at Wed Dec 24 08:30:45 2025
[INFO] Fetched 100 records, total so far: 100
[INFO] Fetched 4 records, total so far: 104
[SUCCESS] Finished fetching all records. Total: 104
Using cached tenant_access_token
[INFO] Fetched 21 records, total so far: 21
[SUCCESS] Finished fetching all records. Total: 21
time="2025-12-24T00:00:01Z" level=warning msg="/opt/task_feishu/prod_192.168.101.13/docker/docker-compose.yml: the attribute `version` is obsolete, it will be ignored, please remove it to avoid potential confusion"
[SUCCESS] Successfully obtained tenant_access_token, expires at Wed Dec 24 08:30:45 2025
[INFO] Fetched 100 records, total so far: 100
[INFO] Fetched 4 records, total so far: 104
[SUCCESS] Finished fetching all records. Total: 104
Using cached tenant_access_token
[INFO] Fetched 22 records, total so far: 22
[SUCCESS] Finished fetching all records. Total: 22
time="2025-12-24T01:00:01Z" level=warning msg="/opt/task_feishu/prod_192.168.101.13/docker/docker-compose.yml: the attribute `version` is obsolete, it will be ignored, please remove it to avoid potential confusion"
[SUCCESS] Successfully obtained tenant_access_token, expires at Wed Dec 24 10:01:00 2025
[INFO] Fetched 100 records, total so far: 100
[INFO] Fetched 4 records, total so far: 104
[SUCCESS] Finished fetching all records. Total: 104
Using cached tenant_access_token
[INFO] Fetched 22 records, total so far: 22
[SUCCESS] Finished fetching all records. Total: 22
time="2025-12-24T02:00:01Z" level=warning msg="/opt/task_feishu/prod_192.168.101.13/docker/docker-compose.yml: the attribute `version` is obsolete, it will be ignored, please remove it to avoid potential confusion"
[SUCCESS] Successfully obtained tenant_access_token, expires at Wed Dec 24 11:31:15 2025
[INFO] Fetched 100 records, total so far: 100
[INFO] Fetched 4 records, total so far: 104
[SUCCESS] Finished fetching all records. Total: 104
Using cached tenant_access_token
[INFO] Fetched 22 records, total so far: 22
[SUCCESS] Finished fetching all records. Total: 22
time="2025-12-24T03:00:02Z" level=warning msg="/opt/task_feishu/prod_192.168.101.13/docker/docker-compose.yml: the attribute `version` is obsolete, it will be ignored, please remove it to avoid potential confusion"
[SUCCESS] Successfully obtained tenant_access_token, expires at Wed Dec 24 11:31:15 2025
[INFO] Fetched 100 records, total so far: 100
[INFO] Fetched 4 records, total so far: 104
[SUCCESS] Finished fetching all records. Total: 104
Using cached tenant_access_token
[INFO] Fetched 22 records, total so far: 22
[SUCCESS] Finished fetching all records. Total: 22
time="2025-12-24T04:00:01Z" level=warning msg="/opt/task_feishu/prod_192.168.101.13/docker/docker-compose.yml: the attribute `version` is obsolete, it will be ignored, please remove it to avoid potential confusion"
[SUCCESS] Successfully obtained tenant_access_token, expires at Wed Dec 24 13:01:32 2025
[INFO] Fetched 100 records, total so far: 100
[INFO] Fetched 4 records, total so far: 104
[SUCCESS] Finished fetching all records. Total: 104
Using cached tenant_access_token
[INFO] Fetched 22 records, total so far: 22
[SUCCESS] Finished fetching all records. Total: 22
time="2025-12-24T05:00:01Z" level=warning msg="/opt/task_feishu/prod_192.168.101.13/docker/docker-compose.yml: the attribute `version` is obsolete, it will be ignored, please remove it to avoid potential confusion"
[SUCCESS] Successfully obtained tenant_access_token, expires at Wed Dec 24 14:31:47 2025
[INFO] Fetched 100 records, total so far: 100
[INFO] Fetched 4 records, total so far: 104
[SUCCESS] Finished fetching all records. Total: 104
Using cached tenant_access_token
[INFO] Fetched 22 records, total so far: 22
[SUCCESS] Finished fetching all records. Total: 22
time="2025-12-24T06:00:01Z" level=warning msg="/opt/task_feishu/prod_192.168.101.13/docker/docker-compose.yml: the attribute `version` is obsolete, it will be ignored, please remove it to avoid potential confusion"
[SUCCESS] Successfully obtained tenant_access_token, expires at Wed Dec 24 14:31:48 2025
[INFO] Fetched 100 records, total so far: 100
[INFO] Fetched 4 records, total so far: 104
[SUCCESS] Finished fetching all records. Total: 104
Using cached tenant_access_token
[INFO] Fetched 22 records, total so far: 22
[SUCCESS] Finished fetching all records. Total: 22
time="2025-12-24T07:00:01Z" level=warning msg="/opt/task_feishu/prod_192.168.101.13/docker/docker-compose.yml: the attribute `version` is obsolete, it will be ignored, please remove it to avoid potential confusion"
[SUCCESS] Successfully obtained tenant_access_token, expires at Wed Dec 24 16:02:03 2025
[INFO] Fetched 100 records, total so far: 100
[INFO] Fetched 4 records, total so far: 104
[SUCCESS] Finished fetching all records. Total: 104
Using cached tenant_access_token
[INFO] Fetched 22 records, total so far: 22
[SUCCESS] Finished fetching all records. Total: 22
time="2025-12-24T08:00:01Z" level=warning msg="/opt/task_feishu/prod_192.168.101.13/docker/docker-compose.yml: the attribute `version` is obsolete, it will be ignored, please remove it to avoid potential confusion"
[SUCCESS] Successfully obtained tenant_access_token, expires at Wed Dec 24 17:32:21 2025
[INFO] Fetched 100 records, total so far: 100
[INFO] Fetched 4 records, total so far: 104
[SUCCESS] Finished fetching all records. Total: 104
Using cached tenant_access_token
[INFO] Fetched 22 records, total so far: 22
[SUCCESS] Finished fetching all records. Total: 22
time="2025-12-24T09:00:02Z" level=warning msg="/opt/task_feishu/prod_192.168.101.13/docker/docker-compose.yml: the attribute `version` is obsolete, it will be ignored, please remove it to avoid potential confusion"
[SUCCESS] Successfully obtained tenant_access_token, expires at Wed Dec 24 17:32:21 2025
[INFO] Fetched 100 records, total so far: 100
[INFO] Fetched 4 records, total so far: 104
[SUCCESS] Finished fetching all records. Total: 104
Using cached tenant_access_token
[INFO] Fetched 22 records, total so far: 22
[SUCCESS] Finished fetching all records. Total: 22
time="2025-12-24T10:00:01Z" level=warning msg="/opt/task_feishu/prod_192.168.101.13/docker/docker-compose.yml: the attribute `version` is obsolete, it will be ignored, please remove it to avoid potential confusion"
[SUCCESS] Successfully obtained tenant_access_token, expires at Wed Dec 24 19:02:39 2025
[INFO] Fetched 100 records, total so far: 100
[INFO] Fetched 4 records, total so far: 104
[SUCCESS] Finished fetching all records. Total: 104
Using cached tenant_access_token
[INFO] Fetched 22 records, total so far: 22
[SUCCESS] Finished fetching all records. Total: 22
time="2025-12-24T11:00:01Z" level=warning msg="/opt/task_feishu/prod_192.168.101.13/docker/docker-compose.yml: the attribute `version` is obsolete, it will be ignored, please remove it to avoid potential confusion"
[SUCCESS] Successfully obtained tenant_access_token, expires at Wed Dec 24 20:32:56 2025
[INFO] Fetched 100 records, total so far: 100
[INFO] Fetched 4 records, total so far: 104
[SUCCESS] Finished fetching all records. Total: 104
Using cached tenant_access_token
[INFO] Fetched 22 records, total so far: 22
[SUCCESS] Finished fetching all records. Total: 22
time="2025-12-24T12:00:01Z" level=warning msg="/opt/task_feishu/prod_192.168.101.13/docker/docker-compose.yml: the attribute `version` is obsolete, it will be ignored, please remove it to avoid potential confusion"
[SUCCESS] Successfully obtained tenant_access_token, expires at Wed Dec 24 20:32:56 2025
[INFO] Fetched 100 records, total so far: 100
[INFO] Fetched 4 records, total so far: 104
[SUCCESS] Finished fetching all records. Total: 104
Using cached tenant_access_token
[INFO] Fetched 22 records, total so far: 22
[SUCCESS] Finished fetching all records. Total: 22
time="2025-12-24T13:00:01Z" level=warning msg="/opt/task_feishu/prod_192.168.101.13/docker/docker-compose.yml: the attribute `version` is obsolete, it will be ignored, please remove it to avoid potential confusion"
[SUCCESS] Successfully obtained tenant_access_token, expires at Wed Dec 24 22:03:12 2025
[INFO] Fetched 100 records, total so far: 100
[INFO] Fetched 4 records, total so far: 104
[SUCCESS] Finished fetching all records. Total: 104
Using cached tenant_access_token
[INFO] Fetched 22 records, total so far: 22
[SUCCESS] Finished fetching all records. Total: 22
time="2025-12-24T14:00:01Z" level=warning msg="/opt/task_feishu/prod_192.168.101.13/docker/docker-compose.yml: the attribute `version` is obsolete, it will be ignored, please remove it to avoid potential confusion"
[SUCCESS] Successfully obtained tenant_access_token, expires at Wed Dec 24 23:33:28 2025
[INFO] Fetched 100 records, total so far: 100
[INFO] Fetched 4 records, total so far: 104
[SUCCESS] Finished fetching all records. Total: 104
Using cached tenant_access_token
[INFO] Fetched 22 records, total so far: 22
[SUCCESS] Finished fetching all records. Total: 22
time="2025-12-24T15:00:01Z" level=warning msg="/opt/task_feishu/prod_192.168.101.13/docker/docker-compose.yml: the attribute `version` is obsolete, it will be ignored, please remove it to avoid potential confusion"
[SUCCESS] Successfully obtained tenant_access_token, expires at Wed Dec 24 23:33:29 2025
[INFO] Fetched 100 records, total so far: 100
[INFO] Fetched 4 records, total so far: 104
[SUCCESS] Finished fetching all records. Total: 104
Using cached tenant_access_token
[INFO] Fetched 22 records, total so far: 22
[SUCCESS] Finished fetching all records. Total: 22
time="2025-12-24T16:00:01Z" level=warning msg="/opt/task_feishu/prod_192.168.101.13/docker/docker-compose.yml: the attribute `version` is obsolete, it will be ignored, please remove it to avoid potential confusion"
[SUCCESS] Successfully obtained tenant_access_token, expires at Thu Dec 25 01:03:42 2025
[INFO] Fetched 100 records, total so far: 100
[INFO] Fetched 4 records, total so far: 104
[SUCCESS] Finished fetching all records. Total: 104
Using cached tenant_access_token
[INFO] Fetched 22 records, total so far: 22
[SUCCESS] Finished fetching all records. Total: 22
time="2025-12-24T17:00:01Z" level=warning msg="/opt/task_feishu/prod_192.168.101.13/docker/docker-compose.yml: the attribute `version` is obsolete, it will be ignored, please remove it to avoid potential confusion"
[SUCCESS] Successfully obtained tenant_access_token, expires at Thu Dec 25 02:33:56 2025
[INFO] Fetched 100 records, total so far: 100
[INFO] Fetched 4 records, total so far: 104
[SUCCESS] Finished fetching all records. Total: 104
Using cached tenant_access_token
[INFO] Fetched 22 records, total so far: 22
[SUCCESS] Finished fetching all records. Total: 22
time="2025-12-24T18:00:01Z" level=warning msg="/opt/task_feishu/prod_192.168.101.13/docker/docker-compose.yml: the attribute `version` is obsolete, it will be ignored, please remove it to avoid potential confusion"
[SUCCESS] Successfully obtained tenant_access_token, expires at Thu Dec 25 02:33:56 2025
[INFO] Fetched 100 records, total so far: 100
[INFO] Fetched 5 records, total so far: 105
[SUCCESS] Finished fetching all records. Total: 105
Using cached tenant_access_token
[INFO] Fetched 22 records, total so far: 22
[SUCCESS] Finished fetching all records. Total: 22
time="2025-12-24T19:00:01Z" level=warning msg="/opt/task_feishu/prod_192.168.101.13/docker/docker-compose.yml: the attribute `version` is obsolete, it will be ignored, please remove it to avoid potential confusion"
[SUCCESS] Successfully obtained tenant_access_token, expires at Thu Dec 25 04:04:10 2025
[INFO] Fetched 100 records, total so far: 100
[INFO] Fetched 5 records, total so far: 105
[SUCCESS] Finished fetching all records. Total: 105
Using cached tenant_access_token
[INFO] Fetched 22 records, total so far: 22
[SUCCESS] Finished fetching all records. Total: 22
time="2025-12-24T20:00:01Z" level=warning msg="/opt/task_feishu/prod_192.168.101.13/docker/docker-compose.yml: the attribute `version` is obsolete, it will be ignored, please remove it to avoid potential confusion"
[SUCCESS] Successfully obtained tenant_access_token, expires at Thu Dec 25 05:34:23 2025
[INFO] Fetched 100 records, total so far: 100
[INFO] Fetched 5 records, total so far: 105
[SUCCESS] Finished fetching all records. Total: 105
Using cached tenant_access_token
[INFO] Fetched 22 records, total so far: 22
[SUCCESS] Finished fetching all records. Total: 22
time="2025-12-24T21:00:01Z" level=warning msg="/opt/task_feishu/prod_192.168.101.13/docker/docker-compose.yml: the attribute `version` is obsolete, it will be ignored, please remove it to avoid potential confusion"
[SUCCESS] Successfully obtained tenant_access_token, expires at Thu Dec 25 05:34:23 2025
[INFO] Fetched 100 records, total so far: 100
[INFO] Fetched 5 records, total so far: 105
[SUCCESS] Finished fetching all records. Total: 105
Using cached tenant_access_token
[INFO] Fetched 22 records, total so far: 22
[SUCCESS] Finished fetching all records. Total: 22
time="2025-12-24T22:00:01Z" level=warning msg="/opt/task_feishu/prod_192.168.101.13/docker/docker-compose.yml: the attribute `version` is obsolete, it will be ignored, please remove it to avoid potential confusion"
[SUCCESS] Successfully obtained tenant_access_token, expires at Thu Dec 25 07:04:37 2025
[INFO] Fetched 100 records, total so far: 100
[INFO] Fetched 5 records, total so far: 105
[SUCCESS] Finished fetching all records. Total: 105
Using cached tenant_access_token
[INFO] Fetched 22 records, total so far: 22
[SUCCESS] Finished fetching all records. Total: 22
time="2025-12-24T23:00:02Z" level=warning msg="/opt/task_feishu/prod_192.168.101.13/docker/docker-compose.yml: the attribute `version` is obsolete, it will be ignored, please remove it to avoid potential confusion"
[SUCCESS] Successfully obtained tenant_access_token, expires at Thu Dec 25 08:35:05 2025
[INFO] Fetched 100 records, total so far: 100
[INFO] Fetched 5 records, total so far: 105
[SUCCESS] Finished fetching all records. Total: 105
Using cached tenant_access_token
[INFO] Fetched 22 records, total so far: 22
[SUCCESS] Finished fetching all records. Total: 22
time="2025-12-25T00:00:01Z" level=warning msg="/opt/task_feishu/prod_192.168.101.13/docker/docker-compose.yml: the attribute `version` is obsolete, it will be ignored, please remove it to avoid potential confusion"
[SUCCESS] Successfully obtained tenant_access_token, expires at Thu Dec 25 08:35:05 2025
[INFO] Fetched 100 records, total so far: 100
[INFO] Fetched 5 records, total so far: 105
[SUCCESS] Finished fetching all records. Total: 105
Using cached tenant_access_token
[INFO] Fetched 22 records, total so far: 22
[SUCCESS] Finished fetching all records. Total: 22
time="2025-12-25T01:00:01Z" level=warning msg="/opt/task_feishu/prod_192.168.101.13/docker/docker-compose.yml: the attribute `version` is obsolete, it will be ignored, please remove it to avoid potential confusion"
[SUCCESS] Successfully obtained tenant_access_token, expires at Thu Dec 25 10:05:18 2025
[INFO] Fetched 100 records, total so far: 100
[INFO] Fetched 5 records, total so far: 105
[SUCCESS] Finished fetching all records. Total: 105
Using cached tenant_access_token
[INFO] Fetched 22 records, total so far: 22
[SUCCESS] Finished fetching all records. Total: 22
time="2025-12-25T02:00:01Z" level=warning msg="/opt/task_feishu/prod_192.168.101.13/docker/docker-compose.yml: the attribute `version` is obsolete, it will be ignored, please remove it to avoid potential confusion"
[SUCCESS] Successfully obtained tenant_access_token, expires at Thu Dec 25 11:35:33 2025
[INFO] Fetched 100 records, total so far: 100
[INFO] Fetched 5 records, total so far: 105
[SUCCESS] Finished fetching all records. Total: 105
Using cached tenant_access_token
[INFO] Fetched 22 records, total so far: 22
[SUCCESS] Finished fetching all records. Total: 22
time="2025-12-25T03:00:02Z" level=warning msg="/opt/task_feishu/prod_192.168.101.13/docker/docker-compose.yml: the attribute `version` is obsolete, it will be ignored, please remove it to avoid potential confusion"
[SUCCESS] Successfully obtained tenant_access_token, expires at Thu Dec 25 11:35:33 2025
[INFO] Fetched 100 records, total so far: 100
[INFO] Fetched 5 records, total so far: 105
[SUCCESS] Finished fetching all records. Total: 105
Using cached tenant_access_token
[INFO] Fetched 22 records, total so far: 22
[SUCCESS] Finished fetching all records. Total: 22
time="2025-12-25T04:00:01Z" level=warning msg="/opt/task_feishu/prod_192.168.101.13/docker/docker-compose.yml: the attribute `version` is obsolete, it will be ignored, please remove it to avoid potential confusion"
[SUCCESS] Successfully obtained tenant_access_token, expires at Thu Dec 25 13:05:49 2025
[INFO] Fetched 100 records, total so far: 100
[INFO] Fetched 5 records, total so far: 105
[SUCCESS] Finished fetching all records. Total: 105
Using cached tenant_access_token
[INFO] Fetched 22 records, total so far: 22
[SUCCESS] Finished fetching all records. Total: 22
time="2025-12-25T05:00:01Z" level=warning msg="/opt/task_feishu/prod_192.168.101.13/docker/docker-compose.yml: the attribute `version` is obsolete, it will be ignored, please remove it to avoid potential confusion"
[SUCCESS] Successfully obtained tenant_access_token, expires at Thu Dec 25 14:36:06 2025
[INFO] Fetched 100 records, total so far: 100
[INFO] Fetched 5 records, total so far: 105
[SUCCESS] Finished fetching all records. Total: 105
Using cached tenant_access_token
[INFO] Fetched 22 records, total so far: 22
[SUCCESS] Finished fetching all records. Total: 22
time="2025-12-25T06:00:01Z" level=warning msg="/opt/task_feishu/prod_192.168.101.13/docker/docker-compose.yml: the attribute `version` is obsolete, it will be ignored, please remove it to avoid potential confusion"
[SUCCESS] Successfully obtained tenant_access_token, expires at Thu Dec 25 14:36:06 2025
[INFO] Fetched 100 records, total so far: 100
[INFO] Fetched 5 records, total so far: 105
[SUCCESS] Finished fetching all records. Total: 105
Using cached tenant_access_token
[INFO] Fetched 22 records, total so far: 22
[SUCCESS] Finished fetching all records. Total: 22
time="2025-12-25T07:00:01Z" level=warning msg="/opt/task_feishu/prod_192.168.101.13/docker/docker-compose.yml: the attribute `version` is obsolete, it will be ignored, please remove it to avoid potential confusion"
[SUCCESS] Successfully obtained tenant_access_token, expires at Thu Dec 25 16:06:21 2025
[INFO] Fetched 100 records, total so far: 100
[INFO] Fetched 5 records, total so far: 105
[SUCCESS] Finished fetching all records. Total: 105
Using cached tenant_access_token
[INFO] Fetched 22 records, total so far: 22
[SUCCESS] Finished fetching all records. Total: 22
time="2025-12-25T08:00:01Z" level=warning msg="/opt/task_feishu/prod_192.168.101.13/docker/docker-compose.yml: the attribute `version` is obsolete, it will be ignored, please remove it to avoid potential confusion"
[SUCCESS] Successfully obtained tenant_access_token, expires at Thu Dec 25 17:36:38 2025
[INFO] Fetched 100 records, total so far: 100
[INFO] Fetched 5 records, total so far: 105
[SUCCESS] Finished fetching all records. Total: 105
Using cached tenant_access_token
[INFO] Fetched 22 records, total so far: 22
[SUCCESS] Finished fetching all records. Total: 22
time="2025-12-25T09:00:01Z" level=warning msg="/opt/task_feishu/prod_192.168.101.13/docker/docker-compose.yml: the attribute `version` is obsolete, it will be ignored, please remove it to avoid potential confusion"
[SUCCESS] Successfully obtained tenant_access_token, expires at Thu Dec 25 17:36:38 2025
[INFO] Fetched 100 records, total so far: 100
[INFO] Fetched 5 records, total so far: 105
[SUCCESS] Finished fetching all records. Total: 105
Using cached tenant_access_token
[INFO] Fetched 22 records, total so far: 22
[SUCCESS] Finished fetching all records. Total: 22
time="2025-12-25T10:00:01Z" level=warning msg="/opt/task_feishu/prod_192.168.101.13/docker/docker-compose.yml: the attribute `version` is obsolete, it will be ignored, please remove it to avoid potential confusion"
[SUCCESS] Successfully obtained tenant_access_token, expires at Thu Dec 25 19:06:57 2025
[INFO] Fetched 100 records, total so far: 100
[INFO] Fetched 5 records, total so far: 105
[SUCCESS] Finished fetching all records. Total: 105
Using cached tenant_access_token
[INFO] Fetched 22 records, total so far: 22
[SUCCESS] Finished fetching all records. Total: 22
time="2025-12-25T11:00:01Z" level=warning msg="/opt/task_feishu/prod_192.168.101.13/docker/docker-compose.yml: the attribute `version` is obsolete, it will be ignored, please remove it to avoid potential confusion"
[SUCCESS] Successfully obtained tenant_access_token, expires at Thu Dec 25 20:37:14 2025
[INFO] Fetched 100 records, total so far: 100
[INFO] Fetched 5 records, total so far: 105
[SUCCESS] Finished fetching all records. Total: 105
Using cached tenant_access_token
[INFO] Fetched 22 records, total so far: 22
[SUCCESS] Finished fetching all records. Total: 22
time="2025-12-25T12:00:01Z" level=warning msg="/opt/task_feishu/prod_192.168.101.13/docker/docker-compose.yml: the attribute `version` is obsolete, it will be ignored, please remove it to avoid potential confusion"
[SUCCESS] Successfully obtained tenant_access_token, expires at Thu Dec 25 20:37:14 2025
[INFO] Fetched 100 records, total so far: 100
[INFO] Fetched 5 records, total so far: 105
[SUCCESS] Finished fetching all records. Total: 105
Using cached tenant_access_token
[INFO] Fetched 22 records, total so far: 22
[SUCCESS] Finished fetching all records. Total: 22
time="2025-12-25T13:00:01Z" level=warning msg="/opt/task_feishu/prod_192.168.101.13/docker/docker-compose.yml: the attribute `version` is obsolete, it will be ignored, please remove it to avoid potential confusion"
[SUCCESS] Successfully obtained tenant_access_token, expires at Thu Dec 25 22:07:30 2025
[INFO] Fetched 100 records, total so far: 100
[INFO] Fetched 5 records, total so far: 105
[SUCCESS] Finished fetching all records. Total: 105
Using cached tenant_access_token
[INFO] Fetched 22 records, total so far: 22
[SUCCESS] Finished fetching all records. Total: 22
time="2025-12-25T14:00:01Z" level=warning msg="/opt/task_feishu/prod_192.168.101.13/docker/docker-compose.yml: the attribute `version` is obsolete, it will be ignored, please remove it to avoid potential confusion"
[SUCCESS] Successfully obtained tenant_access_token, expires at Thu Dec 25 23:37:46 2025
[INFO] Fetched 100 records, total so far: 100
[INFO] Fetched 5 records, total so far: 105
[SUCCESS] Finished fetching all records. Total: 105
Using cached tenant_access_token
[INFO] Fetched 22 records, total so far: 22
[SUCCESS] Finished fetching all records. Total: 22
time="2025-12-25T15:00:01Z" level=warning msg="/opt/task_feishu/prod_192.168.101.13/docker/docker-compose.yml: the attribute `version` is obsolete, it will be ignored, please remove it to avoid potential confusion"
[SUCCESS] Successfully obtained tenant_access_token, expires at Thu Dec 25 23:37:46 2025
[INFO] Fetched 100 records, total so far: 100
[INFO] Fetched 5 records, total so far: 105
[SUCCESS] Finished fetching all records. Total: 105
Using cached tenant_access_token
[INFO] Fetched 22 records, total so far: 22
[SUCCESS] Finished fetching all records. Total: 22
time="2025-12-25T16:00:01Z" level=warning msg="/opt/task_feishu/prod_192.168.101.13/docker/docker-compose.yml: the attribute `version` is obsolete, it will be ignored, please remove it to avoid potential confusion"
[SUCCESS] Successfully obtained tenant_access_token, expires at Fri Dec 26 01:08:02 2025
[INFO] Fetched 100 records, total so far: 100
[INFO] Fetched 5 records, total so far: 105
[SUCCESS] Finished fetching all records. Total: 105
Using cached tenant_access_token
[INFO] Fetched 22 records, total so far: 22
[SUCCESS] Finished fetching all records. Total: 22
time="2025-12-25T17:00:01Z" level=warning msg="/opt/task_feishu/prod_192.168.101.13/docker/docker-compose.yml: the attribute `version` is obsolete, it will be ignored, please remove it to avoid potential confusion"
[SUCCESS] Successfully obtained tenant_access_token, expires at Fri Dec 26 02:38:17 2025
[INFO] Fetched 100 records, total so far: 100
[INFO] Fetched 5 records, total so far: 105
[SUCCESS] Finished fetching all records. Total: 105
Using cached tenant_access_token
[INFO] Fetched 22 records, total so far: 22
[SUCCESS] Finished fetching all records. Total: 22
time="2025-12-25T18:00:01Z" level=warning msg="/opt/task_feishu/prod_192.168.101.13/docker/docker-compose.yml: the attribute `version` is obsolete, it will be ignored, please remove it to avoid potential confusion"
[SUCCESS] Successfully obtained tenant_access_token, expires at Fri Dec 26 02:38:17 2025
[INFO] Fetched 100 records, total so far: 100
[INFO] Fetched 7 records, total so far: 107
[SUCCESS] Finished fetching all records. Total: 107
Using cached tenant_access_token
[INFO] Fetched 22 records, total so far: 22
[SUCCESS] Finished fetching all records. Total: 22
time="2025-12-25T19:00:01Z" level=warning msg="/opt/task_feishu/prod_192.168.101.13/docker/docker-compose.yml: the attribute `version` is obsolete, it will be ignored, please remove it to avoid potential confusion"
[SUCCESS] Successfully obtained tenant_access_token, expires at Fri Dec 26 04:08:32 2025
[INFO] Fetched 100 records, total so far: 100
[INFO] Fetched 7 records, total so far: 107
[SUCCESS] Finished fetching all records. Total: 107
Using cached tenant_access_token
[INFO] Fetched 22 records, total so far: 22
[SUCCESS] Finished fetching all records. Total: 22
time="2025-12-25T20:00:01Z" level=warning msg="/opt/task_feishu/prod_192.168.101.13/docker/docker-compose.yml: the attribute `version` is obsolete, it will be ignored, please remove it to avoid potential confusion"
[SUCCESS] Successfully obtained tenant_access_token, expires at Fri Dec 26 05:38:46 2025
[INFO] Fetched 100 records, total so far: 100
[INFO] Fetched 7 records, total so far: 107
[SUCCESS] Finished fetching all records. Total: 107
Using cached tenant_access_token
[INFO] Fetched 22 records, total so far: 22
[SUCCESS] Finished fetching all records. Total: 22
time="2025-12-25T21:00:01Z" level=warning msg="/opt/task_feishu/prod_192.168.101.13/docker/docker-compose.yml: the attribute `version` is obsolete, it will be ignored, please remove it to avoid potential confusion"
[SUCCESS] Successfully obtained tenant_access_token, expires at Fri Dec 26 05:38:46 2025
[INFO] Fetched 100 records, total so far: 100
[INFO] Fetched 7 records, total so far: 107
[SUCCESS] Finished fetching all records. Total: 107
Using cached tenant_access_token
[INFO] Fetched 22 records, total so far: 22
[SUCCESS] Finished fetching all records. Total: 22
time="2025-12-25T22:00:01Z" level=warning msg="/opt/task_feishu/prod_192.168.101.13/docker/docker-compose.yml: the attribute `version` is obsolete, it will be ignored, please remove it to avoid potential confusion"
[SUCCESS] Successfully obtained tenant_access_token, expires at Fri Dec 26 07:09:00 2025
[INFO] Fetched 100 records, total so far: 100
[INFO] Fetched 7 records, total so far: 107
[SUCCESS] Finished fetching all records. Total: 107
Using cached tenant_access_token
[INFO] Fetched 22 records, total so far: 22
[SUCCESS] Finished fetching all records. Total: 22
time="2025-12-25T23:00:01Z" level=warning msg="/opt/task_feishu/prod_192.168.101.13/docker/docker-compose.yml: the attribute `version` is obsolete, it will be ignored, please remove it to avoid potential confusion"
[SUCCESS] Successfully obtained tenant_access_token, expires at Fri Dec 26 08:39:14 2025
[INFO] Fetched 100 records, total so far: 100
[INFO] Fetched 7 records, total so far: 107
[SUCCESS] Finished fetching all records. Total: 107
Using cached tenant_access_token
[INFO] Fetched 22 records, total so far: 22
[SUCCESS] Finished fetching all records. Total: 22
time="2025-12-26T00:00:01Z" level=warning msg="/opt/task_feishu/prod_192.168.101.13/docker/docker-compose.yml: the attribute `version` is obsolete, it will be ignored, please remove it to avoid potential confusion"
[SUCCESS] Successfully obtained tenant_access_token, expires at Fri Dec 26 08:39:14 2025
[INFO] Fetched 100 records, total so far: 100
[INFO] Fetched 7 records, total so far: 107
[SUCCESS] Finished fetching all records. Total: 107
Using cached tenant_access_token
[INFO] Fetched 22 records, total so far: 22
[SUCCESS] Finished fetching all records. Total: 22
time="2025-12-26T01:00:01Z" level=warning msg="/opt/task_feishu/prod_192.168.101.13/docker/docker-compose.yml: the attribute `version` is obsolete, it will be ignored, please remove it to avoid potential confusion"
[SUCCESS] Successfully obtained tenant_access_token, expires at Fri Dec 26 10:09:29 2025
[INFO] Fetched 100 records, total so far: 100
[INFO] Fetched 7 records, total so far: 107
[SUCCESS] Finished fetching all records. Total: 107
Using cached tenant_access_token
[INFO] Fetched 22 records, total so far: 22
[SUCCESS] Finished fetching all records. Total: 22
time="2025-12-26T02:00:01Z" level=warning msg="/opt/task_feishu/prod_192.168.101.13/docker/docker-compose.yml: the attribute `version` is obsolete, it will be ignored, please remove it to avoid potential confusion"
[SUCCESS] Successfully obtained tenant_access_token, expires at Fri Dec 26 11:39:45 2025
[INFO] Fetched 100 records, total so far: 100
[INFO] Fetched 7 records, total so far: 107
[SUCCESS] Finished fetching all records. Total: 107
Using cached tenant_access_token
[INFO] Fetched 22 records, total so far: 22
[SUCCESS] Finished fetching all records. Total: 22
time="2025-12-26T03:00:01Z" level=warning msg="/opt/task_feishu/prod_192.168.101.13/docker/docker-compose.yml: the attribute `version` is obsolete, it will be ignored, please remove it to avoid potential confusion"
[SUCCESS] Successfully obtained tenant_access_token, expires at Fri Dec 26 11:39:45 2025
[INFO] Fetched 100 records, total so far: 100
[INFO] Fetched 7 records, total so far: 107
[SUCCESS] Finished fetching all records. Total: 107
Using cached tenant_access_token
[INFO] Fetched 22 records, total so far: 22
[SUCCESS] Finished fetching all records. Total: 22
time="2025-12-26T04:00:01Z" level=warning msg="/opt/task_feishu/prod_192.168.101.13/docker/docker-compose.yml: the attribute `version` is obsolete, it will be ignored, please remove it to avoid potential confusion"
[SUCCESS] Successfully obtained tenant_access_token, expires at Fri Dec 26 13:10:03 2025
[INFO] Fetched 100 records, total so far: 100
[INFO] Fetched 7 records, total so far: 107
[SUCCESS] Finished fetching all records. Total: 107
Using cached tenant_access_token
[INFO] Fetched 22 records, total so far: 22
[SUCCESS] Finished fetching all records. Total: 22
time="2025-12-26T05:00:02Z" level=warning msg="/opt/task_feishu/prod_192.168.101.13/docker/docker-compose.yml: the attribute `version` is obsolete, it will be ignored, please remove it to avoid potential confusion"
[SUCCESS] Successfully obtained tenant_access_token, expires at Fri Dec 26 14:40:22 2025
[INFO] Fetched 100 records, total so far: 100
[INFO] Fetched 7 records, total so far: 107
[SUCCESS] Finished fetching all records. Total: 107
Using cached tenant_access_token
[INFO] Fetched 22 records, total so far: 22
[SUCCESS] Finished fetching all records. Total: 22
time="2025-12-26T06:00:02Z" level=warning msg="/opt/task_feishu/prod_192.168.101.13/docker/docker-compose.yml: the attribute `version` is obsolete, it will be ignored, please remove it to avoid potential confusion"
[SUCCESS] Successfully obtained tenant_access_token, expires at Fri Dec 26 14:40:22 2025
[INFO] Fetched 100 records, total so far: 100
[INFO] Fetched 7 records, total so far: 107
[SUCCESS] Finished fetching all records. Total: 107
Using cached tenant_access_token
[INFO] Fetched 22 records, total so far: 22
[SUCCESS] Finished fetching all records. Total: 22
time="2025-12-26T07:00:02Z" level=warning msg="/opt/task_feishu/prod_192.168.101.13/docker/docker-compose.yml: the attribute `version` is obsolete, it will be ignored, please remove it to avoid potential confusion"
[SUCCESS] Successfully obtained tenant_access_token, expires at Fri Dec 26 16:10:38 2025
[INFO] Fetched 100 records, total so far: 100
[INFO] Fetched 7 records, total so far: 107
[SUCCESS] Finished fetching all records. Total: 107
Using cached tenant_access_token
[INFO] Fetched 22 records, total so far: 22
[SUCCESS] Finished fetching all records. Total: 22
time="2025-12-26T08:00:01Z" level=warning msg="/opt/task_feishu/prod_192.168.101.13/docker/docker-compose.yml: the attribute `version` is obsolete, it will be ignored, please remove it to avoid potential confusion"
[SUCCESS] Successfully obtained tenant_access_token, expires at Fri Dec 26 17:40:57 2025
[INFO] Fetched 100 records, total so far: 100
[INFO] Fetched 7 records, total so far: 107
[SUCCESS] Finished fetching all records. Total: 107
Using cached tenant_access_token
[INFO] Fetched 22 records, total so far: 22
[SUCCESS] Finished fetching all records. Total: 22
time="2025-12-26T09:00:01Z" level=warning msg="/opt/task_feishu/prod_192.168.101.13/docker/docker-compose.yml: the attribute `version` is obsolete, it will be ignored, please remove it to avoid potential confusion"
[SUCCESS] Successfully obtained tenant_access_token, expires at Fri Dec 26 17:40:57 2025
[INFO] Fetched 100 records, total so far: 100
[INFO] Fetched 7 records, total so far: 107
[SUCCESS] Finished fetching all records. Total: 107
Using cached tenant_access_token
[INFO] Fetched 22 records, total so far: 22
[SUCCESS] Finished fetching all records. Total: 22
time="2025-12-26T10:00:01Z" level=warning msg="/opt/task_feishu/prod_192.168.101.13/docker/docker-compose.yml: the attribute `version` is obsolete, it will be ignored, please remove it to avoid potential confusion"
[SUCCESS] Successfully obtained tenant_access_token, expires at Fri Dec 26 19:11:17 2025
[INFO] Fetched 100 records, total so far: 100
[INFO] Fetched 7 records, total so far: 107
[SUCCESS] Finished fetching all records. Total: 107
Using cached tenant_access_token
[INFO] Fetched 22 records, total so far: 22
[SUCCESS] Finished fetching all records. Total: 22
time="2025-12-26T11:00:01Z" level=warning msg="/opt/task_feishu/prod_192.168.101.13/docker/docker-compose.yml: the attribute `version` is obsolete, it will be ignored, please remove it to avoid potential confusion"
[SUCCESS] Successfully obtained tenant_access_token, expires at Fri Dec 26 20:41:36 2025
[INFO] Fetched 100 records, total so far: 100
[INFO] Fetched 7 records, total so far: 107
[SUCCESS] Finished fetching all records. Total: 107
Using cached tenant_access_token
[INFO] Fetched 22 records, total so far: 22
[SUCCESS] Finished fetching all records. Total: 22
time="2025-12-26T12:00:01Z" level=warning msg="/opt/task_feishu/prod_192.168.101.13/docker/docker-compose.yml: the attribute `version` is obsolete, it will be ignored, please remove it to avoid potential confusion"
[SUCCESS] Successfully obtained tenant_access_token, expires at Fri Dec 26 20:41:36 2025
[INFO] Fetched 100 records, total so far: 100
[INFO] Fetched 7 records, total so far: 107
[SUCCESS] Finished fetching all records. Total: 107
Using cached tenant_access_token
[INFO] Fetched 22 records, total so far: 22
[SUCCESS] Finished fetching all records. Total: 22
time="2025-12-26T13:00:01Z" level=warning msg="/opt/task_feishu/prod_192.168.101.13/docker/docker-compose.yml: the attribute `version` is obsolete, it will be ignored, please remove it to avoid potential confusion"
[SUCCESS] Successfully obtained tenant_access_token, expires at Fri Dec 26 22:11:54 2025
[INFO] Fetched 100 records, total so far: 100
[INFO] Fetched 7 records, total so far: 107
[SUCCESS] Finished fetching all records. Total: 107
Using cached tenant_access_token
[INFO] Fetched 22 records, total so far: 22
[SUCCESS] Finished fetching all records. Total: 22
time="2025-12-26T14:00:01Z" level=warning msg="/opt/task_feishu/prod_192.168.101.13/docker/docker-compose.yml: the attribute `version` is obsolete, it will be ignored, please remove it to avoid potential confusion"
[SUCCESS] Successfully obtained tenant_access_token, expires at Fri Dec 26 23:42:11 2025
[INFO] Fetched 100 records, total so far: 100
[INFO] Fetched 7 records, total so far: 107
[SUCCESS] Finished fetching all records. Total: 107
Using cached tenant_access_token
[INFO] Fetched 22 records, total so far: 22
[SUCCESS] Finished fetching all records. Total: 22
time="2025-12-26T15:00:01Z" level=warning msg="/opt/task_feishu/prod_192.168.101.13/docker/docker-compose.yml: the attribute `version` is obsolete, it will be ignored, please remove it to avoid potential confusion"
[SUCCESS] Successfully obtained tenant_access_token, expires at Fri Dec 26 23:42:11 2025
[INFO] Fetched 100 records, total so far: 100
[INFO] Fetched 7 records, total so far: 107
[SUCCESS] Finished fetching all records. Total: 107
Using cached tenant_access_token
[INFO] Fetched 22 records, total so far: 22
[SUCCESS] Finished fetching all records. Total: 22
time="2025-12-26T16:00:01Z" level=warning msg="/opt/task_feishu/prod_192.168.101.13/docker/docker-compose.yml: the attribute `version` is obsolete, it will be ignored, please remove it to avoid potential confusion"
[SUCCESS] Successfully obtained tenant_access_token, expires at Sat Dec 27 01:12:27 2025
[INFO] Fetched 100 records, total so far: 100
[INFO] Fetched 7 records, total so far: 107
[SUCCESS] Finished fetching all records. Total: 107
Using cached tenant_access_token
[INFO] Fetched 22 records, total so far: 22
[SUCCESS] Finished fetching all records. Total: 22
time="2025-12-26T17:00:02Z" level=warning msg="/opt/task_feishu/prod_192.168.101.13/docker/docker-compose.yml: the attribute `version` is obsolete, it will be ignored, please remove it to avoid potential confusion"
[SUCCESS] Successfully obtained tenant_access_token, expires at Sat Dec 27 02:42:43 2025
[INFO] Fetched 100 records, total so far: 100
[INFO] Fetched 7 records, total so far: 107
[SUCCESS] Finished fetching all records. Total: 107
Using cached tenant_access_token
[INFO] Fetched 22 records, total so far: 22
[SUCCESS] Finished fetching all records. Total: 22
time="2025-12-26T18:00:02Z" level=warning msg="/opt/task_feishu/prod_192.168.101.13/docker/docker-compose.yml: the attribute `version` is obsolete, it will be ignored, please remove it to avoid potential confusion"
[SUCCESS] Successfully obtained tenant_access_token, expires at Sat Dec 27 02:42:43 2025
[INFO] Fetched 100 records, total so far: 100
[INFO] Fetched 12 records, total so far: 112
[SUCCESS] Finished fetching all records. Total: 112
Using cached tenant_access_token
[INFO] Fetched 22 records, total so far: 22
[SUCCESS] Finished fetching all records. Total: 22
time="2025-12-26T19:00:01Z" level=warning msg="/opt/task_feishu/prod_192.168.101.13/docker/docker-compose.yml: the attribute `version` is obsolete, it will be ignored, please remove it to avoid potential confusion"
[SUCCESS] Successfully obtained tenant_access_token, expires at Sat Dec 27 04:12:58 2025
[INFO] Fetched 100 records, total so far: 100
[INFO] Fetched 12 records, total so far: 112
[SUCCESS] Finished fetching all records. Total: 112
Using cached tenant_access_token
[INFO] Fetched 22 records, total so far: 22
[SUCCESS] Finished fetching all records. Total: 22
time="2025-12-26T20:00:01Z" level=warning msg="/opt/task_feishu/prod_192.168.101.13/docker/docker-compose.yml: the attribute `version` is obsolete, it will be ignored, please remove it to avoid potential confusion"
[SUCCESS] Successfully obtained tenant_access_token, expires at Sat Dec 27 05:43:12 2025
[INFO] Fetched 100 records, total so far: 100
[INFO] Fetched 12 records, total so far: 112
[SUCCESS] Finished fetching all records. Total: 112
Using cached tenant_access_token
[INFO] Fetched 22 records, total so far: 22
[SUCCESS] Finished fetching all records. Total: 22
time="2025-12-26T21:00:01Z" level=warning msg="/opt/task_feishu/prod_192.168.101.13/docker/docker-compose.yml: the attribute `version` is obsolete, it will be ignored, please remove it to avoid potential confusion"
[SUCCESS] Successfully obtained tenant_access_token, expires at Sat Dec 27 05:43:12 2025
[INFO] Fetched 100 records, total so far: 100
[INFO] Fetched 12 records, total so far: 112
[SUCCESS] Finished fetching all records. Total: 112
Using cached tenant_access_token
[INFO] Fetched 22 records, total so far: 22
[SUCCESS] Finished fetching all records. Total: 22
time="2025-12-26T22:00:01Z" level=warning msg="/opt/task_feishu/prod_192.168.101.13/docker/docker-compose.yml: the attribute `version` is obsolete, it will be ignored, please remove it to avoid potential confusion"
[SUCCESS] Successfully obtained tenant_access_token, expires at Sat Dec 27 07:13:27 2025
[INFO] Fetched 100 records, total so far: 100
[INFO] Fetched 12 records, total so far: 112
[SUCCESS] Finished fetching all records. Total: 112
Using cached tenant_access_token
[INFO] Fetched 22 records, total so far: 22
[SUCCESS] Finished fetching all records. Total: 22
time="2025-12-26T23:00:02Z" level=warning msg="/opt/task_feishu/prod_192.168.101.13/docker/docker-compose.yml: the attribute `version` is obsolete, it will be ignored, please remove it to avoid potential confusion"
[SUCCESS] Successfully obtained tenant_access_token, expires at Sat Dec 27 08:43:41 2025
[INFO] Fetched 100 records, total so far: 100
[INFO] Fetched 12 records, total so far: 112
[SUCCESS] Finished fetching all records. Total: 112
Using cached tenant_access_token
[INFO] Fetched 22 records, total so far: 22
[SUCCESS] Finished fetching all records. Total: 22
time="2025-12-27T00:00:01Z" level=warning msg="/opt/task_feishu/prod_192.168.101.13/docker/docker-compose.yml: the attribute `version` is obsolete, it will be ignored, please remove it to avoid potential confusion"
[SUCCESS] Successfully obtained tenant_access_token, expires at Sat Dec 27 08:43:41 2025
[INFO] Fetched 100 records, total so far: 100
[INFO] Fetched 12 records, total so far: 112
[SUCCESS] Finished fetching all records. Total: 112
Using cached tenant_access_token
[INFO] Fetched 22 records, total so far: 22
[SUCCESS] Finished fetching all records. Total: 22
time="2025-12-27T01:00:02Z" level=warning msg="/opt/task_feishu/prod_192.168.101.13/docker/docker-compose.yml: the attribute `version` is obsolete, it will be ignored, please remove it to avoid potential confusion"
[SUCCESS] Successfully obtained tenant_access_token, expires at Sat Dec 27 10:13:56 2025
[INFO] Fetched 100 records, total so far: 100
[INFO] Fetched 12 records, total so far: 112
[SUCCESS] Finished fetching all records. Total: 112
Using cached tenant_access_token
[INFO] Fetched 22 records, total so far: 22
[SUCCESS] Finished fetching all records. Total: 22
time="2025-12-27T02:00:01Z" level=warning msg="/opt/task_feishu/prod_192.168.101.13/docker/docker-compose.yml: the attribute `version` is obsolete, it will be ignored, please remove it to avoid potential confusion"
[SUCCESS] Successfully obtained tenant_access_token, expires at Sat Dec 27 11:44:11 2025
[INFO] Fetched 100 records, total so far: 100
[INFO] Fetched 12 records, total so far: 112
[SUCCESS] Finished fetching all records. Total: 112
Using cached tenant_access_token
[INFO] Fetched 22 records, total so far: 22
[SUCCESS] Finished fetching all records. Total: 22
time="2025-12-27T03:00:01Z" level=warning msg="/opt/task_feishu/prod_192.168.101.13/docker/docker-compose.yml: the attribute `version` is obsolete, it will be ignored, please remove it to avoid potential confusion"
[SUCCESS] Successfully obtained tenant_access_token, expires at Sat Dec 27 11:44:11 2025
[INFO] Fetched 100 records, total so far: 100
[INFO] Fetched 12 records, total so far: 112
[SUCCESS] Finished fetching all records. Total: 112
Using cached tenant_access_token
[INFO] Fetched 22 records, total so far: 22
[SUCCESS] Finished fetching all records. Total: 22
time="2025-12-27T04:00:01Z" level=warning msg="/opt/task_feishu/prod_192.168.101.13/docker/docker-compose.yml: the attribute `version` is obsolete, it will be ignored, please remove it to avoid potential confusion"
[SUCCESS] Successfully obtained tenant_access_token, expires at Sat Dec 27 13:14:28 2025
[INFO] Fetched 100 records, total so far: 100
[INFO] Fetched 12 records, total so far: 112
[SUCCESS] Finished fetching all records. Total: 112
Using cached tenant_access_token
[INFO] Fetched 22 records, total so far: 22
[SUCCESS] Finished fetching all records. Total: 22
time="2025-12-27T05:00:01Z" level=warning msg="/opt/task_feishu/prod_192.168.101.13/docker/docker-compose.yml: the attribute `version` is obsolete, it will be ignored, please remove it to avoid potential confusion"
[SUCCESS] Successfully obtained tenant_access_token, expires at Sat Dec 27 14:44:44 2025
[INFO] Fetched 100 records, total so far: 100
[INFO] Fetched 12 records, total so far: 112
[SUCCESS] Finished fetching all records. Total: 112
Using cached tenant_access_token
[INFO] Fetched 22 records, total so far: 22
[SUCCESS] Finished fetching all records. Total: 22
time="2025-12-27T06:00:01Z" level=warning msg="/opt/task_feishu/prod_192.168.101.13/docker/docker-compose.yml: the attribute `version` is obsolete, it will be ignored, please remove it to avoid potential confusion"
[SUCCESS] Successfully obtained tenant_access_token, expires at Sat Dec 27 14:44:44 2025
[INFO] Fetched 100 records, total so far: 100
[INFO] Fetched 12 records, total so far: 112
[SUCCESS] Finished fetching all records. Total: 112
Using cached tenant_access_token
[INFO] Fetched 22 records, total so far: 22
[SUCCESS] Finished fetching all records. Total: 22
time="2025-12-27T07:00:01Z" level=warning msg="/opt/task_feishu/prod_192.168.101.13/docker/docker-compose.yml: the attribute `version` is obsolete, it will be ignored, please remove it to avoid potential confusion"
[SUCCESS] Successfully obtained tenant_access_token, expires at Sat Dec 27 16:14:59 2025
[INFO] Fetched 100 records, total so far: 100
[INFO] Fetched 12 records, total so far: 112
[SUCCESS] Finished fetching all records. Total: 112
Using cached tenant_access_token
[INFO] Fetched 22 records, total so far: 22
[SUCCESS] Finished fetching all records. Total: 22
time="2025-12-27T08:00:01Z" level=warning msg="/opt/task_feishu/prod_192.168.101.13/docker/docker-compose.yml: the attribute `version` is obsolete, it will be ignored, please remove it to avoid potential confusion"
[SUCCESS] Successfully obtained tenant_access_token, expires at Sat Dec 27 17:45:16 2025
[INFO] Fetched 100 records, total so far: 100
[INFO] Fetched 12 records, total so far: 112
[SUCCESS] Finished fetching all records. Total: 112
Using cached tenant_access_token
[INFO] Fetched 22 records, total so far: 22
[SUCCESS] Finished fetching all records. Total: 22
time="2025-12-27T09:00:01Z" level=warning msg="/opt/task_feishu/prod_192.168.101.13/docker/docker-compose.yml: the attribute `version` is obsolete, it will be ignored, please remove it to avoid potential confusion"
[SUCCESS] Successfully obtained tenant_access_token, expires at Sat Dec 27 17:45:16 2025
[INFO] Fetched 100 records, total so far: 100
[INFO] Fetched 12 records, total so far: 112
[SUCCESS] Finished fetching all records. Total: 112
Using cached tenant_access_token
[INFO] Fetched 22 records, total so far: 22
[SUCCESS] Finished fetching all records. Total: 22
time="2025-12-27T10:00:01Z" level=warning msg="/opt/task_feishu/prod_192.168.101.13/docker/docker-compose.yml: the attribute `version` is obsolete, it will be ignored, please remove it to avoid potential confusion"
[SUCCESS] Successfully obtained tenant_access_token, expires at Sat Dec 27 19:15:32 2025
[INFO] Fetched 100 records, total so far: 100
[INFO] Fetched 12 records, total so far: 112
[SUCCESS] Finished fetching all records. Total: 112
Using cached tenant_access_token
[INFO] Fetched 22 records, total so far: 22
[SUCCESS] Finished fetching all records. Total: 22
time="2025-12-27T11:00:02Z" level=warning msg="/opt/task_feishu/prod_192.168.101.13/docker/docker-compose.yml: the attribute `version` is obsolete, it will be ignored, please remove it to avoid potential confusion"
[SUCCESS] Successfully obtained tenant_access_token, expires at Sat Dec 27 20:45:48 2025
[INFO] Fetched 100 records, total so far: 100
[INFO] Fetched 12 records, total so far: 112
[SUCCESS] Finished fetching all records. Total: 112
Using cached tenant_access_token
[INFO] Fetched 22 records, total so far: 22
[SUCCESS] Finished fetching all records. Total: 22
time="2025-12-27T12:00:01Z" level=warning msg="/opt/task_feishu/prod_192.168.101.13/docker/docker-compose.yml: the attribute `version` is obsolete, it will be ignored, please remove it to avoid potential confusion"
[SUCCESS] Successfully obtained tenant_access_token, expires at Sat Dec 27 20:45:48 2025
[INFO] Fetched 100 records, total so far: 100
[INFO] Fetched 12 records, total so far: 112
[SUCCESS] Finished fetching all records. Total: 112
Using cached tenant_access_token
[INFO] Fetched 22 records, total so far: 22
[SUCCESS] Finished fetching all records. Total: 22
time="2025-12-27T13:00:01Z" level=warning msg="/opt/task_feishu/prod_192.168.101.13/docker/docker-compose.yml: the attribute `version` is obsolete, it will be ignored, please remove it to avoid potential confusion"
[SUCCESS] Successfully obtained tenant_access_token, expires at Sat Dec 27 22:16:04 2025
[INFO] Fetched 100 records, total so far: 100
[INFO] Fetched 12 records, total so far: 112
[SUCCESS] Finished fetching all records. Total: 112
Using cached tenant_access_token
[INFO] Fetched 22 records, total so far: 22
[SUCCESS] Finished fetching all records. Total: 22
time="2025-12-27T14:00:02Z" level=warning msg="/opt/task_feishu/prod_192.168.101.13/docker/docker-compose.yml: the attribute `version` is obsolete, it will be ignored, please remove it to avoid potential confusion"
[SUCCESS] Successfully obtained tenant_access_token, expires at Sat Dec 27 23:46:20 2025
[INFO] Fetched 100 records, total so far: 100
[INFO] Fetched 12 records, total so far: 112
[SUCCESS] Finished fetching all records. Total: 112
Using cached tenant_access_token
[INFO] Fetched 22 records, total so far: 22
[SUCCESS] Finished fetching all records. Total: 22
time="2025-12-27T15:00:01Z" level=warning msg="/opt/task_feishu/prod_192.168.101.13/docker/docker-compose.yml: the attribute `version` is obsolete, it will be ignored, please remove it to avoid potential confusion"
[SUCCESS] Successfully obtained tenant_access_token, expires at Sat Dec 27 23:46:20 2025
[INFO] Fetched 100 records, total so far: 100
[INFO] Fetched 12 records, total so far: 112
[SUCCESS] Finished fetching all records. Total: 112
Using cached tenant_access_token
[INFO] Fetched 22 records, total so far: 22
[SUCCESS] Finished fetching all records. Total: 22
time="2025-12-27T16:00:01Z" level=warning msg="/opt/task_feishu/prod_192.168.101.13/docker/docker-compose.yml: the attribute `version` is obsolete, it will be ignored, please remove it to avoid potential confusion"
[SUCCESS] Successfully obtained tenant_access_token, expires at Sun Dec 28 01:16:37 2025
[INFO] Fetched 100 records, total so far: 100
[INFO] Fetched 12 records, total so far: 112
[SUCCESS] Finished fetching all records. Total: 112
Using cached tenant_access_token
[INFO] Fetched 22 records, total so far: 22
[SUCCESS] Finished fetching all records. Total: 22
time="2025-12-27T17:00:01Z" level=warning msg="/opt/task_feishu/prod_192.168.101.13/docker/docker-compose.yml: the attribute `version` is obsolete, it will be ignored, please remove it to avoid potential confusion"
[SUCCESS] Successfully obtained tenant_access_token, expires at Sun Dec 28 02:46:52 2025
[INFO] Fetched 100 records, total so far: 100
[INFO] Fetched 12 records, total so far: 112
[SUCCESS] Finished fetching all records. Total: 112
Using cached tenant_access_token
[INFO] Fetched 22 records, total so far: 22
[SUCCESS] Finished fetching all records. Total: 22
time="2025-12-27T18:00:01Z" level=warning msg="/opt/task_feishu/prod_192.168.101.13/docker/docker-compose.yml: the attribute `version` is obsolete, it will be ignored, please remove it to avoid potential confusion"
[SUCCESS] Successfully obtained tenant_access_token, expires at Sun Dec 28 02:46:52 2025
[INFO] Fetched 100 records, total so far: 100
[INFO] Fetched 12 records, total so far: 112
[SUCCESS] Finished fetching all records. Total: 112
Using cached tenant_access_token
[INFO] Fetched 22 records, total so far: 22
[SUCCESS] Finished fetching all records. Total: 22
time="2025-12-27T19:00:01Z" level=warning msg="/opt/task_feishu/prod_192.168.101.13/docker/docker-compose.yml: the attribute `version` is obsolete, it will be ignored, please remove it to avoid potential confusion"
[SUCCESS] Successfully obtained tenant_access_token, expires at Sun Dec 28 04:17:07 2025
[INFO] Fetched 100 records, total so far: 100
[INFO] Fetched 12 records, total so far: 112
[SUCCESS] Finished fetching all records. Total: 112
Using cached tenant_access_token
[INFO] Fetched 22 records, total so far: 22
[SUCCESS] Finished fetching all records. Total: 22
time="2025-12-27T20:00:01Z" level=warning msg="/opt/task_feishu/prod_192.168.101.13/docker/docker-compose.yml: the attribute `version` is obsolete, it will be ignored, please remove it to avoid potential confusion"
[SUCCESS] Successfully obtained tenant_access_token, expires at Sun Dec 28 05:47:22 2025
[INFO] Fetched 100 records, total so far: 100
[INFO] Fetched 12 records, total so far: 112
[SUCCESS] Finished fetching all records. Total: 112
Using cached tenant_access_token
[INFO] Fetched 22 records, total so far: 22
[SUCCESS] Finished fetching all records. Total: 22
time="2025-12-27T21:00:01Z" level=warning msg="/opt/task_feishu/prod_192.168.101.13/docker/docker-compose.yml: the attribute `version` is obsolete, it will be ignored, please remove it to avoid potential confusion"
[SUCCESS] Successfully obtained tenant_access_token, expires at Sun Dec 28 05:47:22 2025
[INFO] Fetched 100 records, total so far: 100
[INFO] Fetched 12 records, total so far: 112
[SUCCESS] Finished fetching all records. Total: 112
Using cached tenant_access_token
[INFO] Fetched 22 records, total so far: 22
[SUCCESS] Finished fetching all records. Total: 22
time="2025-12-27T22:00:01Z" level=warning msg="/opt/task_feishu/prod_192.168.101.13/docker/docker-compose.yml: the attribute `version` is obsolete, it will be ignored, please remove it to avoid potential confusion"
[SUCCESS] Successfully obtained tenant_access_token, expires at Sun Dec 28 07:17:36 2025
[INFO] Fetched 100 records, total so far: 100
[INFO] Fetched 12 records, total so far: 112
[SUCCESS] Finished fetching all records. Total: 112
Using cached tenant_access_token
[INFO] Fetched 22 records, total so far: 22
[SUCCESS] Finished fetching all records. Total: 22
time="2025-12-27T23:00:01Z" level=warning msg="/opt/task_feishu/prod_192.168.101.13/docker/docker-compose.yml: the attribute `version` is obsolete, it will be ignored, please remove it to avoid potential confusion"
[SUCCESS] Successfully obtained tenant_access_token, expires at Sun Dec 28 08:47:51 2025
[INFO] Fetched 100 records, total so far: 100
[INFO] Fetched 12 records, total so far: 112
[SUCCESS] Finished fetching all records. Total: 112
Using cached tenant_access_token
[INFO] Fetched 22 records, total so far: 22
[SUCCESS] Finished fetching all records. Total: 22
time="2025-12-28T00:00:01Z" level=warning msg="/opt/task_feishu/prod_192.168.101.13/docker/docker-compose.yml: the attribute `version` is obsolete, it will be ignored, please remove it to avoid potential confusion"
[SUCCESS] Successfully obtained tenant_access_token, expires at Sun Dec 28 08:47:51 2025
[INFO] Fetched 100 records, total so far: 100
[INFO] Fetched 12 records, total so far: 112
[SUCCESS] Finished fetching all records. Total: 112
Using cached tenant_access_token
[INFO] Fetched 22 records, total so far: 22
[SUCCESS] Finished fetching all records. Total: 22
time="2025-12-28T01:00:02Z" level=warning msg="/opt/task_feishu/prod_192.168.101.13/docker/docker-compose.yml: the attribute `version` is obsolete, it will be ignored, please remove it to avoid potential confusion"
[SUCCESS] Successfully obtained tenant_access_token, expires at Sun Dec 28 10:18:05 2025
[INFO] Fetched 100 records, total so far: 100
[INFO] Fetched 12 records, total so far: 112
[SUCCESS] Finished fetching all records. Total: 112
Using cached tenant_access_token
[INFO] Fetched 22 records, total so far: 22
[SUCCESS] Finished fetching all records. Total: 22
time="2025-12-28T02:00:01Z" level=warning msg="/opt/task_feishu/prod_192.168.101.13/docker/docker-compose.yml: the attribute `version` is obsolete, it will be ignored, please remove it to avoid potential confusion"
[SUCCESS] Successfully obtained tenant_access_token, expires at Sun Dec 28 11:48:21 2025
[INFO] Fetched 100 records, total so far: 100
[INFO] Fetched 12 records, total so far: 112
[SUCCESS] Finished fetching all records. Total: 112
Using cached tenant_access_token
[INFO] Fetched 22 records, total so far: 22
[SUCCESS] Finished fetching all records. Total: 22
time="2025-12-28T03:00:01Z" level=warning msg="/opt/task_feishu/prod_192.168.101.13/docker/docker-compose.yml: the attribute `version` is obsolete, it will be ignored, please remove it to avoid potential confusion"
[SUCCESS] Successfully obtained tenant_access_token, expires at Sun Dec 28 11:48:21 2025
[INFO] Fetched 100 records, total so far: 100
[INFO] Fetched 12 records, total so far: 112
[SUCCESS] Finished fetching all records. Total: 112
Using cached tenant_access_token
[INFO] Fetched 22 records, total so far: 22
[SUCCESS] Finished fetching all records. Total: 22
time="2025-12-28T04:00:01Z" level=warning msg="/opt/task_feishu/prod_192.168.101.13/docker/docker-compose.yml: the attribute `version` is obsolete, it will be ignored, please remove it to avoid potential confusion"
[SUCCESS] Successfully obtained tenant_access_token, expires at Sun Dec 28 13:18:36 2025
[INFO] Fetched 100 records, total so far: 100
[INFO] Fetched 12 records, total so far: 112
[SUCCESS] Finished fetching all records. Total: 112
Using cached tenant_access_token
[INFO] Fetched 22 records, total so far: 22
[SUCCESS] Finished fetching all records. Total: 22
time="2025-12-28T05:00:01Z" level=warning msg="/opt/task_feishu/prod_192.168.101.13/docker/docker-compose.yml: the attribute `version` is obsolete, it will be ignored, please remove it to avoid potential confusion"
[SUCCESS] Successfully obtained tenant_access_token, expires at Sun Dec 28 14:48:53 2025
[INFO] Fetched 100 records, total so far: 100
[INFO] Fetched 12 records, total so far: 112
[SUCCESS] Finished fetching all records. Total: 112
Using cached tenant_access_token
[INFO] Fetched 22 records, total so far: 22
[SUCCESS] Finished fetching all records. Total: 22
time="2025-12-28T06:00:01Z" level=warning msg="/opt/task_feishu/prod_192.168.101.13/docker/docker-compose.yml: the attribute `version` is obsolete, it will be ignored, please remove it to avoid potential confusion"
[SUCCESS] Successfully obtained tenant_access_token, expires at Sun Dec 28 14:48:53 2025
[INFO] Fetched 100 records, total so far: 100
[INFO] Fetched 12 records, total so far: 112
[SUCCESS] Finished fetching all records. Total: 112
Using cached tenant_access_token
[INFO] Fetched 22 records, total so far: 22
[SUCCESS] Finished fetching all records. Total: 22
time="2025-12-28T07:00:01Z" level=warning msg="/opt/task_feishu/prod_192.168.101.13/docker/docker-compose.yml: the attribute `version` is obsolete, it will be ignored, please remove it to avoid potential confusion"
[SUCCESS] Successfully obtained tenant_access_token, expires at Sun Dec 28 16:19:08 2025
[INFO] Fetched 100 records, total so far: 100
[INFO] Fetched 12 records, total so far: 112
[SUCCESS] Finished fetching all records. Total: 112
Using cached tenant_access_token
[INFO] Fetched 22 records, total so far: 22
[SUCCESS] Finished fetching all records. Total: 22
time="2025-12-28T08:00:02Z" level=warning msg="/opt/task_feishu/prod_192.168.101.13/docker/docker-compose.yml: the attribute `version` is obsolete, it will be ignored, please remove it to avoid potential confusion"
[SUCCESS] Successfully obtained tenant_access_token, expires at Sun Dec 28 17:49:24 2025
[INFO] Fetched 100 records, total so far: 100
[INFO] Fetched 12 records, total so far: 112
[SUCCESS] Finished fetching all records. Total: 112
Using cached tenant_access_token
[INFO] Fetched 22 records, total so far: 22
[SUCCESS] Finished fetching all records. Total: 22
time="2025-12-28T09:00:01Z" level=warning msg="/opt/task_feishu/prod_192.168.101.13/docker/docker-compose.yml: the attribute `version` is obsolete, it will be ignored, please remove it to avoid potential confusion"
[SUCCESS] Successfully obtained tenant_access_token, expires at Sun Dec 28 17:49:24 2025
[INFO] Fetched 100 records, total so far: 100
[INFO] Fetched 12 records, total so far: 112
[SUCCESS] Finished fetching all records. Total: 112
Using cached tenant_access_token
[INFO] Fetched 22 records, total so far: 22
[SUCCESS] Finished fetching all records. Total: 22
time="2025-12-28T10:00:01Z" level=warning msg="/opt/task_feishu/prod_192.168.101.13/docker/docker-compose.yml: the attribute `version` is obsolete, it will be ignored, please remove it to avoid potential confusion"
[SUCCESS] Successfully obtained tenant_access_token, expires at Sun Dec 28 19:19:40 2025
[INFO] Fetched 100 records, total so far: 100
[INFO] Fetched 12 records, total so far: 112
[SUCCESS] Finished fetching all records. Total: 112
Using cached tenant_access_token
[INFO] Fetched 22 records, total so far: 22
[SUCCESS] Finished fetching all records. Total: 22
time="2025-12-28T11:00:01Z" level=warning msg="/opt/task_feishu/prod_192.168.101.13/docker/docker-compose.yml: the attribute `version` is obsolete, it will be ignored, please remove it to avoid potential confusion"
[SUCCESS] Successfully obtained tenant_access_token, expires at Sun Dec 28 20:49:55 2025
[INFO] Fetched 100 records, total so far: 100
[INFO] Fetched 12 records, total so far: 112
[SUCCESS] Finished fetching all records. Total: 112
Using cached tenant_access_token
[INFO] Fetched 22 records, total so far: 22
[SUCCESS] Finished fetching all records. Total: 22
time="2025-12-28T12:00:01Z" level=warning msg="/opt/task_feishu/prod_192.168.101.13/docker/docker-compose.yml: the attribute `version` is obsolete, it will be ignored, please remove it to avoid potential confusion"
[SUCCESS] Successfully obtained tenant_access_token, expires at Sun Dec 28 20:49:56 2025
[INFO] Fetched 100 records, total so far: 100
[INFO] Fetched 12 records, total so far: 112
[SUCCESS] Finished fetching all records. Total: 112
Using cached tenant_access_token
[INFO] Fetched 22 records, total so far: 22
[SUCCESS] Finished fetching all records. Total: 22
time="2025-12-28T13:00:01Z" level=warning msg="/opt/task_feishu/prod_192.168.101.13/docker/docker-compose.yml: the attribute `version` is obsolete, it will be ignored, please remove it to avoid potential confusion"
[SUCCESS] Successfully obtained tenant_access_token, expires at Sun Dec 28 22:20:11 2025
[INFO] Fetched 100 records, total so far: 100
[INFO] Fetched 12 records, total so far: 112
[SUCCESS] Finished fetching all records. Total: 112
Using cached tenant_access_token
[INFO] Fetched 22 records, total so far: 22
[SUCCESS] Finished fetching all records. Total: 22
time="2025-12-28T14:00:01Z" level=warning msg="/opt/task_feishu/prod_192.168.101.13/docker/docker-compose.yml: the attribute `version` is obsolete, it will be ignored, please remove it to avoid potential confusion"
[SUCCESS] Successfully obtained tenant_access_token, expires at Sun Dec 28 23:50:28 2025
[INFO] Fetched 100 records, total so far: 100
[INFO] Fetched 12 records, total so far: 112
[SUCCESS] Finished fetching all records. Total: 112
Using cached tenant_access_token
[INFO] Fetched 22 records, total so far: 22
[SUCCESS] Finished fetching all records. Total: 22
time="2025-12-28T15:00:01Z" level=warning msg="/opt/task_feishu/prod_192.168.101.13/docker/docker-compose.yml: the attribute `version` is obsolete, it will be ignored, please remove it to avoid potential confusion"
[SUCCESS] Successfully obtained tenant_access_token, expires at Sun Dec 28 23:50:28 2025
[INFO] Fetched 100 records, total so far: 100
[INFO] Fetched 12 records, total so far: 112
[SUCCESS] Finished fetching all records. Total: 112
Using cached tenant_access_token
[INFO] Fetched 22 records, total so far: 22
[SUCCESS] Finished fetching all records. Total: 22
time="2025-12-28T16:00:01Z" level=warning msg="/opt/task_feishu/prod_192.168.101.13/docker/docker-compose.yml: the attribute `version` is obsolete, it will be ignored, please remove it to avoid potential confusion"
[SUCCESS] Successfully obtained tenant_access_token, expires at Mon Dec 29 01:20:44 2025
[INFO] Fetched 100 records, total so far: 100
[INFO] Fetched 12 records, total so far: 112
[SUCCESS] Finished fetching all records. Total: 112
Using cached tenant_access_token
[INFO] Fetched 22 records, total so far: 22
[SUCCESS] Finished fetching all records. Total: 22
time="2025-12-28T17:00:01Z" level=warning msg="/opt/task_feishu/prod_192.168.101.13/docker/docker-compose.yml: the attribute `version` is obsolete, it will be ignored, please remove it to avoid potential confusion"
[SUCCESS] Successfully obtained tenant_access_token, expires at Mon Dec 29 02:50:59 2025
[INFO] Fetched 100 records, total so far: 100
[INFO] Fetched 12 records, total so far: 112
[SUCCESS] Finished fetching all records. Total: 112
Using cached tenant_access_token
[INFO] Fetched 22 records, total so far: 22
[SUCCESS] Finished fetching all records. Total: 22
time="2025-12-28T18:00:02Z" level=warning msg="/opt/task_feishu/prod_192.168.101.13/docker/docker-compose.yml: the attribute `version` is obsolete, it will be ignored, please remove it to avoid potential confusion"
[SUCCESS] Successfully obtained tenant_access_token, expires at Mon Dec 29 02:50:59 2025
[INFO] Fetched 100 records, total so far: 100
[INFO] Fetched 13 records, total so far: 113
[SUCCESS] Finished fetching all records. Total: 113
Using cached tenant_access_token
[INFO] Fetched 22 records, total so far: 22
[SUCCESS] Finished fetching all records. Total: 22
time="2025-12-28T19:00:01Z" level=warning msg="/opt/task_feishu/prod_192.168.101.13/docker/docker-compose.yml: the attribute `version` is obsolete, it will be ignored, please remove it to avoid potential confusion"
[SUCCESS] Successfully obtained tenant_access_token, expires at Mon Dec 29 04:21:13 2025
[INFO] Fetched 100 records, total so far: 100
[INFO] Fetched 13 records, total so far: 113
[SUCCESS] Finished fetching all records. Total: 113
Using cached tenant_access_token
[INFO] Fetched 22 records, total so far: 22
[SUCCESS] Finished fetching all records. Total: 22
time="2025-12-28T20:00:01Z" level=warning msg="/opt/task_feishu/prod_192.168.101.13/docker/docker-compose.yml: the attribute `version` is obsolete, it will be ignored, please remove it to avoid potential confusion"
[SUCCESS] Successfully obtained tenant_access_token, expires at Mon Dec 29 05:51:27 2025
[INFO] Fetched 100 records, total so far: 100
[INFO] Fetched 13 records, total so far: 113
[SUCCESS] Finished fetching all records. Total: 113
Using cached tenant_access_token
[INFO] Fetched 22 records, total so far: 22
[SUCCESS] Finished fetching all records. Total: 22
time="2025-12-28T21:00:01Z" level=warning msg="/opt/task_feishu/prod_192.168.101.13/docker/docker-compose.yml: the attribute `version` is obsolete, it will be ignored, please remove it to avoid potential confusion"
[SUCCESS] Successfully obtained tenant_access_token, expires at Mon Dec 29 05:51:27 2025
[INFO] Fetched 100 records, total so far: 100
[INFO] Fetched 13 records, total so far: 113
[SUCCESS] Finished fetching all records. Total: 113
Using cached tenant_access_token
[INFO] Fetched 22 records, total so far: 22
[SUCCESS] Finished fetching all records. Total: 22
time="2025-12-28T22:00:02Z" level=warning msg="/opt/task_feishu/prod_192.168.101.13/docker/docker-compose.yml: the attribute `version` is obsolete, it will be ignored, please remove it to avoid potential confusion"
[SUCCESS] Successfully obtained tenant_access_token, expires at Mon Dec 29 07:21:41 2025
[INFO] Fetched 100 records, total so far: 100
[INFO] Fetched 13 records, total so far: 113
[SUCCESS] Finished fetching all records. Total: 113
Using cached tenant_access_token
[INFO] Fetched 22 records, total so far: 22
[SUCCESS] Finished fetching all records. Total: 22
time="2025-12-28T23:00:01Z" level=warning msg="/opt/task_feishu/prod_192.168.101.13/docker/docker-compose.yml: the attribute `version` is obsolete, it will be ignored, please remove it to avoid potential confusion"
[SUCCESS] Successfully obtained tenant_access_token, expires at Mon Dec 29 08:51:56 2025
[INFO] Fetched 100 records, total so far: 100
[INFO] Fetched 13 records, total so far: 113
[SUCCESS] Finished fetching all records. Total: 113
Using cached tenant_access_token
[INFO] Fetched 22 records, total so far: 22
[SUCCESS] Finished fetching all records. Total: 22
time="2025-12-29T00:00:01Z" level=warning msg="/opt/task_feishu/prod_192.168.101.13/docker/docker-compose.yml: the attribute `version` is obsolete, it will be ignored, please remove it to avoid potential confusion"
[SUCCESS] Successfully obtained tenant_access_token, expires at Mon Dec 29 08:51:56 2025
[INFO] Fetched 100 records, total so far: 100
[INFO] Fetched 13 records, total so far: 113
[SUCCESS] Finished fetching all records. Total: 113
Using cached tenant_access_token
[INFO] Fetched 22 records, total so far: 22
[SUCCESS] Finished fetching all records. Total: 22
time="2025-12-29T01:00:02Z" level=warning msg="/opt/task_feishu/prod_192.168.101.13/docker/docker-compose.yml: the attribute `version` is obsolete, it will be ignored, please remove it to avoid potential confusion"
[SUCCESS] Successfully obtained tenant_access_token, expires at Mon Dec 29 10:22:10 2025
[INFO] Fetched 100 records, total so far: 100
[INFO] Fetched 13 records, total so far: 113
[SUCCESS] Finished fetching all records. Total: 113
Using cached tenant_access_token
[INFO] Fetched 22 records, total so far: 22
[SUCCESS] Finished fetching all records. Total: 22
time="2025-12-29T02:00:01Z" level=warning msg="/opt/task_feishu/prod_192.168.101.13/docker/docker-compose.yml: the attribute `version` is obsolete, it will be ignored, please remove it to avoid potential confusion"
[SUCCESS] Successfully obtained tenant_access_token, expires at Mon Dec 29 11:52:26 2025
[INFO] Fetched 100 records, total so far: 100
[INFO] Fetched 13 records, total so far: 113
[SUCCESS] Finished fetching all records. Total: 113
Using cached tenant_access_token
[INFO] Fetched 22 records, total so far: 22
[SUCCESS] Finished fetching all records. Total: 22
time="2025-12-29T03:00:01Z" level=warning msg="/opt/task_feishu/prod_192.168.101.13/docker/docker-compose.yml: the attribute `version` is obsolete, it will be ignored, please remove it to avoid potential confusion"
[SUCCESS] Successfully obtained tenant_access_token, expires at Mon Dec 29 11:52:26 2025
[INFO] Fetched 100 records, total so far: 100
[INFO] Fetched 13 records, total so far: 113
[SUCCESS] Finished fetching all records. Total: 113
Using cached tenant_access_token
[INFO] Fetched 22 records, total so far: 22
[SUCCESS] Finished fetching all records. Total: 22
time="2025-12-29T04:00:01Z" level=warning msg="/opt/task_feishu/prod_192.168.101.13/docker/docker-compose.yml: the attribute `version` is obsolete, it will be ignored, please remove it to avoid potential confusion"
[SUCCESS] Successfully obtained tenant_access_token, expires at Mon Dec 29 13:22:45 2025
[INFO] Fetched 100 records, total so far: 100
[INFO] Fetched 13 records, total so far: 113
[SUCCESS] Finished fetching all records. Total: 113
Using cached tenant_access_token
[INFO] Fetched 22 records, total so far: 22
[SUCCESS] Finished fetching all records. Total: 22
time="2025-12-29T05:00:01Z" level=warning msg="/opt/task_feishu/prod_192.168.101.13/docker/docker-compose.yml: the attribute `version` is obsolete, it will be ignored, please remove it to avoid potential confusion"
[SUCCESS] Successfully obtained tenant_access_token, expires at Mon Dec 29 14:53:02 2025
[INFO] Fetched 100 records, total so far: 100
[INFO] Fetched 13 records, total so far: 113
[SUCCESS] Finished fetching all records. Total: 113
Using cached tenant_access_token
[INFO] Fetched 22 records, total so far: 22
[SUCCESS] Finished fetching all records. Total: 22
time="2025-12-29T06:00:01Z" level=warning msg="/opt/task_feishu/prod_192.168.101.13/docker/docker-compose.yml: the attribute `version` is obsolete, it will be ignored, please remove it to avoid potential confusion"
[SUCCESS] Successfully obtained tenant_access_token, expires at Mon Dec 29 14:53:02 2025
[INFO] Fetched 100 records, total so far: 100
[INFO] Fetched 13 records, total so far: 113
[SUCCESS] Finished fetching all records. Total: 113
Using cached tenant_access_token
[INFO] Fetched 22 records, total so far: 22
[SUCCESS] Finished fetching all records. Total: 22
time="2025-12-29T07:00:01Z" level=warning msg="/opt/task_feishu/prod_192.168.101.13/docker/docker-compose.yml: the attribute `version` is obsolete, it will be ignored, please remove it to avoid potential confusion"
[SUCCESS] Successfully obtained tenant_access_token, expires at Mon Dec 29 16:23:18 2025
[INFO] Fetched 100 records, total so far: 100
[INFO] Fetched 13 records, total so far: 113
[SUCCESS] Finished fetching all records. Total: 113
Using cached tenant_access_token
[INFO] Fetched 22 records, total so far: 22
[SUCCESS] Finished fetching all records. Total: 22
time="2025-12-29T08:00:02Z" level=warning msg="/opt/task_feishu/prod_192.168.101.13/docker/docker-compose.yml: the attribute `version` is obsolete, it will be ignored, please remove it to avoid potential confusion"
[SUCCESS] Successfully obtained tenant_access_token, expires at Mon Dec 29 17:53:37 2025
[INFO] Fetched 100 records, total so far: 100
[INFO] Fetched 13 records, total so far: 113
[SUCCESS] Finished fetching all records. Total: 113
Using cached tenant_access_token
[INFO] Fetched 22 records, total so far: 22
[SUCCESS] Finished fetching all records. Total: 22
time="2025-12-29T09:00:01Z" level=warning msg="/opt/task_feishu/prod_192.168.101.13/docker/docker-compose.yml: the attribute `version` is obsolete, it will be ignored, please remove it to avoid potential confusion"
[SUCCESS] Successfully obtained tenant_access_token, expires at Mon Dec 29 17:53:37 2025
[INFO] Fetched 100 records, total so far: 100
[INFO] Fetched 13 records, total so far: 113
[SUCCESS] Finished fetching all records. Total: 113
Using cached tenant_access_token
[INFO] Fetched 22 records, total so far: 22
[SUCCESS] Finished fetching all records. Total: 22
time="2025-12-29T10:00:01Z" level=warning msg="/opt/task_feishu/prod_192.168.101.13/docker/docker-compose.yml: the attribute `version` is obsolete, it will be ignored, please remove it to avoid potential confusion"
[SUCCESS] Successfully obtained tenant_access_token, expires at Mon Dec 29 19:23:56 2025
[INFO] Fetched 100 records, total so far: 100
[INFO] Fetched 13 records, total so far: 113
[SUCCESS] Finished fetching all records. Total: 113
Using cached tenant_access_token
[INFO] Fetched 22 records, total so far: 22
[SUCCESS] Finished fetching all records. Total: 22
time="2025-12-29T11:00:01Z" level=warning msg="/opt/task_feishu/prod_192.168.101.13/docker/docker-compose.yml: the attribute `version` is obsolete, it will be ignored, please remove it to avoid potential confusion"
[SUCCESS] Successfully obtained tenant_access_token, expires at Mon Dec 29 20:54:15 2025
[INFO] Fetched 100 records, total so far: 100
[INFO] Fetched 13 records, total so far: 113
[SUCCESS] Finished fetching all records. Total: 113
Using cached tenant_access_token
[INFO] Fetched 22 records, total so far: 22
[SUCCESS] Finished fetching all records. Total: 22
time="2025-12-29T12:00:01Z" level=warning msg="/opt/task_feishu/prod_192.168.101.13/docker/docker-compose.yml: the attribute `version` is obsolete, it will be ignored, please remove it to avoid potential confusion"
[SUCCESS] Successfully obtained tenant_access_token, expires at Mon Dec 29 20:54:15 2025
[INFO] Fetched 100 records, total so far: 100
[INFO] Fetched 13 records, total so far: 113
[SUCCESS] Finished fetching all records. Total: 113
Using cached tenant_access_token
[INFO] Fetched 22 records, total so far: 22
[SUCCESS] Finished fetching all records. Total: 22
time="2025-12-29T13:00:01Z" level=warning msg="/opt/task_feishu/prod_192.168.101.13/docker/docker-compose.yml: the attribute `version` is obsolete, it will be ignored, please remove it to avoid potential confusion"
[SUCCESS] Successfully obtained tenant_access_token, expires at Mon Dec 29 22:24:31 2025
[INFO] Fetched 100 records, total so far: 100
[INFO] Fetched 13 records, total so far: 113
[SUCCESS] Finished fetching all records. Total: 113
Using cached tenant_access_token
[INFO] Fetched 22 records, total so far: 22
[SUCCESS] Finished fetching all records. Total: 22
time="2025-12-29T14:00:01Z" level=warning msg="/opt/task_feishu/prod_192.168.101.13/docker/docker-compose.yml: the attribute `version` is obsolete, it will be ignored, please remove it to avoid potential confusion"
[SUCCESS] Successfully obtained tenant_access_token, expires at Mon Dec 29 23:54:48 2025
[INFO] Fetched 100 records, total so far: 100
[INFO] Fetched 13 records, total so far: 113
[SUCCESS] Finished fetching all records. Total: 113
Using cached tenant_access_token
[INFO] Fetched 22 records, total so far: 22
[SUCCESS] Finished fetching all records. Total: 22
time="2025-12-29T15:00:01Z" level=warning msg="/opt/task_feishu/prod_192.168.101.13/docker/docker-compose.yml: the attribute `version` is obsolete, it will be ignored, please remove it to avoid potential confusion"
[SUCCESS] Successfully obtained tenant_access_token, expires at Mon Dec 29 23:54:48 2025
[INFO] Fetched 100 records, total so far: 100
[INFO] Fetched 13 records, total so far: 113
[SUCCESS] Finished fetching all records. Total: 113
Using cached tenant_access_token
[INFO] Fetched 22 records, total so far: 22
[SUCCESS] Finished fetching all records. Total: 22
time="2025-12-29T16:00:01Z" level=warning msg="/opt/task_feishu/prod_192.168.101.13/docker/docker-compose.yml: the attribute `version` is obsolete, it will be ignored, please remove it to avoid potential confusion"
[SUCCESS] Successfully obtained tenant_access_token, expires at Tue Dec 30 01:25:03 2025
[INFO] Fetched 100 records, total so far: 100
[INFO] Fetched 13 records, total so far: 113
[SUCCESS] Finished fetching all records. Total: 113
Using cached tenant_access_token
[INFO] Fetched 22 records, total so far: 22
[SUCCESS] Finished fetching all records. Total: 22
time="2025-12-29T17:00:01Z" level=warning msg="/opt/task_feishu/prod_192.168.101.13/docker/docker-compose.yml: the attribute `version` is obsolete, it will be ignored, please remove it to avoid potential confusion"
[SUCCESS] Successfully obtained tenant_access_token, expires at Tue Dec 30 02:55:20 2025
[INFO] Fetched 100 records, total so far: 100
[INFO] Fetched 13 records, total so far: 113
[SUCCESS] Finished fetching all records. Total: 113
Using cached tenant_access_token
[INFO] Fetched 22 records, total so far: 22
[SUCCESS] Finished fetching all records. Total: 22
time="2025-12-29T18:00:02Z" level=warning msg="/opt/task_feishu/prod_192.168.101.13/docker/docker-compose.yml: the attribute `version` is obsolete, it will be ignored, please remove it to avoid potential confusion"
[SUCCESS] Successfully obtained tenant_access_token, expires at Tue Dec 30 02:55:20 2025
[INFO] Fetched 100 records, total so far: 100
[INFO] Fetched 13 records, total so far: 113
[SUCCESS] Finished fetching all records. Total: 113
Using cached tenant_access_token
[INFO] Fetched 22 records, total so far: 22
[SUCCESS] Finished fetching all records. Total: 22
time="2025-12-29T19:00:01Z" level=warning msg="/opt/task_feishu/prod_192.168.101.13/docker/docker-compose.yml: the attribute `version` is obsolete, it will be ignored, please remove it to avoid potential confusion"
[SUCCESS] Successfully obtained tenant_access_token, expires at Tue Dec 30 04:25:34 2025
[INFO] Fetched 100 records, total so far: 100
[INFO] Fetched 13 records, total so far: 113
[SUCCESS] Finished fetching all records. Total: 113
Using cached tenant_access_token
[INFO] Fetched 22 records, total so far: 22
[SUCCESS] Finished fetching all records. Total: 22
time="2025-12-29T20:00:01Z" level=warning msg="/opt/task_feishu/prod_192.168.101.13/docker/docker-compose.yml: the attribute `version` is obsolete, it will be ignored, please remove it to avoid potential confusion"
[SUCCESS] Successfully obtained tenant_access_token, expires at Tue Dec 30 05:55:49 2025
[INFO] Fetched 100 records, total so far: 100
[INFO] Fetched 13 records, total so far: 113
[SUCCESS] Finished fetching all records. Total: 113
Using cached tenant_access_token
[INFO] Fetched 22 records, total so far: 22
[SUCCESS] Finished fetching all records. Total: 22
time="2025-12-29T21:00:02Z" level=warning msg="/opt/task_feishu/prod_192.168.101.13/docker/docker-compose.yml: the attribute `version` is obsolete, it will be ignored, please remove it to avoid potential confusion"
[SUCCESS] Successfully obtained tenant_access_token, expires at Tue Dec 30 05:55:49 2025
[INFO] Fetched 100 records, total so far: 100
[INFO] Fetched 13 records, total so far: 113
[SUCCESS] Finished fetching all records. Total: 113
Using cached tenant_access_token
[INFO] Fetched 22 records, total so far: 22
[SUCCESS] Finished fetching all records. Total: 22
time="2025-12-29T22:00:01Z" level=warning msg="/opt/task_feishu/prod_192.168.101.13/docker/docker-compose.yml: the attribute `version` is obsolete, it will be ignored, please remove it to avoid potential confusion"
[SUCCESS] Successfully obtained tenant_access_token, expires at Tue Dec 30 07:26:04 2025
[INFO] Fetched 100 records, total so far: 100
[INFO] Fetched 13 records, total so far: 113
[SUCCESS] Finished fetching all records. Total: 113
Using cached tenant_access_token
[INFO] Fetched 22 records, total so far: 22
[SUCCESS] Finished fetching all records. Total: 22
time="2025-12-29T23:00:01Z" level=warning msg="/opt/task_feishu/prod_192.168.101.13/docker/docker-compose.yml: the attribute `version` is obsolete, it will be ignored, please remove it to avoid potential confusion"
[SUCCESS] Successfully obtained tenant_access_token, expires at Tue Dec 30 08:56:19 2025
[INFO] Fetched 100 records, total so far: 100
[INFO] Fetched 13 records, total so far: 113
[SUCCESS] Finished fetching all records. Total: 113
Using cached tenant_access_token
[INFO] Fetched 22 records, total so far: 22
[SUCCESS] Finished fetching all records. Total: 22
time="2025-12-30T00:00:02Z" level=warning msg="/opt/task_feishu/prod_192.168.101.13/docker/docker-compose.yml: the attribute `version` is obsolete, it will be ignored, please remove it to avoid potential confusion"
[SUCCESS] Successfully obtained tenant_access_token, expires at Tue Dec 30 08:56:19 2025
[INFO] Fetched 100 records, total so far: 100
[INFO] Fetched 13 records, total so far: 113
[SUCCESS] Finished fetching all records. Total: 113
Using cached tenant_access_token
[INFO] Fetched 22 records, total so far: 22
[SUCCESS] Finished fetching all records. Total: 22
time="2025-12-30T01:00:01Z" level=warning msg="/opt/task_feishu/prod_192.168.101.13/docker/docker-compose.yml: the attribute `version` is obsolete, it will be ignored, please remove it to avoid potential confusion"
[SUCCESS] Successfully obtained tenant_access_token, expires at Tue Dec 30 10:26:34 2025
[INFO] Fetched 100 records, total so far: 100
[INFO] Fetched 13 records, total so far: 113
[SUCCESS] Finished fetching all records. Total: 113
Using cached tenant_access_token
[INFO] Fetched 22 records, total so far: 22
[SUCCESS] Finished fetching all records. Total: 22
time="2025-12-30T02:00:01Z" level=warning msg="/opt/task_feishu/prod_192.168.101.13/docker/docker-compose.yml: the attribute `version` is obsolete, it will be ignored, please remove it to avoid potential confusion"
[SUCCESS] Successfully obtained tenant_access_token, expires at Tue Dec 30 11:56:50 2025
[INFO] Fetched 100 records, total so far: 100
[INFO] Fetched 13 records, total so far: 113
[SUCCESS] Finished fetching all records. Total: 113
Using cached tenant_access_token
[INFO] Fetched 22 records, total so far: 22
[SUCCESS] Finished fetching all records. Total: 22
time="2025-12-30T03:00:01Z" level=warning msg="/opt/task_feishu/prod_192.168.101.13/docker/docker-compose.yml: the attribute `version` is obsolete, it will be ignored, please remove it to avoid potential confusion"
[SUCCESS] Successfully obtained tenant_access_token, expires at Tue Dec 30 11:56:50 2025
[INFO] Fetched 100 records, total so far: 100
[INFO] Fetched 13 records, total so far: 113
[SUCCESS] Finished fetching all records. Total: 113
Using cached tenant_access_token
[INFO] Fetched 22 records, total so far: 22
[SUCCESS] Finished fetching all records. Total: 22
time="2025-12-30T04:00:01Z" level=warning msg="/opt/task_feishu/prod_192.168.101.13/docker/docker-compose.yml: the attribute `version` is obsolete, it will be ignored, please remove it to avoid potential confusion"
[SUCCESS] Successfully obtained tenant_access_token, expires at Tue Dec 30 13:27:10 2025
[INFO] Fetched 100 records, total so far: 100
[INFO] Fetched 13 records, total so far: 113
[SUCCESS] Finished fetching all records. Total: 113
Using cached tenant_access_token
[INFO] Fetched 22 records, total so far: 22
[SUCCESS] Finished fetching all records. Total: 22
time="2025-12-30T05:00:01Z" level=warning msg="/opt/task_feishu/prod_192.168.101.13/docker/docker-compose.yml: the attribute `version` is obsolete, it will be ignored, please remove it to avoid potential confusion"
[SUCCESS] Successfully obtained tenant_access_token, expires at Tue Dec 30 14:57:29 2025
[INFO] Fetched 100 records, total so far: 100
[INFO] Fetched 13 records, total so far: 113
[SUCCESS] Finished fetching all records. Total: 113
Using cached tenant_access_token
[INFO] Fetched 22 records, total so far: 22
[SUCCESS] Finished fetching all records. Total: 22
time="2025-12-30T06:00:01Z" level=warning msg="/opt/task_feishu/prod_192.168.101.13/docker/docker-compose.yml: the attribute `version` is obsolete, it will be ignored, please remove it to avoid potential confusion"
[SUCCESS] Successfully obtained tenant_access_token, expires at Tue Dec 30 14:57:29 2025
[INFO] Fetched 100 records, total so far: 100
[INFO] Fetched 13 records, total so far: 113
[SUCCESS] Finished fetching all records. Total: 113
Using cached tenant_access_token
[INFO] Fetched 22 records, total so far: 22
[SUCCESS] Finished fetching all records. Total: 22
time="2025-12-30T07:00:02Z" level=warning msg="/opt/task_feishu/prod_192.168.101.13/docker/docker-compose.yml: the attribute `version` is obsolete, it will be ignored, please remove it to avoid potential confusion"
[SUCCESS] Successfully obtained tenant_access_token, expires at Tue Dec 30 16:27:46 2025
[INFO] Fetched 100 records, total so far: 100
[INFO] Fetched 13 records, total so far: 113
[SUCCESS] Finished fetching all records. Total: 113
Using cached tenant_access_token
[INFO] Fetched 22 records, total so far: 22
[SUCCESS] Finished fetching all records. Total: 22
time="2025-12-30T08:00:01Z" level=warning msg="/opt/task_feishu/prod_192.168.101.13/docker/docker-compose.yml: the attribute `version` is obsolete, it will be ignored, please remove it to avoid potential confusion"
[SUCCESS] Successfully obtained tenant_access_token, expires at Tue Dec 30 17:58:05 2025
[INFO] Fetched 100 records, total so far: 100
[INFO] Fetched 13 records, total so far: 113
[SUCCESS] Finished fetching all records. Total: 113
Using cached tenant_access_token
[INFO] Fetched 22 records, total so far: 22
[SUCCESS] Finished fetching all records. Total: 22
time="2025-12-30T09:00:01Z" level=warning msg="/opt/task_feishu/prod_192.168.101.13/docker/docker-compose.yml: the attribute `version` is obsolete, it will be ignored, please remove it to avoid potential confusion"
[SUCCESS] Successfully obtained tenant_access_token, expires at Tue Dec 30 17:58:05 2025
[INFO] Fetched 100 records, total so far: 100
[INFO] Fetched 13 records, total so far: 113
[SUCCESS] Finished fetching all records. Total: 113
Using cached tenant_access_token
[INFO] Fetched 22 records, total so far: 22
[SUCCESS] Finished fetching all records. Total: 22
time="2025-12-30T10:00:01Z" level=warning msg="/opt/task_feishu/prod_192.168.101.13/docker/docker-compose.yml: the attribute `version` is obsolete, it will be ignored, please remove it to avoid potential confusion"
[SUCCESS] Successfully obtained tenant_access_token, expires at Tue Dec 30 19:28:24 2025
[INFO] Fetched 100 records, total so far: 100
[INFO] Fetched 13 records, total so far: 113
[SUCCESS] Finished fetching all records. Total: 113
Using cached tenant_access_token
[INFO] Fetched 22 records, total so far: 22
[SUCCESS] Finished fetching all records. Total: 22
time="2025-12-30T11:00:01Z" level=warning msg="/opt/task_feishu/prod_192.168.101.13/docker/docker-compose.yml: the attribute `version` is obsolete, it will be ignored, please remove it to avoid potential confusion"
[SUCCESS] Successfully obtained tenant_access_token, expires at Tue Dec 30 20:58:43 2025
[INFO] Fetched 100 records, total so far: 100
[INFO] Fetched 13 records, total so far: 113
[SUCCESS] Finished fetching all records. Total: 113
Using cached tenant_access_token
[INFO] Fetched 22 records, total so far: 22
[SUCCESS] Finished fetching all records. Total: 22
time="2025-12-30T12:00:02Z" level=warning msg="/opt/task_feishu/prod_192.168.101.13/docker/docker-compose.yml: the attribute `version` is obsolete, it will be ignored, please remove it to avoid potential confusion"
[SUCCESS] Successfully obtained tenant_access_token, expires at Tue Dec 30 20:58:43 2025
[INFO] Fetched 100 records, total so far: 100
[INFO] Fetched 13 records, total so far: 113
[SUCCESS] Finished fetching all records. Total: 113
Using cached tenant_access_token
[INFO] Fetched 22 records, total so far: 22
[SUCCESS] Finished fetching all records. Total: 22
time="2025-12-30T13:00:01Z" level=warning msg="/opt/task_feishu/prod_192.168.101.13/docker/docker-compose.yml: the attribute `version` is obsolete, it will be ignored, please remove it to avoid potential confusion"
[SUCCESS] Successfully obtained tenant_access_token, expires at Tue Dec 30 22:29:01 2025
[INFO] Fetched 100 records, total so far: 100
[INFO] Fetched 13 records, total so far: 113
[SUCCESS] Finished fetching all records. Total: 113
Using cached tenant_access_token
[INFO] Fetched 22 records, total so far: 22
[SUCCESS] Finished fetching all records. Total: 22
time="2025-12-30T14:00:01Z" level=warning msg="/opt/task_feishu/prod_192.168.101.13/docker/docker-compose.yml: the attribute `version` is obsolete, it will be ignored, please remove it to avoid potential confusion"
[SUCCESS] Successfully obtained tenant_access_token, expires at Tue Dec 30 23:59:18 2025
[INFO] Fetched 100 records, total so far: 100
[INFO] Fetched 13 records, total so far: 113
[SUCCESS] Finished fetching all records. Total: 113
Using cached tenant_access_token
[INFO] Fetched 22 records, total so far: 22
[SUCCESS] Finished fetching all records. Total: 22
time="2025-12-30T15:00:01Z" level=warning msg="/opt/task_feishu/prod_192.168.101.13/docker/docker-compose.yml: the attribute `version` is obsolete, it will be ignored, please remove it to avoid potential confusion"
[SUCCESS] Successfully obtained tenant_access_token, expires at Tue Dec 30 23:59:18 2025
[INFO] Fetched 100 records, total so far: 100
[INFO] Fetched 13 records, total so far: 113
[SUCCESS] Finished fetching all records. Total: 113
Using cached tenant_access_token
[INFO] Fetched 22 records, total so far: 22
[SUCCESS] Finished fetching all records. Total: 22
time="2025-12-30T16:00:02Z" level=warning msg="/opt/task_feishu/prod_192.168.101.13/docker/docker-compose.yml: the attribute `version` is obsolete, it will be ignored, please remove it to avoid potential confusion"
[SUCCESS] Successfully obtained tenant_access_token, expires at Wed Dec 31 01:29:34 2025
[INFO] Fetched 100 records, total so far: 100
[INFO] Fetched 13 records, total so far: 113
[SUCCESS] Finished fetching all records. Total: 113
Using cached tenant_access_token
[INFO] Fetched 22 records, total so far: 22
[SUCCESS] Finished fetching all records. Total: 22
time="2025-12-30T17:00:01Z" level=warning msg="/opt/task_feishu/prod_192.168.101.13/docker/docker-compose.yml: the attribute `version` is obsolete, it will be ignored, please remove it to avoid potential confusion"
[SUCCESS] Successfully obtained tenant_access_token, expires at Wed Dec 31 02:59:50 2025
[INFO] Fetched 100 records, total so far: 100
[INFO] Fetched 13 records, total so far: 113
[SUCCESS] Finished fetching all records. Total: 113
Using cached tenant_access_token
[INFO] Fetched 22 records, total so far: 22
[SUCCESS] Finished fetching all records. Total: 22
time="2025-12-30T18:00:01Z" level=warning msg="/opt/task_feishu/prod_192.168.101.13/docker/docker-compose.yml: the attribute `version` is obsolete, it will be ignored, please remove it to avoid potential confusion"
[SUCCESS] Successfully obtained tenant_access_token, expires at Wed Dec 31 02:59:50 2025
[INFO] Fetched 100 records, total so far: 100
[INFO] Fetched 13 records, total so far: 113
[SUCCESS] Finished fetching all records. Total: 113
Using cached tenant_access_token
[INFO] Fetched 22 records, total so far: 22
[SUCCESS] Finished fetching all records. Total: 22
time="2025-12-30T19:00:01Z" level=warning msg="/opt/task_feishu/prod_192.168.101.13/docker/docker-compose.yml: the attribute `version` is obsolete, it will be ignored, please remove it to avoid potential confusion"
[SUCCESS] Successfully obtained tenant_access_token, expires at Wed Dec 31 04:30:04 2025
[INFO] Fetched 100 records, total so far: 100
[INFO] Fetched 13 records, total so far: 113
[SUCCESS] Finished fetching all records. Total: 113
Using cached tenant_access_token
[INFO] Fetched 22 records, total so far: 22
[SUCCESS] Finished fetching all records. Total: 22
time="2025-12-30T20:00:01Z" level=warning msg="/opt/task_feishu/prod_192.168.101.13/docker/docker-compose.yml: the attribute `version` is obsolete, it will be ignored, please remove it to avoid potential confusion"
[SUCCESS] Successfully obtained tenant_access_token, expires at Wed Dec 31 04:30:04 2025
[INFO] Fetched 100 records, total so far: 100
[INFO] Fetched 13 records, total so far: 113
[SUCCESS] Finished fetching all records. Total: 113
Using cached tenant_access_token
[INFO] Fetched 22 records, total so far: 22
[SUCCESS] Finished fetching all records. Total: 22
time="2025-12-30T21:00:01Z" level=warning msg="/opt/task_feishu/prod_192.168.101.13/docker/docker-compose.yml: the attribute `version` is obsolete, it will be ignored, please remove it to avoid potential confusion"
[SUCCESS] Successfully obtained tenant_access_token, expires at Wed Dec 31 06:00:20 2025
[INFO] Fetched 100 records, total so far: 100
[INFO] Fetched 13 records, total so far: 113
[SUCCESS] Finished fetching all records. Total: 113
Using cached tenant_access_token
[INFO] Fetched 22 records, total so far: 22
[SUCCESS] Finished fetching all records. Total: 22
time="2025-12-30T22:00:01Z" level=warning msg="/opt/task_feishu/prod_192.168.101.13/docker/docker-compose.yml: the attribute `version` is obsolete, it will be ignored, please remove it to avoid potential confusion"
[SUCCESS] Successfully obtained tenant_access_token, expires at Wed Dec 31 07:30:34 2025
[INFO] Fetched 100 records, total so far: 100
[INFO] Fetched 13 records, total so far: 113
[SUCCESS] Finished fetching all records. Total: 113
Using cached tenant_access_token
[INFO] Fetched 22 records, total so far: 22
[SUCCESS] Finished fetching all records. Total: 22
time="2025-12-30T23:00:01Z" level=warning msg="/opt/task_feishu/prod_192.168.101.13/docker/docker-compose.yml: the attribute `version` is obsolete, it will be ignored, please remove it to avoid potential confusion"
[SUCCESS] Successfully obtained tenant_access_token, expires at Wed Dec 31 07:30:34 2025
[INFO] Fetched 100 records, total so far: 100
[INFO] Fetched 13 records, total so far: 113
[SUCCESS] Finished fetching all records. Total: 113
Using cached tenant_access_token
[INFO] Fetched 22 records, total so far: 22
[SUCCESS] Finished fetching all records. Total: 22
time="2025-12-31T00:00:01Z" level=warning msg="/opt/task_feishu/prod_192.168.101.13/docker/docker-compose.yml: the attribute `version` is obsolete, it will be ignored, please remove it to avoid potential confusion"
[SUCCESS] Successfully obtained tenant_access_token, expires at Wed Dec 31 09:00:48 2025
[INFO] Fetched 100 records, total so far: 100
[INFO] Fetched 13 records, total so far: 113
[SUCCESS] Finished fetching all records. Total: 113
Using cached tenant_access_token
[INFO] Fetched 24 records, total so far: 24
[SUCCESS] Finished fetching all records. Total: 24
time="2025-12-31T01:00:02Z" level=warning msg="/opt/task_feishu/prod_192.168.101.13/docker/docker-compose.yml: the attribute `version` is obsolete, it will be ignored, please remove it to avoid potential confusion"
[SUCCESS] Successfully obtained tenant_access_token, expires at Wed Dec 31 10:31:19 2025
[INFO] Fetched 100 records, total so far: 100
[INFO] Fetched 13 records, total so far: 113
[SUCCESS] Finished fetching all records. Total: 113
Using cached tenant_access_token
[INFO] Fetched 24 records, total so far: 24
[SUCCESS] Finished fetching all records. Total: 24
time="2025-12-31T02:00:01Z" level=warning msg="/opt/task_feishu/prod_192.168.101.13/docker/docker-compose.yml: the attribute `version` is obsolete, it will be ignored, please remove it to avoid potential confusion"
[SUCCESS] Successfully obtained tenant_access_token, expires at Wed Dec 31 10:31:19 2025
[INFO] Fetched 100 records, total so far: 100
[INFO] Fetched 13 records, total so far: 113
[SUCCESS] Finished fetching all records. Total: 113
Using cached tenant_access_token
[INFO] Fetched 24 records, total so far: 24
[SUCCESS] Finished fetching all records. Total: 24
time="2025-12-31T03:00:01Z" level=warning msg="/opt/task_feishu/prod_192.168.101.13/docker/docker-compose.yml: the attribute `version` is obsolete, it will be ignored, please remove it to avoid potential confusion"
[SUCCESS] Successfully obtained tenant_access_token, expires at Wed Dec 31 12:01:36 2025
[INFO] Fetched 100 records, total so far: 100
[INFO] Fetched 13 records, total so far: 113
[SUCCESS] Finished fetching all records. Total: 113
Using cached tenant_access_token
[INFO] Fetched 24 records, total so far: 24
[SUCCESS] Finished fetching all records. Total: 24
time="2025-12-31T04:00:01Z" level=warning msg="/opt/task_feishu/prod_192.168.101.13/docker/docker-compose.yml: the attribute `version` is obsolete, it will be ignored, please remove it to avoid potential confusion"
[SUCCESS] Successfully obtained tenant_access_token, expires at Wed Dec 31 13:31:54 2025
[INFO] Fetched 100 records, total so far: 100
[INFO] Fetched 13 records, total so far: 113
[SUCCESS] Finished fetching all records. Total: 113
Using cached tenant_access_token
[INFO] Fetched 24 records, total so far: 24
[SUCCESS] Finished fetching all records. Total: 24
time="2025-12-31T05:00:02Z" level=warning msg="/opt/task_feishu/prod_192.168.101.13/docker/docker-compose.yml: the attribute `version` is obsolete, it will be ignored, please remove it to avoid potential confusion"
[SUCCESS] Successfully obtained tenant_access_token, expires at Wed Dec 31 13:31:54 2025
[INFO] Fetched 100 records, total so far: 100
[INFO] Fetched 13 records, total so far: 113
[SUCCESS] Finished fetching all records. Total: 113
Using cached tenant_access_token
[INFO] Fetched 24 records, total so far: 24
[SUCCESS] Finished fetching all records. Total: 24
time="2025-12-31T06:00:01Z" level=warning msg="/opt/task_feishu/prod_192.168.101.13/docker/docker-compose.yml: the attribute `version` is obsolete, it will be ignored, please remove it to avoid potential confusion"
[SUCCESS] Successfully obtained tenant_access_token, expires at Wed Dec 31 15:02:12 2025
[INFO] Fetched 100 records, total so far: 100
[INFO] Fetched 13 records, total so far: 113
[SUCCESS] Finished fetching all records. Total: 113
Using cached tenant_access_token
[INFO] Fetched 24 records, total so far: 24
[SUCCESS] Finished fetching all records. Total: 24
time="2025-12-31T07:00:01Z" level=warning msg="/opt/task_feishu/prod_192.168.101.13/docker/docker-compose.yml: the attribute `version` is obsolete, it will be ignored, please remove it to avoid potential confusion"
[SUCCESS] Successfully obtained tenant_access_token, expires at Wed Dec 31 16:32:29 2025
[INFO] Fetched 100 records, total so far: 100
[INFO] Fetched 13 records, total so far: 113
[SUCCESS] Finished fetching all records. Total: 113
Using cached tenant_access_token
[INFO] Fetched 24 records, total so far: 24
[SUCCESS] Finished fetching all records. Total: 24
time="2025-12-31T08:00:01Z" level=warning msg="/opt/task_feishu/prod_192.168.101.13/docker/docker-compose.yml: the attribute `version` is obsolete, it will be ignored, please remove it to avoid potential confusion"
[SUCCESS] Successfully obtained tenant_access_token, expires at Wed Dec 31 16:32:29 2025
[INFO] Fetched 100 records, total so far: 100
[INFO] Fetched 13 records, total so far: 113
[SUCCESS] Finished fetching all records. Total: 113
Using cached tenant_access_token
[INFO] Fetched 24 records, total so far: 24
[SUCCESS] Finished fetching all records. Total: 24
time="2025-12-31T09:00:02Z" level=warning msg="/opt/task_feishu/prod_192.168.101.13/docker/docker-compose.yml: the attribute `version` is obsolete, it will be ignored, please remove it to avoid potential confusion"
[SUCCESS] Successfully obtained tenant_access_token, expires at Wed Dec 31 18:02:47 2025
[INFO] Fetched 100 records, total so far: 100
[INFO] Fetched 13 records, total so far: 113
[SUCCESS] Finished fetching all records. Total: 113
Using cached tenant_access_token
[INFO] Fetched 24 records, total so far: 24
[SUCCESS] Finished fetching all records. Total: 24
time="2025-12-31T10:00:01Z" level=warning msg="/opt/task_feishu/prod_192.168.101.13/docker/docker-compose.yml: the attribute `version` is obsolete, it will be ignored, please remove it to avoid potential confusion"
[SUCCESS] Successfully obtained tenant_access_token, expires at Wed Dec 31 19:33:11 2025
[INFO] Fetched 100 records, total so far: 100
[INFO] Fetched 13 records, total so far: 113
[SUCCESS] Finished fetching all records. Total: 113
Using cached tenant_access_token
[INFO] Fetched 24 records, total so far: 24
[SUCCESS] Finished fetching all records. Total: 24
time="2025-12-31T11:00:01Z" level=warning msg="/opt/task_feishu/prod_192.168.101.13/docker/docker-compose.yml: the attribute `version` is obsolete, it will be ignored, please remove it to avoid potential confusion"
[SUCCESS] Successfully obtained tenant_access_token, expires at Wed Dec 31 19:33:11 2025
[INFO] Fetched 100 records, total so far: 100
[INFO] Fetched 13 records, total so far: 113
[SUCCESS] Finished fetching all records. Total: 113
Using cached tenant_access_token
[INFO] Fetched 24 records, total so far: 24
[SUCCESS] Finished fetching all records. Total: 24
time="2025-12-31T12:00:02Z" level=warning msg="/opt/task_feishu/prod_192.168.101.13/docker/docker-compose.yml: the attribute `version` is obsolete, it will be ignored, please remove it to avoid potential confusion"
[SUCCESS] Successfully obtained tenant_access_token, expires at Wed Dec 31 21:03:30 2025
[INFO] Fetched 100 records, total so far: 100
[INFO] Fetched 13 records, total so far: 113
[SUCCESS] Finished fetching all records. Total: 113
Using cached tenant_access_token
[INFO] Fetched 24 records, total so far: 24
[SUCCESS] Finished fetching all records. Total: 24
time="2025-12-31T13:00:01Z" level=warning msg="/opt/task_feishu/prod_192.168.101.13/docker/docker-compose.yml: the attribute `version` is obsolete, it will be ignored, please remove it to avoid potential confusion"
[SUCCESS] Successfully obtained tenant_access_token, expires at Wed Dec 31 22:33:46 2025
[INFO] Fetched 100 records, total so far: 100
[INFO] Fetched 13 records, total so far: 113
[SUCCESS] Finished fetching all records. Total: 113
Using cached tenant_access_token
[INFO] Fetched 24 records, total so far: 24
[SUCCESS] Finished fetching all records. Total: 24
time="2025-12-31T14:00:01Z" level=warning msg="/opt/task_feishu/prod_192.168.101.13/docker/docker-compose.yml: the attribute `version` is obsolete, it will be ignored, please remove it to avoid potential confusion"
[SUCCESS] Successfully obtained tenant_access_token, expires at Wed Dec 31 22:33:46 2025
[INFO] Fetched 100 records, total so far: 100
[INFO] Fetched 13 records, total so far: 113
[SUCCESS] Finished fetching all records. Total: 113
Using cached tenant_access_token
[INFO] Fetched 24 records, total so far: 24
[SUCCESS] Finished fetching all records. Total: 24
time="2025-12-31T15:00:01Z" level=warning msg="/opt/task_feishu/prod_192.168.101.13/docker/docker-compose.yml: the attribute `version` is obsolete, it will be ignored, please remove it to avoid potential confusion"
[SUCCESS] Successfully obtained tenant_access_token, expires at Thu Jan  1 00:04:02 2026
[INFO] Fetched 100 records, total so far: 100
[INFO] Fetched 13 records, total so far: 113
[SUCCESS] Finished fetching all records. Total: 113
Using cached tenant_access_token
[INFO] Fetched 24 records, total so far: 24
[SUCCESS] Finished fetching all records. Total: 24
time="2025-12-31T16:00:01Z" level=warning msg="/opt/task_feishu/prod_192.168.101.13/docker/docker-compose.yml: the attribute `version` is obsolete, it will be ignored, please remove it to avoid potential confusion"
[SUCCESS] Successfully obtained tenant_access_token, expires at Thu Jan  1 01:34:18 2026
[INFO] Fetched 100 records, total so far: 100
[INFO] Fetched 13 records, total so far: 113
[SUCCESS] Finished fetching all records. Total: 113
Using cached tenant_access_token
[INFO] Fetched 24 records, total so far: 24
[SUCCESS] Finished fetching all records. Total: 24
time="2025-12-31T17:00:02Z" level=warning msg="/opt/task_feishu/prod_192.168.101.13/docker/docker-compose.yml: the attribute `version` is obsolete, it will be ignored, please remove it to avoid potential confusion"
[SUCCESS] Successfully obtained tenant_access_token, expires at Thu Jan  1 01:34:18 2026
[INFO] Fetched 100 records, total so far: 100
[INFO] Fetched 13 records, total so far: 113
[SUCCESS] Finished fetching all records. Total: 113
Using cached tenant_access_token
[INFO] Fetched 24 records, total so far: 24
[SUCCESS] Finished fetching all records. Total: 24
time="2025-12-31T18:00:01Z" level=warning msg="/opt/task_feishu/prod_192.168.101.13/docker/docker-compose.yml: the attribute `version` is obsolete, it will be ignored, please remove it to avoid potential confusion"
[SUCCESS] Successfully obtained tenant_access_token, expires at Thu Jan  1 03:04:34 2026
[INFO] Fetched 100 records, total so far: 100
[INFO] Fetched 14 records, total so far: 114
[SUCCESS] Finished fetching all records. Total: 114
Using cached tenant_access_token
[INFO] Fetched 24 records, total so far: 24
[SUCCESS] Finished fetching all records. Total: 24
time="2025-12-31T19:00:02Z" level=warning msg="/opt/task_feishu/prod_192.168.101.13/docker/docker-compose.yml: the attribute `version` is obsolete, it will be ignored, please remove it to avoid potential confusion"
[SUCCESS] Successfully obtained tenant_access_token, expires at Thu Jan  1 04:34:49 2026
[INFO] Fetched 100 records, total so far: 100
[INFO] Fetched 14 records, total so far: 114
[SUCCESS] Finished fetching all records. Total: 114
Using cached tenant_access_token
[INFO] Fetched 24 records, total so far: 24
[SUCCESS] Finished fetching all records. Total: 24
time="2025-12-31T20:00:01Z" level=warning msg="/opt/task_feishu/prod_192.168.101.13/docker/docker-compose.yml: the attribute `version` is obsolete, it will be ignored, please remove it to avoid potential confusion"
[SUCCESS] Successfully obtained tenant_access_token, expires at Thu Jan  1 04:34:49 2026
[INFO] Fetched 100 records, total so far: 100
[INFO] Fetched 14 records, total so far: 114
[SUCCESS] Finished fetching all records. Total: 114
Using cached tenant_access_token
[INFO] Fetched 24 records, total so far: 24
[SUCCESS] Finished fetching all records. Total: 24
time="2025-12-31T21:00:01Z" level=warning msg="/opt/task_feishu/prod_192.168.101.13/docker/docker-compose.yml: the attribute `version` is obsolete, it will be ignored, please remove it to avoid potential confusion"
[SUCCESS] Successfully obtained tenant_access_token, expires at Thu Jan  1 06:05:04 2026
[INFO] Fetched 100 records, total so far: 100
[INFO] Fetched 14 records, total so far: 114
[SUCCESS] Finished fetching all records. Total: 114
Using cached tenant_access_token
[INFO] Fetched 24 records, total so far: 24
[SUCCESS] Finished fetching all records. Total: 24
time="2025-12-31T22:00:02Z" level=warning msg="/opt/task_feishu/prod_192.168.101.13/docker/docker-compose.yml: the attribute `version` is obsolete, it will be ignored, please remove it to avoid potential confusion"
[SUCCESS] Successfully obtained tenant_access_token, expires at Thu Jan  1 07:35:18 2026
[INFO] Fetched 100 records, total so far: 100
[INFO] Fetched 14 records, total so far: 114
[SUCCESS] Finished fetching all records. Total: 114
Using cached tenant_access_token
[INFO] Fetched 24 records, total so far: 24
[SUCCESS] Finished fetching all records. Total: 24
time="2025-12-31T23:00:01Z" level=warning msg="/opt/task_feishu/prod_192.168.101.13/docker/docker-compose.yml: the attribute `version` is obsolete, it will be ignored, please remove it to avoid potential confusion"
[SUCCESS] Successfully obtained tenant_access_token, expires at Thu Jan  1 07:35:18 2026
[INFO] Fetched 100 records, total so far: 100
[INFO] Fetched 14 records, total so far: 114
[SUCCESS] Finished fetching all records. Total: 114
Using cached tenant_access_token
[INFO] Fetched 24 records, total so far: 24
[SUCCESS] Finished fetching all records. Total: 24
time="2026-01-01T00:00:01Z" level=warning msg="/opt/task_feishu/prod_192.168.101.13/docker/docker-compose.yml: the attribute `version` is obsolete, it will be ignored, please remove it to avoid potential confusion"
[SUCCESS] Successfully obtained tenant_access_token, expires at Thu Jan  1 09:05:33 2026
[INFO] Fetched 100 records, total so far: 100
[INFO] Fetched 14 records, total so far: 114
[SUCCESS] Finished fetching all records. Total: 114
Using cached tenant_access_token
[INFO] Fetched 24 records, total so far: 24
[SUCCESS] Finished fetching all records. Total: 24
time="2026-01-01T01:00:01Z" level=warning msg="/opt/task_feishu/prod_192.168.101.13/docker/docker-compose.yml: the attribute `version` is obsolete, it will be ignored, please remove it to avoid potential confusion"
[SUCCESS] Successfully obtained tenant_access_token, expires at Thu Jan  1 10:35:48 2026
[INFO] Fetched 100 records, total so far: 100
[INFO] Fetched 14 records, total so far: 114
[SUCCESS] Finished fetching all records. Total: 114
Using cached tenant_access_token
[INFO] Fetched 24 records, total so far: 24
[SUCCESS] Finished fetching all records. Total: 24
time="2026-01-01T02:00:02Z" level=warning msg="/opt/task_feishu/prod_192.168.101.13/docker/docker-compose.yml: the attribute `version` is obsolete, it will be ignored, please remove it to avoid potential confusion"
[SUCCESS] Successfully obtained tenant_access_token, expires at Thu Jan  1 10:35:48 2026
[INFO] Fetched 100 records, total so far: 100
[INFO] Fetched 14 records, total so far: 114
[SUCCESS] Finished fetching all records. Total: 114
Using cached tenant_access_token
[INFO] Fetched 24 records, total so far: 24
[SUCCESS] Finished fetching all records. Total: 24
time="2026-01-01T03:00:01Z" level=warning msg="/opt/task_feishu/prod_192.168.101.13/docker/docker-compose.yml: the attribute `version` is obsolete, it will be ignored, please remove it to avoid potential confusion"
[SUCCESS] Successfully obtained tenant_access_token, expires at Thu Jan  1 12:06:04 2026
[INFO] Fetched 100 records, total so far: 100
[INFO] Fetched 14 records, total so far: 114
[SUCCESS] Finished fetching all records. Total: 114
Using cached tenant_access_token
[INFO] Fetched 24 records, total so far: 24
[SUCCESS] Finished fetching all records. Total: 24
time="2026-01-01T04:00:02Z" level=warning msg="/opt/task_feishu/prod_192.168.101.13/docker/docker-compose.yml: the attribute `version` is obsolete, it will be ignored, please remove it to avoid potential confusion"
[SUCCESS] Successfully obtained tenant_access_token, expires at Thu Jan  1 13:36:21 2026
[INFO] Fetched 100 records, total so far: 100
[INFO] Fetched 14 records, total so far: 114
[SUCCESS] Finished fetching all records. Total: 114
Using cached tenant_access_token
[INFO] Fetched 24 records, total so far: 24
[SUCCESS] Finished fetching all records. Total: 24
time="2026-01-01T05:00:01Z" level=warning msg="/opt/task_feishu/prod_192.168.101.13/docker/docker-compose.yml: the attribute `version` is obsolete, it will be ignored, please remove it to avoid potential confusion"
[SUCCESS] Successfully obtained tenant_access_token, expires at Thu Jan  1 13:36:21 2026
[INFO] Fetched 100 records, total so far: 100
[INFO] Fetched 14 records, total so far: 114
[SUCCESS] Finished fetching all records. Total: 114
Using cached tenant_access_token
[INFO] Fetched 24 records, total so far: 24
[SUCCESS] Finished fetching all records. Total: 24
time="2026-01-01T06:00:01Z" level=warning msg="/opt/task_feishu/prod_192.168.101.13/docker/docker-compose.yml: the attribute `version` is obsolete, it will be ignored, please remove it to avoid potential confusion"
[SUCCESS] Successfully obtained tenant_access_token, expires at Thu Jan  1 15:06:37 2026
[INFO] Fetched 100 records, total so far: 100
[INFO] Fetched 14 records, total so far: 114
[SUCCESS] Finished fetching all records. Total: 114
Using cached tenant_access_token
[INFO] Fetched 24 records, total so far: 24
[SUCCESS] Finished fetching all records. Total: 24
time="2026-01-01T07:00:01Z" level=warning msg="/opt/task_feishu/prod_192.168.101.13/docker/docker-compose.yml: the attribute `version` is obsolete, it will be ignored, please remove it to avoid potential confusion"
[SUCCESS] Successfully obtained tenant_access_token, expires at Thu Jan  1 16:36:52 2026
[INFO] Fetched 100 records, total so far: 100
[INFO] Fetched 14 records, total so far: 114
[SUCCESS] Finished fetching all records. Total: 114
Using cached tenant_access_token
[INFO] Fetched 24 records, total so far: 24
[SUCCESS] Finished fetching all records. Total: 24
time="2026-01-01T08:00:01Z" level=warning msg="/opt/task_feishu/prod_192.168.101.13/docker/docker-compose.yml: the attribute `version` is obsolete, it will be ignored, please remove it to avoid potential confusion"
[SUCCESS] Successfully obtained tenant_access_token, expires at Thu Jan  1 16:36:52 2026
[INFO] Fetched 100 records, total so far: 100
[INFO] Fetched 14 records, total so far: 114
[SUCCESS] Finished fetching all records. Total: 114
Using cached tenant_access_token
[INFO] Fetched 24 records, total so far: 24
[SUCCESS] Finished fetching all records. Total: 24
time="2026-01-01T09:00:02Z" level=warning msg="/opt/task_feishu/prod_192.168.101.13/docker/docker-compose.yml: the attribute `version` is obsolete, it will be ignored, please remove it to avoid potential confusion"
[SUCCESS] Successfully obtained tenant_access_token, expires at Thu Jan  1 18:07:09 2026
[INFO] Fetched 100 records, total so far: 100
[INFO] Fetched 14 records, total so far: 114
[SUCCESS] Finished fetching all records. Total: 114
Using cached tenant_access_token
[INFO] Fetched 24 records, total so far: 24
[SUCCESS] Finished fetching all records. Total: 24
time="2026-01-01T10:00:02Z" level=warning msg="/opt/task_feishu/prod_192.168.101.13/docker/docker-compose.yml: the attribute `version` is obsolete, it will be ignored, please remove it to avoid potential confusion"
[SUCCESS] Successfully obtained tenant_access_token, expires at Thu Jan  1 19:37:24 2026
[INFO] Fetched 100 records, total so far: 100
[INFO] Fetched 14 records, total so far: 114
[SUCCESS] Finished fetching all records. Total: 114
Using cached tenant_access_token
[INFO] Fetched 24 records, total so far: 24
[SUCCESS] Finished fetching all records. Total: 24
time="2026-01-01T11:00:01Z" level=warning msg="/opt/task_feishu/prod_192.168.101.13/docker/docker-compose.yml: the attribute `version` is obsolete, it will be ignored, please remove it to avoid potential confusion"
[SUCCESS] Successfully obtained tenant_access_token, expires at Thu Jan  1 19:37:24 2026
[INFO] Fetched 100 records, total so far: 100
[INFO] Fetched 14 records, total so far: 114
[SUCCESS] Finished fetching all records. Total: 114
Using cached tenant_access_token
[INFO] Fetched 24 records, total so far: 24
[SUCCESS] Finished fetching all records. Total: 24
time="2026-01-01T12:00:01Z" level=warning msg="/opt/task_feishu/prod_192.168.101.13/docker/docker-compose.yml: the attribute `version` is obsolete, it will be ignored, please remove it to avoid potential confusion"
[SUCCESS] Successfully obtained tenant_access_token, expires at Thu Jan  1 21:07:40 2026
[INFO] Fetched 100 records, total so far: 100
[INFO] Fetched 14 records, total so far: 114
[SUCCESS] Finished fetching all records. Total: 114
Using cached tenant_access_token
[INFO] Fetched 24 records, total so far: 24
[SUCCESS] Finished fetching all records. Total: 24
time="2026-01-01T13:00:01Z" level=warning msg="/opt/task_feishu/prod_192.168.101.13/docker/docker-compose.yml: the attribute `version` is obsolete, it will be ignored, please remove it to avoid potential confusion"
[SUCCESS] Successfully obtained tenant_access_token, expires at Thu Jan  1 22:37:55 2026
[INFO] Fetched 100 records, total so far: 100
[INFO] Fetched 14 records, total so far: 114
[SUCCESS] Finished fetching all records. Total: 114
Using cached tenant_access_token
[INFO] Fetched 24 records, total so far: 24
[SUCCESS] Finished fetching all records. Total: 24
time="2026-01-01T14:00:01Z" level=warning msg="/opt/task_feishu/prod_192.168.101.13/docker/docker-compose.yml: the attribute `version` is obsolete, it will be ignored, please remove it to avoid potential confusion"
[SUCCESS] Successfully obtained tenant_access_token, expires at Thu Jan  1 22:37:55 2026
[INFO] Fetched 100 records, total so far: 100
[INFO] Fetched 14 records, total so far: 114
[SUCCESS] Finished fetching all records. Total: 114
Using cached tenant_access_token
[INFO] Fetched 24 records, total so far: 24
[SUCCESS] Finished fetching all records. Total: 24
time="2026-01-01T15:00:01Z" level=warning msg="/opt/task_feishu/prod_192.168.101.13/docker/docker-compose.yml: the attribute `version` is obsolete, it will be ignored, please remove it to avoid potential confusion"
[SUCCESS] Successfully obtained tenant_access_token, expires at Fri Jan  2 00:08:12 2026
[INFO] Fetched 100 records, total so far: 100
[INFO] Fetched 14 records, total so far: 114
[SUCCESS] Finished fetching all records. Total: 114
Using cached tenant_access_token
[INFO] Fetched 24 records, total so far: 24
[SUCCESS] Finished fetching all records. Total: 24
time="2026-01-01T16:00:01Z" level=warning msg="/opt/task_feishu/prod_192.168.101.13/docker/docker-compose.yml: the attribute `version` is obsolete, it will be ignored, please remove it to avoid potential confusion"
[SUCCESS] Successfully obtained tenant_access_token, expires at Fri Jan  2 01:38:43 2026
[INFO] Fetched 100 records, total so far: 100
[INFO] Fetched 14 records, total so far: 114
[SUCCESS] Finished fetching all records. Total: 114
Using cached tenant_access_token
[INFO] Fetched 24 records, total so far: 24
[SUCCESS] Finished fetching all records. Total: 24
time="2026-01-01T17:00:01Z" level=warning msg="/opt/task_feishu/prod_192.168.101.13/docker/docker-compose.yml: the attribute `version` is obsolete, it will be ignored, please remove it to avoid potential confusion"
[SUCCESS] Successfully obtained tenant_access_token, expires at Fri Jan  2 01:38:43 2026
[INFO] Fetched 100 records, total so far: 100
[INFO] Fetched 14 records, total so far: 114
[SUCCESS] Finished fetching all records. Total: 114
Using cached tenant_access_token
[INFO] Fetched 24 records, total so far: 24
[SUCCESS] Finished fetching all records. Total: 24
time="2026-01-01T18:00:01Z" level=warning msg="/opt/task_feishu/prod_192.168.101.13/docker/docker-compose.yml: the attribute `version` is obsolete, it will be ignored, please remove it to avoid potential confusion"
[SUCCESS] Successfully obtained tenant_access_token, expires at Fri Jan  2 03:08:57 2026
[INFO] Fetched 100 records, total so far: 100
[INFO] Fetched 14 records, total so far: 114
[SUCCESS] Finished fetching all records. Total: 114
Using cached tenant_access_token
[INFO] Fetched 24 records, total so far: 24
[SUCCESS] Finished fetching all records. Total: 24
time="2026-01-01T19:00:02Z" level=warning msg="/opt/task_feishu/prod_192.168.101.13/docker/docker-compose.yml: the attribute `version` is obsolete, it will be ignored, please remove it to avoid potential confusion"
[SUCCESS] Successfully obtained tenant_access_token, expires at Fri Jan  2 04:39:12 2026
[INFO] Fetched 100 records, total so far: 100
[INFO] Fetched 14 records, total so far: 114
[SUCCESS] Finished fetching all records. Total: 114
Using cached tenant_access_token
[INFO] Fetched 24 records, total so far: 24
[SUCCESS] Finished fetching all records. Total: 24
time="2026-01-01T20:00:01Z" level=warning msg="/opt/task_feishu/prod_192.168.101.13/docker/docker-compose.yml: the attribute `version` is obsolete, it will be ignored, please remove it to avoid potential confusion"
[SUCCESS] Successfully obtained tenant_access_token, expires at Fri Jan  2 04:39:12 2026
[INFO] Fetched 100 records, total so far: 100
[INFO] Fetched 14 records, total so far: 114
[SUCCESS] Finished fetching all records. Total: 114
Using cached tenant_access_token
[INFO] Fetched 24 records, total so far: 24
[SUCCESS] Finished fetching all records. Total: 24
time="2026-01-01T21:00:01Z" level=warning msg="/opt/task_feishu/prod_192.168.101.13/docker/docker-compose.yml: the attribute `version` is obsolete, it will be ignored, please remove it to avoid potential confusion"
[SUCCESS] Successfully obtained tenant_access_token, expires at Fri Jan  2 06:09:26 2026
[INFO] Fetched 100 records, total so far: 100
[INFO] Fetched 14 records, total so far: 114
[SUCCESS] Finished fetching all records. Total: 114
Using cached tenant_access_token
[INFO] Fetched 24 records, total so far: 24
[SUCCESS] Finished fetching all records. Total: 24
time="2026-01-01T22:00:01Z" level=warning msg="/opt/task_feishu/prod_192.168.101.13/docker/docker-compose.yml: the attribute `version` is obsolete, it will be ignored, please remove it to avoid potential confusion"
[SUCCESS] Successfully obtained tenant_access_token, expires at Fri Jan  2 07:39:56 2026
[INFO] Fetched 100 records, total so far: 100
[INFO] Fetched 14 records, total so far: 114
[SUCCESS] Finished fetching all records. Total: 114
Using cached tenant_access_token
[INFO] Fetched 24 records, total so far: 24
[SUCCESS] Finished fetching all records. Total: 24
time="2026-01-01T23:00:01Z" level=warning msg="/opt/task_feishu/prod_192.168.101.13/docker/docker-compose.yml: the attribute `version` is obsolete, it will be ignored, please remove it to avoid potential confusion"
[SUCCESS] Successfully obtained tenant_access_token, expires at Fri Jan  2 07:39:56 2026
[INFO] Fetched 100 records, total so far: 100
[INFO] Fetched 14 records, total so far: 114
[SUCCESS] Finished fetching all records. Total: 114
Using cached tenant_access_token
[INFO] Fetched 24 records, total so far: 24
[SUCCESS] Finished fetching all records. Total: 24
time="2026-01-02T00:00:01Z" level=warning msg="/opt/task_feishu/prod_192.168.101.13/docker/docker-compose.yml: the attribute `version` is obsolete, it will be ignored, please remove it to avoid potential confusion"
[SUCCESS] Successfully obtained tenant_access_token, expires at Fri Jan  2 09:10:11 2026
[INFO] Fetched 100 records, total so far: 100
[INFO] Fetched 14 records, total so far: 114
[SUCCESS] Finished fetching all records. Total: 114
Using cached tenant_access_token
[INFO] Fetched 24 records, total so far: 24
[SUCCESS] Finished fetching all records. Total: 24
time="2026-01-02T01:00:01Z" level=warning msg="/opt/task_feishu/prod_192.168.101.13/docker/docker-compose.yml: the attribute `version` is obsolete, it will be ignored, please remove it to avoid potential confusion"
[SUCCESS] Successfully obtained tenant_access_token, expires at Fri Jan  2 10:40:25 2026
[INFO] Fetched 100 records, total so far: 100
[INFO] Fetched 14 records, total so far: 114
[SUCCESS] Finished fetching all records. Total: 114
Using cached tenant_access_token
[INFO] Fetched 24 records, total so far: 24
[SUCCESS] Finished fetching all records. Total: 24
time="2026-01-02T02:00:01Z" level=warning msg="/opt/task_feishu/prod_192.168.101.13/docker/docker-compose.yml: the attribute `version` is obsolete, it will be ignored, please remove it to avoid potential confusion"
[SUCCESS] Successfully obtained tenant_access_token, expires at Fri Jan  2 10:40:25 2026
[INFO] Fetched 100 records, total so far: 100
[INFO] Fetched 14 records, total so far: 114
[SUCCESS] Finished fetching all records. Total: 114
Using cached tenant_access_token
[INFO] Fetched 24 records, total so far: 24
[SUCCESS] Finished fetching all records. Total: 24
time="2026-01-02T03:00:02Z" level=warning msg="/opt/task_feishu/prod_192.168.101.13/docker/docker-compose.yml: the attribute `version` is obsolete, it will be ignored, please remove it to avoid potential confusion"
[SUCCESS] Successfully obtained tenant_access_token, expires at Fri Jan  2 12:10:41 2026
[INFO] Fetched 100 records, total so far: 100
[INFO] Fetched 14 records, total so far: 114
[SUCCESS] Finished fetching all records. Total: 114
Using cached tenant_access_token
[INFO] Fetched 24 records, total so far: 24
[SUCCESS] Finished fetching all records. Total: 24
time="2026-01-02T04:00:01Z" level=warning msg="/opt/task_feishu/prod_192.168.101.13/docker/docker-compose.yml: the attribute `version` is obsolete, it will be ignored, please remove it to avoid potential confusion"
[SUCCESS] Successfully obtained tenant_access_token, expires at Fri Jan  2 13:41:01 2026
[INFO] Fetched 100 records, total so far: 100
[INFO] Fetched 14 records, total so far: 114
[SUCCESS] Finished fetching all records. Total: 114
Using cached tenant_access_token
[INFO] Fetched 24 records, total so far: 24
[SUCCESS] Finished fetching all records. Total: 24
time="2026-01-02T05:00:01Z" level=warning msg="/opt/task_feishu/prod_192.168.101.13/docker/docker-compose.yml: the attribute `version` is obsolete, it will be ignored, please remove it to avoid potential confusion"
[SUCCESS] Successfully obtained tenant_access_token, expires at Fri Jan  2 13:41:01 2026
[INFO] Fetched 100 records, total so far: 100
[INFO] Fetched 14 records, total so far: 114
[SUCCESS] Finished fetching all records. Total: 114
Using cached tenant_access_token
[INFO] Fetched 24 records, total so far: 24
[SUCCESS] Finished fetching all records. Total: 24
time="2026-01-02T06:00:01Z" level=warning msg="/opt/task_feishu/prod_192.168.101.13/docker/docker-compose.yml: the attribute `version` is obsolete, it will be ignored, please remove it to avoid potential confusion"
[SUCCESS] Successfully obtained tenant_access_token, expires at Fri Jan  2 15:11:17 2026
[INFO] Fetched 100 records, total so far: 100
[INFO] Fetched 14 records, total so far: 114
[SUCCESS] Finished fetching all records. Total: 114
Using cached tenant_access_token
[INFO] Fetched 24 records, total so far: 24
[SUCCESS] Finished fetching all records. Total: 24
time="2026-01-02T07:00:01Z" level=warning msg="/opt/task_feishu/prod_192.168.101.13/docker/docker-compose.yml: the attribute `version` is obsolete, it will be ignored, please remove it to avoid potential confusion"
[SUCCESS] Successfully obtained tenant_access_token, expires at Fri Jan  2 16:41:33 2026
[INFO] Fetched 100 records, total so far: 100
[INFO] Fetched 14 records, total so far: 114
[SUCCESS] Finished fetching all records. Total: 114
Using cached tenant_access_token
[INFO] Fetched 24 records, total so far: 24
[SUCCESS] Finished fetching all records. Total: 24
time="2026-01-02T08:00:01Z" level=warning msg="/opt/task_feishu/prod_192.168.101.13/docker/docker-compose.yml: the attribute `version` is obsolete, it will be ignored, please remove it to avoid potential confusion"
[SUCCESS] Successfully obtained tenant_access_token, expires at Fri Jan  2 16:41:33 2026
[INFO] Fetched 100 records, total so far: 100
[INFO] Fetched 14 records, total so far: 114
[SUCCESS] Finished fetching all records. Total: 114
Using cached tenant_access_token
[INFO] Fetched 24 records, total so far: 24
[SUCCESS] Finished fetching all records. Total: 24
time="2026-01-02T09:00:01Z" level=warning msg="/opt/task_feishu/prod_192.168.101.13/docker/docker-compose.yml: the attribute `version` is obsolete, it will be ignored, please remove it to avoid potential confusion"
[SUCCESS] Successfully obtained tenant_access_token, expires at Fri Jan  2 18:11:49 2026
[INFO] Fetched 100 records, total so far: 100
[INFO] Fetched 14 records, total so far: 114
[SUCCESS] Finished fetching all records. Total: 114
Using cached tenant_access_token
[INFO] Fetched 24 records, total so far: 24
[SUCCESS] Finished fetching all records. Total: 24
time="2026-01-02T10:00:02Z" level=warning msg="/opt/task_feishu/prod_192.168.101.13/docker/docker-compose.yml: the attribute `version` is obsolete, it will be ignored, please remove it to avoid potential confusion"
[SUCCESS] Successfully obtained tenant_access_token, expires at Fri Jan  2 19:42:05 2026
[INFO] Fetched 100 records, total so far: 100
[INFO] Fetched 14 records, total so far: 114
[SUCCESS] Finished fetching all records. Total: 114
Using cached tenant_access_token
[INFO] Fetched 24 records, total so far: 24
[SUCCESS] Finished fetching all records. Total: 24
time="2026-01-02T11:00:01Z" level=warning msg="/opt/task_feishu/prod_192.168.101.13/docker/docker-compose.yml: the attribute `version` is obsolete, it will be ignored, please remove it to avoid potential confusion"
[SUCCESS] Successfully obtained tenant_access_token, expires at Fri Jan  2 19:42:05 2026
[INFO] Fetched 100 records, total so far: 100
[INFO] Fetched 14 records, total so far: 114
[SUCCESS] Finished fetching all records. Total: 114
Using cached tenant_access_token
[INFO] Fetched 24 records, total so far: 24
[SUCCESS] Finished fetching all records. Total: 24
time="2026-01-02T12:00:01Z" level=warning msg="/opt/task_feishu/prod_192.168.101.13/docker/docker-compose.yml: the attribute `version` is obsolete, it will be ignored, please remove it to avoid potential confusion"
[SUCCESS] Successfully obtained tenant_access_token, expires at Fri Jan  2 21:12:21 2026
[INFO] Fetched 100 records, total so far: 100
[INFO] Fetched 14 records, total so far: 114
[SUCCESS] Finished fetching all records. Total: 114
Using cached tenant_access_token
[INFO] Fetched 24 records, total so far: 24
[SUCCESS] Finished fetching all records. Total: 24
time="2026-01-02T13:00:01Z" level=warning msg="/opt/task_feishu/prod_192.168.101.13/docker/docker-compose.yml: the attribute `version` is obsolete, it will be ignored, please remove it to avoid potential confusion"
[SUCCESS] Successfully obtained tenant_access_token, expires at Fri Jan  2 22:42:36 2026
[INFO] Fetched 100 records, total so far: 100
[INFO] Fetched 14 records, total so far: 114
[SUCCESS] Finished fetching all records. Total: 114
Using cached tenant_access_token
[INFO] Fetched 24 records, total so far: 24
[SUCCESS] Finished fetching all records. Total: 24
time="2026-01-02T14:00:01Z" level=warning msg="/opt/task_feishu/prod_192.168.101.13/docker/docker-compose.yml: the attribute `version` is obsolete, it will be ignored, please remove it to avoid potential confusion"
[SUCCESS] Successfully obtained tenant_access_token, expires at Fri Jan  2 22:42:35 2026
[INFO] Fetched 100 records, total so far: 100
[INFO] Fetched 14 records, total so far: 114
[SUCCESS] Finished fetching all records. Total: 114
Using cached tenant_access_token
[INFO] Fetched 24 records, total so far: 24
[SUCCESS] Finished fetching all records. Total: 24
time="2026-01-02T15:00:02Z" level=warning msg="/opt/task_feishu/prod_192.168.101.13/docker/docker-compose.yml: the attribute `version` is obsolete, it will be ignored, please remove it to avoid potential confusion"
[SUCCESS] Successfully obtained tenant_access_token, expires at Sat Jan  3 00:12:51 2026
[INFO] Fetched 100 records, total so far: 100
[INFO] Fetched 14 records, total so far: 114
[SUCCESS] Finished fetching all records. Total: 114
Using cached tenant_access_token
[INFO] Fetched 24 records, total so far: 24
[SUCCESS] Finished fetching all records. Total: 24
time="2026-01-02T16:00:01Z" level=warning msg="/opt/task_feishu/prod_192.168.101.13/docker/docker-compose.yml: the attribute `version` is obsolete, it will be ignored, please remove it to avoid potential confusion"
[SUCCESS] Successfully obtained tenant_access_token, expires at Sat Jan  3 01:43:07 2026
[INFO] Fetched 100 records, total so far: 100
[INFO] Fetched 14 records, total so far: 114
[SUCCESS] Finished fetching all records. Total: 114
Using cached tenant_access_token
[INFO] Fetched 24 records, total so far: 24
[SUCCESS] Finished fetching all records. Total: 24
time="2026-01-02T17:00:01Z" level=warning msg="/opt/task_feishu/prod_192.168.101.13/docker/docker-compose.yml: the attribute `version` is obsolete, it will be ignored, please remove it to avoid potential confusion"
[SUCCESS] Successfully obtained tenant_access_token, expires at Sat Jan  3 01:43:07 2026
[INFO] Fetched 100 records, total so far: 100
[INFO] Fetched 14 records, total so far: 114
[SUCCESS] Finished fetching all records. Total: 114
Using cached tenant_access_token
[INFO] Fetched 24 records, total so far: 24
[SUCCESS] Finished fetching all records. Total: 24
time="2026-01-02T18:00:01Z" level=warning msg="/opt/task_feishu/prod_192.168.101.13/docker/docker-compose.yml: the attribute `version` is obsolete, it will be ignored, please remove it to avoid potential confusion"
[SUCCESS] Successfully obtained tenant_access_token, expires at Sat Jan  3 03:13:23 2026
[INFO] Fetched 100 records, total so far: 100
[INFO] Fetched 14 records, total so far: 114
[SUCCESS] Finished fetching all records. Total: 114
Using cached tenant_access_token
[INFO] Fetched 24 records, total so far: 24
[SUCCESS] Finished fetching all records. Total: 24
time="2026-01-02T19:00:01Z" level=warning msg="/opt/task_feishu/prod_192.168.101.13/docker/docker-compose.yml: the attribute `version` is obsolete, it will be ignored, please remove it to avoid potential confusion"
[SUCCESS] Successfully obtained tenant_access_token, expires at Sat Jan  3 04:43:37 2026
[INFO] Fetched 100 records, total so far: 100
[INFO] Fetched 14 records, total so far: 114
[SUCCESS] Finished fetching all records. Total: 114
Using cached tenant_access_token
[INFO] Fetched 24 records, total so far: 24
[SUCCESS] Finished fetching all records. Total: 24
time="2026-01-02T20:00:02Z" level=warning msg="/opt/task_feishu/prod_192.168.101.13/docker/docker-compose.yml: the attribute `version` is obsolete, it will be ignored, please remove it to avoid potential confusion"
[SUCCESS] Successfully obtained tenant_access_token, expires at Sat Jan  3 04:43:37 2026
[INFO] Fetched 100 records, total so far: 100
[INFO] Fetched 14 records, total so far: 114
[SUCCESS] Finished fetching all records. Total: 114
Using cached tenant_access_token
[INFO] Fetched 24 records, total so far: 24
[SUCCESS] Finished fetching all records. Total: 24
time="2026-01-02T21:00:01Z" level=warning msg="/opt/task_feishu/prod_192.168.101.13/docker/docker-compose.yml: the attribute `version` is obsolete, it will be ignored, please remove it to avoid potential confusion"
[SUCCESS] Successfully obtained tenant_access_token, expires at Sat Jan  3 06:13:52 2026
[INFO] Fetched 100 records, total so far: 100
[INFO] Fetched 14 records, total so far: 114
[SUCCESS] Finished fetching all records. Total: 114
Using cached tenant_access_token
[INFO] Fetched 24 records, total so far: 24
[SUCCESS] Finished fetching all records. Total: 24
time="2026-01-02T22:00:01Z" level=warning msg="/opt/task_feishu/prod_192.168.101.13/docker/docker-compose.yml: the attribute `version` is obsolete, it will be ignored, please remove it to avoid potential confusion"
[SUCCESS] Successfully obtained tenant_access_token, expires at Sat Jan  3 07:44:06 2026
[INFO] Fetched 100 records, total so far: 100
[INFO] Fetched 14 records, total so far: 114
[SUCCESS] Finished fetching all records. Total: 114
Using cached tenant_access_token
[INFO] Fetched 24 records, total so far: 24
[SUCCESS] Finished fetching all records. Total: 24
time="2026-01-02T23:00:02Z" level=warning msg="/opt/task_feishu/prod_192.168.101.13/docker/docker-compose.yml: the attribute `version` is obsolete, it will be ignored, please remove it to avoid potential confusion"
[SUCCESS] Successfully obtained tenant_access_token, expires at Sat Jan  3 07:44:06 2026
[INFO] Fetched 100 records, total so far: 100
[INFO] Fetched 14 records, total so far: 114
[SUCCESS] Finished fetching all records. Total: 114
Using cached tenant_access_token
[INFO] Fetched 24 records, total so far: 24
[SUCCESS] Finished fetching all records. Total: 24
time="2026-01-03T00:00:01Z" level=warning msg="/opt/task_feishu/prod_192.168.101.13/docker/docker-compose.yml: the attribute `version` is obsolete, it will be ignored, please remove it to avoid potential confusion"
[SUCCESS] Successfully obtained tenant_access_token, expires at Sat Jan  3 09:14:20 2026
[INFO] Fetched 100 records, total so far: 100
[INFO] Fetched 14 records, total so far: 114
[SUCCESS] Finished fetching all records. Total: 114
Using cached tenant_access_token
[INFO] Fetched 24 records, total so far: 24
[SUCCESS] Finished fetching all records. Total: 24
time="2026-01-03T01:00:01Z" level=warning msg="/opt/task_feishu/prod_192.168.101.13/docker/docker-compose.yml: the attribute `version` is obsolete, it will be ignored, please remove it to avoid potential confusion"
[SUCCESS] Successfully obtained tenant_access_token, expires at Sat Jan  3 10:44:35 2026
[INFO] Fetched 100 records, total so far: 100
[INFO] Fetched 14 records, total so far: 114
[SUCCESS] Finished fetching all records. Total: 114
Using cached tenant_access_token
[INFO] Fetched 24 records, total so far: 24
[SUCCESS] Finished fetching all records. Total: 24
time="2026-01-03T02:00:01Z" level=warning msg="/opt/task_feishu/prod_192.168.101.13/docker/docker-compose.yml: the attribute `version` is obsolete, it will be ignored, please remove it to avoid potential confusion"
[SUCCESS] Successfully obtained tenant_access_token, expires at Sat Jan  3 10:44:35 2026
[INFO] Fetched 100 records, total so far: 100
[INFO] Fetched 14 records, total so far: 114
[SUCCESS] Finished fetching all records. Total: 114
Using cached tenant_access_token
[INFO] Fetched 24 records, total so far: 24
[SUCCESS] Finished fetching all records. Total: 24
time="2026-01-03T03:00:01Z" level=warning msg="/opt/task_feishu/prod_192.168.101.13/docker/docker-compose.yml: the attribute `version` is obsolete, it will be ignored, please remove it to avoid potential confusion"
[SUCCESS] Successfully obtained tenant_access_token, expires at Sat Jan  3 12:14:51 2026
[INFO] Fetched 100 records, total so far: 100
[INFO] Fetched 14 records, total so far: 114
[SUCCESS] Finished fetching all records. Total: 114
Using cached tenant_access_token
[INFO] Fetched 24 records, total so far: 24
[SUCCESS] Finished fetching all records. Total: 24
time="2026-01-03T04:00:01Z" level=warning msg="/opt/task_feishu/prod_192.168.101.13/docker/docker-compose.yml: the attribute `version` is obsolete, it will be ignored, please remove it to avoid potential confusion"
[SUCCESS] Successfully obtained tenant_access_token, expires at Sat Jan  3 13:45:07 2026
[INFO] Fetched 100 records, total so far: 100
[INFO] Fetched 14 records, total so far: 114
[SUCCESS] Finished fetching all records. Total: 114
Using cached tenant_access_token
[INFO] Fetched 24 records, total so far: 24
[SUCCESS] Finished fetching all records. Total: 24
time="2026-01-03T05:00:02Z" level=warning msg="/opt/task_feishu/prod_192.168.101.13/docker/docker-compose.yml: the attribute `version` is obsolete, it will be ignored, please remove it to avoid potential confusion"
[SUCCESS] Successfully obtained tenant_access_token, expires at Sat Jan  3 13:45:07 2026
[INFO] Fetched 100 records, total so far: 100
[INFO] Fetched 14 records, total so far: 114
[SUCCESS] Finished fetching all records. Total: 114
Using cached tenant_access_token
[INFO] Fetched 24 records, total so far: 24
[SUCCESS] Finished fetching all records. Total: 24
time="2026-01-03T06:00:01Z" level=warning msg="/opt/task_feishu/prod_192.168.101.13/docker/docker-compose.yml: the attribute `version` is obsolete, it will be ignored, please remove it to avoid potential confusion"
[SUCCESS] Successfully obtained tenant_access_token, expires at Sat Jan  3 15:15:22 2026
[INFO] Fetched 100 records, total so far: 100
[INFO] Fetched 14 records, total so far: 114
[SUCCESS] Finished fetching all records. Total: 114
Using cached tenant_access_token
[INFO] Fetched 24 records, total so far: 24
[SUCCESS] Finished fetching all records. Total: 24
time="2026-01-03T07:00:01Z" level=warning msg="/opt/task_feishu/prod_192.168.101.13/docker/docker-compose.yml: the attribute `version` is obsolete, it will be ignored, please remove it to avoid potential confusion"
[SUCCESS] Successfully obtained tenant_access_token, expires at Sat Jan  3 16:45:38 2026
[INFO] Fetched 100 records, total so far: 100
[INFO] Fetched 14 records, total so far: 114
[SUCCESS] Finished fetching all records. Total: 114
Using cached tenant_access_token
[INFO] Fetched 24 records, total so far: 24
[SUCCESS] Finished fetching all records. Total: 24
time="2026-01-03T08:00:01Z" level=warning msg="/opt/task_feishu/prod_192.168.101.13/docker/docker-compose.yml: the attribute `version` is obsolete, it will be ignored, please remove it to avoid potential confusion"
[SUCCESS] Successfully obtained tenant_access_token, expires at Sat Jan  3 16:45:38 2026
[INFO] Fetched 100 records, total so far: 100
[INFO] Fetched 14 records, total so far: 114
[SUCCESS] Finished fetching all records. Total: 114
Using cached tenant_access_token
[INFO] Fetched 24 records, total so far: 24
[SUCCESS] Finished fetching all records. Total: 24
time="2026-01-03T09:00:01Z" level=warning msg="/opt/task_feishu/prod_192.168.101.13/docker/docker-compose.yml: the attribute `version` is obsolete, it will be ignored, please remove it to avoid potential confusion"
[SUCCESS] Successfully obtained tenant_access_token, expires at Sat Jan  3 18:15:54 2026
[INFO] Fetched 100 records, total so far: 100
[INFO] Fetched 14 records, total so far: 114
[SUCCESS] Finished fetching all records. Total: 114
Using cached tenant_access_token
[INFO] Fetched 24 records, total so far: 24
[SUCCESS] Finished fetching all records. Total: 24
time="2026-01-03T10:00:01Z" level=warning msg="/opt/task_feishu/prod_192.168.101.13/docker/docker-compose.yml: the attribute `version` is obsolete, it will be ignored, please remove it to avoid potential confusion"
[SUCCESS] Successfully obtained tenant_access_token, expires at Sat Jan  3 19:46:10 2026
[INFO] Fetched 100 records, total so far: 100
[INFO] Fetched 14 records, total so far: 114
[SUCCESS] Finished fetching all records. Total: 114
Using cached tenant_access_token
[INFO] Fetched 24 records, total so far: 24
[SUCCESS] Finished fetching all records. Total: 24
time="2026-01-03T11:00:01Z" level=warning msg="/opt/task_feishu/prod_192.168.101.13/docker/docker-compose.yml: the attribute `version` is obsolete, it will be ignored, please remove it to avoid potential confusion"
[SUCCESS] Successfully obtained tenant_access_token, expires at Sat Jan  3 19:46:10 2026
[INFO] Fetched 100 records, total so far: 100
[INFO] Fetched 14 records, total so far: 114
[SUCCESS] Finished fetching all records. Total: 114
Using cached tenant_access_token
[INFO] Fetched 24 records, total so far: 24
[SUCCESS] Finished fetching all records. Total: 24
time="2026-01-03T12:00:02Z" level=warning msg="/opt/task_feishu/prod_192.168.101.13/docker/docker-compose.yml: the attribute `version` is obsolete, it will be ignored, please remove it to avoid potential confusion"
[SUCCESS] Successfully obtained tenant_access_token, expires at Sat Jan  3 21:16:26 2026
[INFO] Fetched 100 records, total so far: 100
[INFO] Fetched 14 records, total so far: 114
[SUCCESS] Finished fetching all records. Total: 114
Using cached tenant_access_token
[INFO] Fetched 24 records, total so far: 24
[SUCCESS] Finished fetching all records. Total: 24
time="2026-01-03T13:00:01Z" level=warning msg="/opt/task_feishu/prod_192.168.101.13/docker/docker-compose.yml: the attribute `version` is obsolete, it will be ignored, please remove it to avoid potential confusion"
[SUCCESS] Successfully obtained tenant_access_token, expires at Sat Jan  3 22:46:42 2026
[INFO] Fetched 100 records, total so far: 100
[INFO] Fetched 14 records, total so far: 114
[SUCCESS] Finished fetching all records. Total: 114
Using cached tenant_access_token
[INFO] Fetched 24 records, total so far: 24
[SUCCESS] Finished fetching all records. Total: 24
time="2026-01-03T14:00:01Z" level=warning msg="/opt/task_feishu/prod_192.168.101.13/docker/docker-compose.yml: the attribute `version` is obsolete, it will be ignored, please remove it to avoid potential confusion"
[SUCCESS] Successfully obtained tenant_access_token, expires at Sat Jan  3 22:46:42 2026
[INFO] Fetched 100 records, total so far: 100
[INFO] Fetched 14 records, total so far: 114
[SUCCESS] Finished fetching all records. Total: 114
Using cached tenant_access_token
[INFO] Fetched 24 records, total so far: 24
[SUCCESS] Finished fetching all records. Total: 24
time="2026-01-03T15:00:01Z" level=warning msg="/opt/task_feishu/prod_192.168.101.13/docker/docker-compose.yml: the attribute `version` is obsolete, it will be ignored, please remove it to avoid potential confusion"
[SUCCESS] Successfully obtained tenant_access_token, expires at Sun Jan  4 00:16:58 2026
[INFO] Fetched 100 records, total so far: 100
[INFO] Fetched 14 records, total so far: 114
[SUCCESS] Finished fetching all records. Total: 114
Using cached tenant_access_token
[INFO] Fetched 24 records, total so far: 24
[SUCCESS] Finished fetching all records. Total: 24
time="2026-01-03T16:00:01Z" level=warning msg="/opt/task_feishu/prod_192.168.101.13/docker/docker-compose.yml: the attribute `version` is obsolete, it will be ignored, please remove it to avoid potential confusion"
[SUCCESS] Successfully obtained tenant_access_token, expires at Sun Jan  4 01:47:14 2026
[INFO] Fetched 100 records, total so far: 100
[INFO] Fetched 14 records, total so far: 114
[SUCCESS] Finished fetching all records. Total: 114
Using cached tenant_access_token
[INFO] Fetched 24 records, total so far: 24
[SUCCESS] Finished fetching all records. Total: 24
time="2026-01-03T17:00:01Z" level=warning msg="/opt/task_feishu/prod_192.168.101.13/docker/docker-compose.yml: the attribute `version` is obsolete, it will be ignored, please remove it to avoid potential confusion"
[SUCCESS] Successfully obtained tenant_access_token, expires at Sun Jan  4 01:47:14 2026
[INFO] Fetched 100 records, total so far: 100
[INFO] Fetched 14 records, total so far: 114
[SUCCESS] Finished fetching all records. Total: 114
Using cached tenant_access_token
[INFO] Fetched 24 records, total so far: 24
[SUCCESS] Finished fetching all records. Total: 24
time="2026-01-03T18:00:01Z" level=warning msg="/opt/task_feishu/prod_192.168.101.13/docker/docker-compose.yml: the attribute `version` is obsolete, it will be ignored, please remove it to avoid potential confusion"
[SUCCESS] Successfully obtained tenant_access_token, expires at Sun Jan  4 03:17:29 2026
[INFO] Fetched 100 records, total so far: 100
[INFO] Fetched 14 records, total so far: 114
[SUCCESS] Finished fetching all records. Total: 114
Using cached tenant_access_token
[INFO] Fetched 24 records, total so far: 24
[SUCCESS] Finished fetching all records. Total: 24
time="2026-01-03T19:00:01Z" level=warning msg="/opt/task_feishu/prod_192.168.101.13/docker/docker-compose.yml: the attribute `version` is obsolete, it will be ignored, please remove it to avoid potential confusion"
[SUCCESS] Successfully obtained tenant_access_token, expires at Sun Jan  4 04:47:43 2026
[INFO] Fetched 100 records, total so far: 100
[INFO] Fetched 14 records, total so far: 114
[SUCCESS] Finished fetching all records. Total: 114
Using cached tenant_access_token
[INFO] Fetched 24 records, total so far: 24
[SUCCESS] Finished fetching all records. Total: 24
time="2026-01-03T20:00:01Z" level=warning msg="/opt/task_feishu/prod_192.168.101.13/docker/docker-compose.yml: the attribute `version` is obsolete, it will be ignored, please remove it to avoid potential confusion"
[SUCCESS] Successfully obtained tenant_access_token, expires at Sun Jan  4 04:47:43 2026
[INFO] Fetched 100 records, total so far: 100
[INFO] Fetched 14 records, total so far: 114
[SUCCESS] Finished fetching all records. Total: 114
Using cached tenant_access_token
[INFO] Fetched 24 records, total so far: 24
[SUCCESS] Finished fetching all records. Total: 24
time="2026-01-03T21:00:01Z" level=warning msg="/opt/task_feishu/prod_192.168.101.13/docker/docker-compose.yml: the attribute `version` is obsolete, it will be ignored, please remove it to avoid potential confusion"
[SUCCESS] Successfully obtained tenant_access_token, expires at Sun Jan  4 06:18:13 2026
[INFO] Fetched 100 records, total so far: 100
[INFO] Fetched 14 records, total so far: 114
[SUCCESS] Finished fetching all records. Total: 114
Using cached tenant_access_token
[INFO] Fetched 24 records, total so far: 24
[SUCCESS] Finished fetching all records. Total: 24
time="2026-01-03T22:00:01Z" level=warning msg="/opt/task_feishu/prod_192.168.101.13/docker/docker-compose.yml: the attribute `version` is obsolete, it will be ignored, please remove it to avoid potential confusion"
[SUCCESS] Successfully obtained tenant_access_token, expires at Sun Jan  4 07:48:27 2026
[INFO] Fetched 100 records, total so far: 100
[INFO] Fetched 14 records, total so far: 114
[SUCCESS] Finished fetching all records. Total: 114
Using cached tenant_access_token
[INFO] Fetched 24 records, total so far: 24
[SUCCESS] Finished fetching all records. Total: 24
time="2026-01-03T23:00:01Z" level=warning msg="/opt/task_feishu/prod_192.168.101.13/docker/docker-compose.yml: the attribute `version` is obsolete, it will be ignored, please remove it to avoid potential confusion"
[SUCCESS] Successfully obtained tenant_access_token, expires at Sun Jan  4 07:48:27 2026
[INFO] Fetched 100 records, total so far: 100
[INFO] Fetched 14 records, total so far: 114
[SUCCESS] Finished fetching all records. Total: 114
Using cached tenant_access_token
[INFO] Fetched 24 records, total so far: 24
[SUCCESS] Finished fetching all records. Total: 24
time="2026-01-04T00:00:01Z" level=warning msg="/opt/task_feishu/prod_192.168.101.13/docker/docker-compose.yml: the attribute `version` is obsolete, it will be ignored, please remove it to avoid potential confusion"
[SUCCESS] Successfully obtained tenant_access_token, expires at Sun Jan  4 09:18:42 2026
[INFO] Fetched 100 records, total so far: 100
[INFO] Fetched 14 records, total so far: 114
[SUCCESS] Finished fetching all records. Total: 114
Using cached tenant_access_token
[INFO] Fetched 24 records, total so far: 24
[SUCCESS] Finished fetching all records. Total: 24
time="2026-01-04T01:00:01Z" level=warning msg="/opt/task_feishu/prod_192.168.101.13/docker/docker-compose.yml: the attribute `version` is obsolete, it will be ignored, please remove it to avoid potential confusion"
[SUCCESS] Successfully obtained tenant_access_token, expires at Sun Jan  4 10:48:57 2026
[INFO] Fetched 100 records, total so far: 100
[INFO] Fetched 14 records, total so far: 114
[SUCCESS] Finished fetching all records. Total: 114
Using cached tenant_access_token
[INFO] Fetched 24 records, total so far: 24
[SUCCESS] Finished fetching all records. Total: 24
time="2026-01-04T02:00:02Z" level=warning msg="/opt/task_feishu/prod_192.168.101.13/docker/docker-compose.yml: the attribute `version` is obsolete, it will be ignored, please remove it to avoid potential confusion"
[SUCCESS] Successfully obtained tenant_access_token, expires at Sun Jan  4 10:48:57 2026
[INFO] Fetched 100 records, total so far: 100
[INFO] Fetched 14 records, total so far: 114
[SUCCESS] Finished fetching all records. Total: 114
Using cached tenant_access_token
[INFO] Fetched 24 records, total so far: 24
[SUCCESS] Finished fetching all records. Total: 24
time="2026-01-04T03:00:01Z" level=warning msg="/opt/task_feishu/prod_192.168.101.13/docker/docker-compose.yml: the attribute `version` is obsolete, it will be ignored, please remove it to avoid potential confusion"
[SUCCESS] Successfully obtained tenant_access_token, expires at Sun Jan  4 12:19:14 2026
[INFO] Fetched 100 records, total so far: 100
[INFO] Fetched 14 records, total so far: 114
[SUCCESS] Finished fetching all records. Total: 114
Using cached tenant_access_token
[INFO] Fetched 24 records, total so far: 24
[SUCCESS] Finished fetching all records. Total: 24
time="2026-01-04T04:00:01Z" level=warning msg="/opt/task_feishu/prod_192.168.101.13/docker/docker-compose.yml: the attribute `version` is obsolete, it will be ignored, please remove it to avoid potential confusion"
[SUCCESS] Successfully obtained tenant_access_token, expires at Sun Jan  4 13:49:32 2026
[INFO] Fetched 100 records, total so far: 100
[INFO] Fetched 14 records, total so far: 114
[SUCCESS] Finished fetching all records. Total: 114
Using cached tenant_access_token
[INFO] Fetched 24 records, total so far: 24
[SUCCESS] Finished fetching all records. Total: 24
time="2026-01-04T05:00:01Z" level=warning msg="/opt/task_feishu/prod_192.168.101.13/docker/docker-compose.yml: the attribute `version` is obsolete, it will be ignored, please remove it to avoid potential confusion"
[SUCCESS] Successfully obtained tenant_access_token, expires at Sun Jan  4 13:49:32 2026
[INFO] Fetched 100 records, total so far: 100
[INFO] Fetched 14 records, total so far: 114
[SUCCESS] Finished fetching all records. Total: 114
Using cached tenant_access_token
[INFO] Fetched 24 records, total so far: 24
[SUCCESS] Finished fetching all records. Total: 24
time="2026-01-04T06:00:01Z" level=warning msg="/opt/task_feishu/prod_192.168.101.13/docker/docker-compose.yml: the attribute `version` is obsolete, it will be ignored, please remove it to avoid potential confusion"
[SUCCESS] Successfully obtained tenant_access_token, expires at Sun Jan  4 15:19:48 2026
[INFO] Fetched 100 records, total so far: 100
[INFO] Fetched 14 records, total so far: 114
[SUCCESS] Finished fetching all records. Total: 114
Using cached tenant_access_token
[INFO] Fetched 24 records, total so far: 24
[SUCCESS] Finished fetching all records. Total: 24
time="2026-01-04T07:00:01Z" level=warning msg="/opt/task_feishu/prod_192.168.101.13/docker/docker-compose.yml: the attribute `version` is obsolete, it will be ignored, please remove it to avoid potential confusion"
[SUCCESS] Successfully obtained tenant_access_token, expires at Sun Jan  4 16:50:06 2026
[INFO] Fetched 100 records, total so far: 100
[INFO] Fetched 14 records, total so far: 114
[SUCCESS] Finished fetching all records. Total: 114
Using cached tenant_access_token
[INFO] Fetched 24 records, total so far: 24
[SUCCESS] Finished fetching all records. Total: 24
time="2026-01-04T08:00:02Z" level=warning msg="/opt/task_feishu/prod_192.168.101.13/docker/docker-compose.yml: the attribute `version` is obsolete, it will be ignored, please remove it to avoid potential confusion"
[SUCCESS] Successfully obtained tenant_access_token, expires at Sun Jan  4 16:50:06 2026
[INFO] Fetched 100 records, total so far: 100
[INFO] Fetched 14 records, total so far: 114
[SUCCESS] Finished fetching all records. Total: 114
Using cached tenant_access_token
[INFO] Fetched 24 records, total so far: 24
[SUCCESS] Finished fetching all records. Total: 24
time="2026-01-04T09:00:02Z" level=warning msg="/opt/task_feishu/prod_192.168.101.13/docker/docker-compose.yml: the attribute `version` is obsolete, it will be ignored, please remove it to avoid potential confusion"
[SUCCESS] Successfully obtained tenant_access_token, expires at Sun Jan  4 18:20:24 2026
[INFO] Fetched 100 records, total so far: 100
[INFO] Fetched 14 records, total so far: 114
[SUCCESS] Finished fetching all records. Total: 114
Using cached tenant_access_token
[INFO] Fetched 24 records, total so far: 24
[SUCCESS] Finished fetching all records. Total: 24
time="2026-01-04T10:00:01Z" level=warning msg="/opt/task_feishu/prod_192.168.101.13/docker/docker-compose.yml: the attribute `version` is obsolete, it will be ignored, please remove it to avoid potential confusion"
[SUCCESS] Successfully obtained tenant_access_token, expires at Sun Jan  4 19:50:46 2026
[INFO] Fetched 100 records, total so far: 100
[INFO] Fetched 100 records, total so far: 200
[INFO] Fetched 100 records, total so far: 300
[INFO] Fetched 48 records, total so far: 348
[SUCCESS] Finished fetching all records. Total: 348
Using cached tenant_access_token
[INFO] Fetched 24 records, total so far: 24
[SUCCESS] Finished fetching all records. Total: 24
time="2026-01-04T11:00:01Z" level=warning msg="/opt/task_feishu/prod_192.168.101.13/docker/docker-compose.yml: the attribute `version` is obsolete, it will be ignored, please remove it to avoid potential confusion"
[SUCCESS] Successfully obtained tenant_access_token, expires at Sun Jan  4 19:50:46 2026
[INFO] Fetched 100 records, total so far: 100
[INFO] Fetched 100 records, total so far: 200
[INFO] Fetched 100 records, total so far: 300
[INFO] Fetched 49 records, total so far: 349
[SUCCESS] Finished fetching all records. Total: 349
Using cached tenant_access_token
[INFO] Fetched 24 records, total so far: 24
[SUCCESS] Finished fetching all records. Total: 24
time="2026-01-04T12:00:02Z" level=warning msg="/opt/task_feishu/prod_192.168.101.13/docker/docker-compose.yml: the attribute `version` is obsolete, it will be ignored, please remove it to avoid potential confusion"
[SUCCESS] Successfully obtained tenant_access_token, expires at Sun Jan  4 21:21:15 2026
[INFO] Fetched 100 records, total so far: 100
[INFO] Fetched 100 records, total so far: 200
[INFO] Fetched 100 records, total so far: 300
[INFO] Fetched 49 records, total so far: 349
[SUCCESS] Finished fetching all records. Total: 349
Using cached tenant_access_token
[INFO] Fetched 24 records, total so far: 24
[SUCCESS] Finished fetching all records. Total: 24
time="2026-01-04T13:00:01Z" level=warning msg="/opt/task_feishu/prod_192.168.101.13/docker/docker-compose.yml: the attribute `version` is obsolete, it will be ignored, please remove it to avoid potential confusion"
[SUCCESS] Successfully obtained tenant_access_token, expires at Sun Jan  4 22:51:42 2026
[INFO] Fetched 100 records, total so far: 100
[INFO] Fetched 100 records, total so far: 200
[INFO] Fetched 100 records, total so far: 300
[INFO] Fetched 49 records, total so far: 349
[SUCCESS] Finished fetching all records. Total: 349
Using cached tenant_access_token
[INFO] Fetched 24 records, total so far: 24
[SUCCESS] Finished fetching all records. Total: 24
time="2026-01-04T14:00:01Z" level=warning msg="/opt/task_feishu/prod_192.168.101.13/docker/docker-compose.yml: the attribute `version` is obsolete, it will be ignored, please remove it to avoid potential confusion"
[SUCCESS] Successfully obtained tenant_access_token, expires at Sun Jan  4 22:51:42 2026
[INFO] Fetched 100 records, total so far: 100
[INFO] Fetched 100 records, total so far: 200
[INFO] Fetched 100 records, total so far: 300
[INFO] Fetched 49 records, total so far: 349
[SUCCESS] Finished fetching all records. Total: 349
Using cached tenant_access_token
[INFO] Fetched 24 records, total so far: 24
[SUCCESS] Finished fetching all records. Total: 24
time="2026-01-04T15:00:01Z" level=warning msg="/opt/task_feishu/prod_192.168.101.13/docker/docker-compose.yml: the attribute `version` is obsolete, it will be ignored, please remove it to avoid potential confusion"
[SUCCESS] Successfully obtained tenant_access_token, expires at Mon Jan  5 00:22:09 2026
[INFO] Fetched 100 records, total so far: 100
[INFO] Fetched 100 records, total so far: 200
[INFO] Fetched 100 records, total so far: 300
[INFO] Fetched 49 records, total so far: 349
[SUCCESS] Finished fetching all records. Total: 349
Using cached tenant_access_token
[INFO] Fetched 24 records, total so far: 24
[SUCCESS] Finished fetching all records. Total: 24
time="2026-01-04T16:00:01Z" level=warning msg="/opt/task_feishu/prod_192.168.101.13/docker/docker-compose.yml: the attribute `version` is obsolete, it will be ignored, please remove it to avoid potential confusion"
[SUCCESS] Successfully obtained tenant_access_token, expires at Mon Jan  5 01:52:34 2026
[INFO] Fetched 100 records, total so far: 100
[INFO] Fetched 100 records, total so far: 200
[INFO] Fetched 100 records, total so far: 300
[INFO] Fetched 49 records, total so far: 349
[SUCCESS] Finished fetching all records. Total: 349
Using cached tenant_access_token
[INFO] Fetched 24 records, total so far: 24
[SUCCESS] Finished fetching all records. Total: 24
time="2026-01-04T17:00:01Z" level=warning msg="/opt/task_feishu/prod_192.168.101.13/docker/docker-compose.yml: the attribute `version` is obsolete, it will be ignored, please remove it to avoid potential confusion"
[SUCCESS] Successfully obtained tenant_access_token, expires at Mon Jan  5 01:52:34 2026
[INFO] Fetched 100 records, total so far: 100
[INFO] Fetched 100 records, total so far: 200
[INFO] Fetched 100 records, total so far: 300
[INFO] Fetched 49 records, total so far: 349
[SUCCESS] Finished fetching all records. Total: 349
Using cached tenant_access_token
[INFO] Fetched 24 records, total so far: 24
[SUCCESS] Finished fetching all records. Total: 24
time="2026-01-04T18:00:01Z" level=warning msg="/opt/task_feishu/prod_192.168.101.13/docker/docker-compose.yml: the attribute `version` is obsolete, it will be ignored, please remove it to avoid potential confusion"
[SUCCESS] Successfully obtained tenant_access_token, expires at Mon Jan  5 03:22:58 2026
[INFO] Fetched 100 records, total so far: 100
[INFO] Fetched 100 records, total so far: 200
[INFO] Fetched 100 records, total so far: 300
[INFO] Fetched 49 records, total so far: 349
[SUCCESS] Finished fetching all records. Total: 349
Using cached tenant_access_token
[INFO] Fetched 24 records, total so far: 24
[SUCCESS] Finished fetching all records. Total: 24
time="2026-01-04T19:00:01Z" level=warning msg="/opt/task_feishu/prod_192.168.101.13/docker/docker-compose.yml: the attribute `version` is obsolete, it will be ignored, please remove it to avoid potential confusion"
[SUCCESS] Successfully obtained tenant_access_token, expires at Mon Jan  5 04:53:22 2026
[INFO] Fetched 100 records, total so far: 100
[INFO] Fetched 100 records, total so far: 200
[INFO] Fetched 100 records, total so far: 300
[INFO] Fetched 49 records, total so far: 349
[SUCCESS] Finished fetching all records. Total: 349
Using cached tenant_access_token
[INFO] Fetched 24 records, total so far: 24
[SUCCESS] Finished fetching all records. Total: 24
time="2026-01-04T20:00:01Z" level=warning msg="/opt/task_feishu/prod_192.168.101.13/docker/docker-compose.yml: the attribute `version` is obsolete, it will be ignored, please remove it to avoid potential confusion"
[SUCCESS] Successfully obtained tenant_access_token, expires at Mon Jan  5 04:53:22 2026
[INFO] Fetched 100 records, total so far: 100
[INFO] Fetched 100 records, total so far: 200
[INFO] Fetched 100 records, total so far: 300
[INFO] Fetched 49 records, total so far: 349
[SUCCESS] Finished fetching all records. Total: 349
Using cached tenant_access_token
[INFO] Fetched 24 records, total so far: 24
[SUCCESS] Finished fetching all records. Total: 24
time="2026-01-04T21:00:01Z" level=warning msg="/opt/task_feishu/prod_192.168.101.13/docker/docker-compose.yml: the attribute `version` is obsolete, it will be ignored, please remove it to avoid potential confusion"
[SUCCESS] Successfully obtained tenant_access_token, expires at Mon Jan  5 06:23:44 2026
[INFO] Fetched 100 records, total so far: 100
[INFO] Fetched 100 records, total so far: 200
[INFO] Fetched 100 records, total so far: 300
[INFO] Fetched 49 records, total so far: 349
[SUCCESS] Finished fetching all records. Total: 349
Using cached tenant_access_token
[INFO] Fetched 24 records, total so far: 24
[SUCCESS] Finished fetching all records. Total: 24
time="2026-01-04T22:00:02Z" level=warning msg="/opt/task_feishu/prod_192.168.101.13/docker/docker-compose.yml: the attribute `version` is obsolete, it will be ignored, please remove it to avoid potential confusion"
[SUCCESS] Successfully obtained tenant_access_token, expires at Mon Jan  5 07:54:08 2026
[INFO] Fetched 100 records, total so far: 100
[INFO] Fetched 100 records, total so far: 200
[INFO] Fetched 100 records, total so far: 300
[INFO] Fetched 49 records, total so far: 349
[SUCCESS] Finished fetching all records. Total: 349
Using cached tenant_access_token
[INFO] Fetched 24 records, total so far: 24
[SUCCESS] Finished fetching all records. Total: 24
time="2026-01-04T23:00:01Z" level=warning msg="/opt/task_feishu/prod_192.168.101.13/docker/docker-compose.yml: the attribute `version` is obsolete, it will be ignored, please remove it to avoid potential confusion"
[SUCCESS] Successfully obtained tenant_access_token, expires at Mon Jan  5 07:54:08 2026
[INFO] Fetched 100 records, total so far: 100
[INFO] Fetched 100 records, total so far: 200
[INFO] Fetched 100 records, total so far: 300
[INFO] Fetched 49 records, total so far: 349
[SUCCESS] Finished fetching all records. Total: 349
Using cached tenant_access_token
[INFO] Fetched 24 records, total so far: 24
[SUCCESS] Finished fetching all records. Total: 24
time="2026-01-05T00:00:01Z" level=warning msg="/opt/task_feishu/prod_192.168.101.13/docker/docker-compose.yml: the attribute `version` is obsolete, it will be ignored, please remove it to avoid potential confusion"
[SUCCESS] Successfully obtained tenant_access_token, expires at Mon Jan  5 09:24:31 2026
[INFO] Fetched 100 records, total so far: 100
[INFO] Fetched 100 records, total so far: 200
[INFO] Fetched 100 records, total so far: 300
[INFO] Fetched 49 records, total so far: 349
[SUCCESS] Finished fetching all records. Total: 349
Using cached tenant_access_token
[INFO] Fetched 25 records, total so far: 25
[SUCCESS] Finished fetching all records. Total: 25
time="2026-01-05T01:00:01Z" level=warning msg="/opt/task_feishu/prod_192.168.101.13/docker/docker-compose.yml: the attribute `version` is obsolete, it will be ignored, please remove it to avoid potential confusion"
[SUCCESS] Successfully obtained tenant_access_token, expires at Mon Jan  5 10:54:55 2026
[INFO] Fetched 100 records, total so far: 100
[INFO] Fetched 100 records, total so far: 200
[INFO] Fetched 100 records, total so far: 300
[INFO] Fetched 49 records, total so far: 349
[SUCCESS] Finished fetching all records. Total: 349
Using cached tenant_access_token
[INFO] Fetched 25 records, total so far: 25
[SUCCESS] Finished fetching all records. Total: 25
time="2026-01-05T02:00:01Z" level=warning msg="/opt/task_feishu/prod_192.168.101.13/docker/docker-compose.yml: the attribute `version` is obsolete, it will be ignored, please remove it to avoid potential confusion"
[SUCCESS] Successfully obtained tenant_access_token, expires at Mon Jan  5 10:54:55 2026
[INFO] Fetched 100 records, total so far: 100
[INFO] Fetched 100 records, total so far: 200
[INFO] Fetched 100 records, total so far: 300
[INFO] Fetched 50 records, total so far: 350
[SUCCESS] Finished fetching all records. Total: 350
Using cached tenant_access_token
[INFO] Fetched 25 records, total so far: 25
[SUCCESS] Finished fetching all records. Total: 25
time="2026-01-05T03:00:02Z" level=warning msg="/opt/task_feishu/prod_192.168.101.13/docker/docker-compose.yml: the attribute `version` is obsolete, it will be ignored, please remove it to avoid potential confusion"
[SUCCESS] Successfully obtained tenant_access_token, expires at Mon Jan  5 12:25:26 2026
[INFO] Fetched 100 records, total so far: 100
[INFO] Fetched 100 records, total so far: 200
[INFO] Fetched 100 records, total so far: 300
[INFO] Fetched 52 records, total so far: 352
[SUCCESS] Finished fetching all records. Total: 352
Using cached tenant_access_token
[INFO] Fetched 25 records, total so far: 25
[SUCCESS] Finished fetching all records. Total: 25
time="2026-01-05T04:00:01Z" level=warning msg="/opt/task_feishu/prod_192.168.101.13/docker/docker-compose.yml: the attribute `version` is obsolete, it will be ignored, please remove it to avoid potential confusion"
[SUCCESS] Successfully obtained tenant_access_token, expires at Mon Jan  5 13:55:58 2026
[INFO] Fetched 100 records, total so far: 100
[INFO] Fetched 100 records, total so far: 200
[INFO] Fetched 100 records, total so far: 300
[INFO] Fetched 52 records, total so far: 352
[SUCCESS] Finished fetching all records. Total: 352
Using cached tenant_access_token
[INFO] Fetched 25 records, total so far: 25
[SUCCESS] Finished fetching all records. Total: 25
time="2026-01-05T05:00:01Z" level=warning msg="/opt/task_feishu/prod_192.168.101.13/docker/docker-compose.yml: the attribute `version` is obsolete, it will be ignored, please remove it to avoid potential confusion"
[SUCCESS] Successfully obtained tenant_access_token, expires at Mon Jan  5 13:55:58 2026
[INFO] Fetched 100 records, total so far: 100
[INFO] Fetched 100 records, total so far: 200
[INFO] Fetched 100 records, total so far: 300
[INFO] Fetched 52 records, total so far: 352
[SUCCESS] Finished fetching all records. Total: 352
Using cached tenant_access_token
[INFO] Fetched 25 records, total so far: 25
[SUCCESS] Finished fetching all records. Total: 25
time="2026-01-05T06:00:01Z" level=warning msg="/opt/task_feishu/prod_192.168.101.13/docker/docker-compose.yml: the attribute `version` is obsolete, it will be ignored, please remove it to avoid potential confusion"
[SUCCESS] Successfully obtained tenant_access_token, expires at Mon Jan  5 15:26:25 2026
[INFO] Fetched 100 records, total so far: 100
[INFO] Fetched 100 records, total so far: 200
[INFO] Fetched 100 records, total so far: 300
[INFO] Fetched 52 records, total so far: 352
[SUCCESS] Finished fetching all records. Total: 352
Using cached tenant_access_token
[INFO] Fetched 25 records, total so far: 25
[SUCCESS] Finished fetching all records. Total: 25
time="2026-01-05T07:00:01Z" level=warning msg="/opt/task_feishu/prod_192.168.101.13/docker/docker-compose.yml: the attribute `version` is obsolete, it will be ignored, please remove it to avoid potential confusion"
[SUCCESS] Successfully obtained tenant_access_token, expires at Mon Jan  5 16:56:54 2026
[INFO] Fetched 100 records, total so far: 100
[INFO] Fetched 100 records, total so far: 200
[INFO] Fetched 100 records, total so far: 300
[INFO] Fetched 52 records, total so far: 352
[SUCCESS] Finished fetching all records. Total: 352
Using cached tenant_access_token
[INFO] Fetched 25 records, total so far: 25
[SUCCESS] Finished fetching all records. Total: 25
time="2026-01-05T08:00:01Z" level=warning msg="/opt/task_feishu/prod_192.168.101.13/docker/docker-compose.yml: the attribute `version` is obsolete, it will be ignored, please remove it to avoid potential confusion"
[SUCCESS] Successfully obtained tenant_access_token, expires at Mon Jan  5 16:56:54 2026
[INFO] Fetched 100 records, total so far: 100
[INFO] Fetched 100 records, total so far: 200
[INFO] Fetched 100 records, total so far: 300
[INFO] Fetched 52 records, total so far: 352
[SUCCESS] Finished fetching all records. Total: 352
Using cached tenant_access_token
[INFO] Fetched 25 records, total so far: 25
[SUCCESS] Finished fetching all records. Total: 25
time="2026-01-05T09:00:02Z" level=warning msg="/opt/task_feishu/prod_192.168.101.13/docker/docker-compose.yml: the attribute `version` is obsolete, it will be ignored, please remove it to avoid potential confusion"
[SUCCESS] Successfully obtained tenant_access_token, expires at Mon Jan  5 18:27:27 2026
[INFO] Fetched 100 records, total so far: 100
[INFO] Fetched 100 records, total so far: 200
[INFO] Fetched 100 records, total so far: 300
[INFO] Fetched 52 records, total so far: 352
[SUCCESS] Finished fetching all records. Total: 352
Using cached tenant_access_token
[INFO] Fetched 25 records, total so far: 25
[SUCCESS] Finished fetching all records. Total: 25
time="2026-01-05T10:00:01Z" level=warning msg="/opt/task_feishu/prod_192.168.101.13/docker/docker-compose.yml: the attribute `version` is obsolete, it will be ignored, please remove it to avoid potential confusion"
[SUCCESS] Successfully obtained tenant_access_token, expires at Mon Jan  5 19:57:59 2026
[INFO] Fetched 100 records, total so far: 100
[INFO] Fetched 100 records, total so far: 200
[INFO] Fetched 100 records, total so far: 300
[INFO] Fetched 52 records, total so far: 352
[SUCCESS] Finished fetching all records. Total: 352
Using cached tenant_access_token
[INFO] Fetched 25 records, total so far: 25
[SUCCESS] Finished fetching all records. Total: 25
time="2026-01-05T11:00:02Z" level=warning msg="/opt/task_feishu/prod_192.168.101.13/docker/docker-compose.yml: the attribute `version` is obsolete, it will be ignored, please remove it to avoid potential confusion"
[SUCCESS] Successfully obtained tenant_access_token, expires at Mon Jan  5 19:57:59 2026
[INFO] Fetched 100 records, total so far: 100
[INFO] Fetched 100 records, total so far: 200
[INFO] Fetched 100 records, total so far: 300
[INFO] Fetched 52 records, total so far: 352
[SUCCESS] Finished fetching all records. Total: 352
Using cached tenant_access_token
[INFO] Fetched 25 records, total so far: 25
[SUCCESS] Finished fetching all records. Total: 25
time="2026-01-05T12:00:01Z" level=warning msg="/opt/task_feishu/prod_192.168.101.13/docker/docker-compose.yml: the attribute `version` is obsolete, it will be ignored, please remove it to avoid potential confusion"
[SUCCESS] Successfully obtained tenant_access_token, expires at Mon Jan  5 21:28:29 2026
[INFO] Fetched 100 records, total so far: 100
[INFO] Fetched 100 records, total so far: 200
[INFO] Fetched 100 records, total so far: 300
[INFO] Fetched 52 records, total so far: 352
[SUCCESS] Finished fetching all records. Total: 352
Using cached tenant_access_token
[INFO] Fetched 25 records, total so far: 25
[SUCCESS] Finished fetching all records. Total: 25
time="2026-01-05T13:00:02Z" level=warning msg="/opt/task_feishu/prod_192.168.101.13/docker/docker-compose.yml: the attribute `version` is obsolete, it will be ignored, please remove it to avoid potential confusion"
[SUCCESS] Successfully obtained tenant_access_token, expires at Mon Jan  5 22:58:57 2026
[INFO] Fetched 100 records, total so far: 100
[INFO] Fetched 100 records, total so far: 200
[INFO] Fetched 100 records, total so far: 300
[INFO] Fetched 53 records, total so far: 353
[SUCCESS] Finished fetching all records. Total: 353
Using cached tenant_access_token
[INFO] Fetched 25 records, total so far: 25
[SUCCESS] Finished fetching all records. Total: 25
time="2026-01-05T14:00:01Z" level=warning msg="/opt/task_feishu/prod_192.168.101.13/docker/docker-compose.yml: the attribute `version` is obsolete, it will be ignored, please remove it to avoid potential confusion"
[SUCCESS] Successfully obtained tenant_access_token, expires at Mon Jan  5 22:58:57 2026
[INFO] Fetched 100 records, total so far: 100
[INFO] Fetched 100 records, total so far: 200
[INFO] Fetched 100 records, total so far: 300
[INFO] Fetched 53 records, total so far: 353
[SUCCESS] Finished fetching all records. Total: 353
Using cached tenant_access_token
[INFO] Fetched 25 records, total so far: 25
[SUCCESS] Finished fetching all records. Total: 25
time="2026-01-05T15:00:01Z" level=warning msg="/opt/task_feishu/prod_192.168.101.13/docker/docker-compose.yml: the attribute `version` is obsolete, it will be ignored, please remove it to avoid potential confusion"
[SUCCESS] Successfully obtained tenant_access_token, expires at Tue Jan  6 00:29:26 2026
[INFO] Fetched 100 records, total so far: 100
[INFO] Fetched 100 records, total so far: 200
[INFO] Fetched 100 records, total so far: 300
[INFO] Fetched 53 records, total so far: 353
[SUCCESS] Finished fetching all records. Total: 353
Using cached tenant_access_token
[INFO] Fetched 25 records, total so far: 25
[SUCCESS] Finished fetching all records. Total: 25
time="2026-01-05T16:00:01Z" level=warning msg="/opt/task_feishu/prod_192.168.101.13/docker/docker-compose.yml: the attribute `version` is obsolete, it will be ignored, please remove it to avoid potential confusion"
[SUCCESS] Successfully obtained tenant_access_token, expires at Tue Jan  6 01:59:52 2026
[INFO] Fetched 100 records, total so far: 100
[INFO] Fetched 100 records, total so far: 200
[INFO] Fetched 100 records, total so far: 300
[INFO] Fetched 53 records, total so far: 353
[SUCCESS] Finished fetching all records. Total: 353
Using cached tenant_access_token
[INFO] Fetched 25 records, total so far: 25
[SUCCESS] Finished fetching all records. Total: 25
time="2026-01-05T17:00:01Z" level=warning msg="/opt/task_feishu/prod_192.168.101.13/docker/docker-compose.yml: the attribute `version` is obsolete, it will be ignored, please remove it to avoid potential confusion"
[SUCCESS] Successfully obtained tenant_access_token, expires at Tue Jan  6 01:59:52 2026
[INFO] Fetched 100 records, total so far: 100
[INFO] Fetched 100 records, total so far: 200
[INFO] Fetched 100 records, total so far: 300
[INFO] Fetched 53 records, total so far: 353
[SUCCESS] Finished fetching all records. Total: 353
Using cached tenant_access_token
[INFO] Fetched 25 records, total so far: 25
[SUCCESS] Finished fetching all records. Total: 25
time="2026-01-05T18:00:01Z" level=warning msg="/opt/task_feishu/prod_192.168.101.13/docker/docker-compose.yml: the attribute `version` is obsolete, it will be ignored, please remove it to avoid potential confusion"
[SUCCESS] Successfully obtained tenant_access_token, expires at Tue Jan  6 03:30:17 2026
[INFO] Fetched 100 records, total so far: 100
[INFO] Fetched 100 records, total so far: 200
[INFO] Fetched 100 records, total so far: 300
[INFO] Fetched 53 records, total so far: 353
[SUCCESS] Finished fetching all records. Total: 353
Using cached tenant_access_token
[INFO] Fetched 25 records, total so far: 25
[SUCCESS] Finished fetching all records. Total: 25
time="2026-01-05T19:00:01Z" level=warning msg="/opt/task_feishu/prod_192.168.101.13/docker/docker-compose.yml: the attribute `version` is obsolete, it will be ignored, please remove it to avoid potential confusion"
[SUCCESS] Successfully obtained tenant_access_token, expires at Tue Jan  6 03:30:17 2026
[INFO] Fetched 100 records, total so far: 100
[INFO] Fetched 100 records, total so far: 200
[INFO] Fetched 100 records, total so far: 300
[INFO] Fetched 53 records, total so far: 353
[SUCCESS] Finished fetching all records. Total: 353
Using cached tenant_access_token
[INFO] Fetched 25 records, total so far: 25
[SUCCESS] Finished fetching all records. Total: 25
time="2026-01-05T20:00:01Z" level=warning msg="/opt/task_feishu/prod_192.168.101.13/docker/docker-compose.yml: the attribute `version` is obsolete, it will be ignored, please remove it to avoid potential confusion"
[SUCCESS] Successfully obtained tenant_access_token, expires at Tue Jan  6 05:00:42 2026
[INFO] Fetched 100 records, total so far: 100
[INFO] Fetched 100 records, total so far: 200
[INFO] Fetched 100 records, total so far: 300
[INFO] Fetched 53 records, total so far: 353
[SUCCESS] Finished fetching all records. Total: 353
Using cached tenant_access_token
[INFO] Fetched 25 records, total so far: 25
[SUCCESS] Finished fetching all records. Total: 25
time="2026-01-05T21:00:01Z" level=warning msg="/opt/task_feishu/prod_192.168.101.13/docker/docker-compose.yml: the attribute `version` is obsolete, it will be ignored, please remove it to avoid potential confusion"
[SUCCESS] Successfully obtained tenant_access_token, expires at Tue Jan  6 06:31:07 2026
[INFO] Fetched 100 records, total so far: 100
[INFO] Fetched 100 records, total so far: 200
[INFO] Fetched 100 records, total so far: 300
[INFO] Fetched 53 records, total so far: 353
[SUCCESS] Finished fetching all records. Total: 353
Using cached tenant_access_token
[INFO] Fetched 25 records, total so far: 25
[SUCCESS] Finished fetching all records. Total: 25
time="2026-01-05T22:00:01Z" level=warning msg="/opt/task_feishu/prod_192.168.101.13/docker/docker-compose.yml: the attribute `version` is obsolete, it will be ignored, please remove it to avoid potential confusion"
[SUCCESS] Successfully obtained tenant_access_token, expires at Tue Jan  6 06:31:08 2026
[INFO] Fetched 100 records, total so far: 100
[INFO] Fetched 100 records, total so far: 200
[INFO] Fetched 100 records, total so far: 300
[INFO] Fetched 53 records, total so far: 353
[SUCCESS] Finished fetching all records. Total: 353
Using cached tenant_access_token
[INFO] Fetched 25 records, total so far: 25
[SUCCESS] Finished fetching all records. Total: 25
time="2026-01-05T23:00:01Z" level=warning msg="/opt/task_feishu/prod_192.168.101.13/docker/docker-compose.yml: the attribute `version` is obsolete, it will be ignored, please remove it to avoid potential confusion"
[SUCCESS] Successfully obtained tenant_access_token, expires at Tue Jan  6 08:01:32 2026
[INFO] Fetched 100 records, total so far: 100
[INFO] Fetched 100 records, total so far: 200
[INFO] Fetched 100 records, total so far: 300
[INFO] Fetched 53 records, total so far: 353
[SUCCESS] Finished fetching all records. Total: 353
Using cached tenant_access_token
[INFO] Fetched 25 records, total so far: 25
[SUCCESS] Finished fetching all records. Total: 25
time="2026-01-06T00:00:01Z" level=warning msg="/opt/task_feishu/prod_192.168.101.13/docker/docker-compose.yml: the attribute `version` is obsolete, it will be ignored, please remove it to avoid potential confusion"
[SUCCESS] Successfully obtained tenant_access_token, expires at Tue Jan  6 09:31:57 2026
[INFO] Fetched 100 records, total so far: 100
[INFO] Fetched 100 records, total so far: 200
[INFO] Fetched 100 records, total so far: 300
[INFO] Fetched 53 records, total so far: 353
[SUCCESS] Finished fetching all records. Total: 353
Using cached tenant_access_token
[INFO] Fetched 25 records, total so far: 25
[SUCCESS] Finished fetching all records. Total: 25
time="2026-01-06T01:00:01Z" level=warning msg="/opt/task_feishu/prod_192.168.101.13/docker/docker-compose.yml: the attribute `version` is obsolete, it will be ignored, please remove it to avoid potential confusion"
[SUCCESS] Successfully obtained tenant_access_token, expires at Tue Jan  6 09:31:57 2026
[INFO] Fetched 100 records, total so far: 100
[INFO] Fetched 100 records, total so far: 200
[INFO] Fetched 100 records, total so far: 300
[INFO] Fetched 53 records, total so far: 353
[SUCCESS] Finished fetching all records. Total: 353
Using cached tenant_access_token
[INFO] Fetched 25 records, total so far: 25
[SUCCESS] Finished fetching all records. Total: 25
time="2026-01-06T02:00:01Z" level=warning msg="/opt/task_feishu/prod_192.168.101.13/docker/docker-compose.yml: the attribute `version` is obsolete, it will be ignored, please remove it to avoid potential confusion"
[SUCCESS] Successfully obtained tenant_access_token, expires at Tue Jan  6 11:02:24 2026
[INFO] Fetched 100 records, total so far: 100
[INFO] Fetched 100 records, total so far: 200
[INFO] Fetched 100 records, total so far: 300
[INFO] Fetched 53 records, total so far: 353
[SUCCESS] Finished fetching all records. Total: 353
Using cached tenant_access_token
[INFO] Fetched 25 records, total so far: 25
[SUCCESS] Finished fetching all records. Total: 25
time="2026-01-06T03:00:01Z" level=warning msg="/opt/task_feishu/prod_192.168.101.13/docker/docker-compose.yml: the attribute `version` is obsolete, it will be ignored, please remove it to avoid potential confusion"
[SUCCESS] Successfully obtained tenant_access_token, expires at Tue Jan  6 12:32:54 2026
[INFO] Fetched 100 records, total so far: 100
[INFO] Fetched 100 records, total so far: 200
[INFO] Fetched 100 records, total so far: 300
[INFO] Fetched 53 records, total so far: 353
[SUCCESS] Finished fetching all records. Total: 353
Using cached tenant_access_token
[INFO] Fetched 25 records, total so far: 25
[SUCCESS] Finished fetching all records. Total: 25
time="2026-01-06T04:00:01Z" level=warning msg="/opt/task_feishu/prod_192.168.101.13/docker/docker-compose.yml: the attribute `version` is obsolete, it will be ignored, please remove it to avoid potential confusion"
[SUCCESS] Successfully obtained tenant_access_token, expires at Tue Jan  6 12:32:54 2026
[INFO] Fetched 100 records, total so far: 100
[INFO] Fetched 100 records, total so far: 200
[INFO] Fetched 100 records, total so far: 300
[INFO] Fetched 53 records, total so far: 353
[SUCCESS] Finished fetching all records. Total: 353
Using cached tenant_access_token
[INFO] Fetched 25 records, total so far: 25
[SUCCESS] Finished fetching all records. Total: 25
time="2026-01-06T05:00:01Z" level=warning msg="/opt/task_feishu/prod_192.168.101.13/docker/docker-compose.yml: the attribute `version` is obsolete, it will be ignored, please remove it to avoid potential confusion"
[SUCCESS] Successfully obtained tenant_access_token, expires at Tue Jan  6 14:03:27 2026
[INFO] Fetched 100 records, total so far: 100
[INFO] Fetched 100 records, total so far: 200
[INFO] Fetched 100 records, total so far: 300
[INFO] Fetched 53 records, total so far: 353
[SUCCESS] Finished fetching all records. Total: 353
Using cached tenant_access_token
[INFO] Fetched 25 records, total so far: 25
[SUCCESS] Finished fetching all records. Total: 25
time="2026-01-06T06:00:01Z" level=warning msg="/opt/task_feishu/prod_192.168.101.13/docker/docker-compose.yml: the attribute `version` is obsolete, it will be ignored, please remove it to avoid potential confusion"
[SUCCESS] Successfully obtained tenant_access_token, expires at Tue Jan  6 15:33:55 2026
[INFO] Fetched 100 records, total so far: 100
[INFO] Fetched 100 records, total so far: 200
[INFO] Fetched 100 records, total so far: 300
[INFO] Fetched 53 records, total so far: 353
[SUCCESS] Finished fetching all records. Total: 353
Using cached tenant_access_token
[INFO] Fetched 25 records, total so far: 25
[SUCCESS] Finished fetching all records. Total: 25
time="2026-01-06T07:00:02Z" level=warning msg="/opt/task_feishu/prod_192.168.101.13/docker/docker-compose.yml: the attribute `version` is obsolete, it will be ignored, please remove it to avoid potential confusion"
[SUCCESS] Successfully obtained tenant_access_token, expires at Tue Jan  6 15:33:55 2026
[INFO] Fetched 100 records, total so far: 100
[INFO] Fetched 100 records, total so far: 200
[INFO] Fetched 100 records, total so far: 300
[INFO] Fetched 55 records, total so far: 355
[SUCCESS] Finished fetching all records. Total: 355
Using cached tenant_access_token
[INFO] Fetched 25 records, total so far: 25
[SUCCESS] Finished fetching all records. Total: 25
time="2026-01-06T08:00:01Z" level=warning msg="/opt/task_feishu/prod_192.168.101.13/docker/docker-compose.yml: the attribute `version` is obsolete, it will be ignored, please remove it to avoid potential confusion"
[SUCCESS] Successfully obtained tenant_access_token, expires at Tue Jan  6 17:05:14 2026
[INFO] Fetched 100 records, total so far: 100
[INFO] Fetched 100 records, total so far: 200
[INFO] Fetched 100 records, total so far: 300
[INFO] Fetched 55 records, total so far: 355
[SUCCESS] Finished fetching all records. Total: 355
Using cached tenant_access_token
[INFO] Fetched 25 records, total so far: 25
[SUCCESS] Finished fetching all records. Total: 25
time="2026-01-06T09:00:01Z" level=warning msg="/opt/task_feishu/prod_192.168.101.13/docker/docker-compose.yml: the attribute `version` is obsolete, it will be ignored, please remove it to avoid potential confusion"
[SUCCESS] Successfully obtained tenant_access_token, expires at Tue Jan  6 18:35:50 2026
[INFO] Fetched 100 records, total so far: 100
[INFO] Fetched 100 records, total so far: 200
[INFO] Fetched 100 records, total so far: 300
[INFO] Fetched 55 records, total so far: 355
[SUCCESS] Finished fetching all records. Total: 355
Using cached tenant_access_token
[INFO] Fetched 25 records, total so far: 25
[SUCCESS] Finished fetching all records. Total: 25
time="2026-01-06T10:00:01Z" level=warning msg="/opt/task_feishu/prod_192.168.101.13/docker/docker-compose.yml: the attribute `version` is obsolete, it will be ignored, please remove it to avoid potential confusion"
[SUCCESS] Successfully obtained tenant_access_token, expires at Tue Jan  6 18:35:50 2026
[INFO] Fetched 100 records, total so far: 100
[INFO] Fetched 100 records, total so far: 200
[INFO] Fetched 100 records, total so far: 300
[INFO] Fetched 55 records, total so far: 355
[SUCCESS] Finished fetching all records. Total: 355
Using cached tenant_access_token
[INFO] Fetched 25 records, total so far: 25
[SUCCESS] Finished fetching all records. Total: 25
time="2026-01-06T11:00:02Z" level=warning msg="/opt/task_feishu/prod_192.168.101.13/docker/docker-compose.yml: the attribute `version` is obsolete, it will be ignored, please remove it to avoid potential confusion"
[SUCCESS] Successfully obtained tenant_access_token, expires at Tue Jan  6 20:06:23 2026
[INFO] Fetched 100 records, total so far: 100
[INFO] Fetched 100 records, total so far: 200
[INFO] Fetched 100 records, total so far: 300
[INFO] Fetched 55 records, total so far: 355
[SUCCESS] Finished fetching all records. Total: 355
Using cached tenant_access_token
[INFO] Fetched 25 records, total so far: 25
[SUCCESS] Finished fetching all records. Total: 25
time="2026-01-06T12:00:02Z" level=warning msg="/opt/task_feishu/prod_192.168.101.13/docker/docker-compose.yml: the attribute `version` is obsolete, it will be ignored, please remove it to avoid potential confusion"
[SUCCESS] Successfully obtained tenant_access_token, expires at Tue Jan  6 21:36:53 2026
[INFO] Fetched 100 records, total so far: 100
[INFO] Fetched 100 records, total so far: 200
[INFO] Fetched 100 records, total so far: 300
[INFO] Fetched 55 records, total so far: 355
[SUCCESS] Finished fetching all records. Total: 355
Using cached tenant_access_token
[INFO] Fetched 25 records, total so far: 25
[SUCCESS] Finished fetching all records. Total: 25
time="2026-01-06T13:00:01Z" level=warning msg="/opt/task_feishu/prod_192.168.101.13/docker/docker-compose.yml: the attribute `version` is obsolete, it will be ignored, please remove it to avoid potential confusion"
[SUCCESS] Successfully obtained tenant_access_token, expires at Tue Jan  6 21:36:53 2026
[INFO] Fetched 100 records, total so far: 100
[INFO] Fetched 100 records, total so far: 200
[INFO] Fetched 100 records, total so far: 300
[INFO] Fetched 55 records, total so far: 355
[SUCCESS] Finished fetching all records. Total: 355
Using cached tenant_access_token
[INFO] Fetched 25 records, total so far: 25
[SUCCESS] Finished fetching all records. Total: 25
time="2026-01-06T14:00:01Z" level=warning msg="/opt/task_feishu/prod_192.168.101.13/docker/docker-compose.yml: the attribute `version` is obsolete, it will be ignored, please remove it to avoid potential confusion"
[SUCCESS] Successfully obtained tenant_access_token, expires at Tue Jan  6 23:07:36 2026
[INFO] Fetched 100 records, total so far: 100
[INFO] Fetched 100 records, total so far: 200
[INFO] Fetched 100 records, total so far: 300
[INFO] Fetched 55 records, total so far: 355
[SUCCESS] Finished fetching all records. Total: 355
Using cached tenant_access_token
[INFO] Fetched 26 records, total so far: 26
[SUCCESS] Finished fetching all records. Total: 26
time="2026-01-06T15:00:01Z" level=warning msg="/opt/task_feishu/prod_192.168.101.13/docker/docker-compose.yml: the attribute `version` is obsolete, it will be ignored, please remove it to avoid potential confusion"
[SUCCESS] Successfully obtained tenant_access_token, expires at Wed Jan  7 00:38:03 2026
[INFO] Fetched 100 records, total so far: 100
[INFO] Fetched 100 records, total so far: 200
[INFO] Fetched 100 records, total so far: 300
[INFO] Fetched 55 records, total so far: 355
[SUCCESS] Finished fetching all records. Total: 355
Using cached tenant_access_token
[INFO] Fetched 26 records, total so far: 26
[SUCCESS] Finished fetching all records. Total: 26
time="2026-01-06T16:00:01Z" level=warning msg="/opt/task_feishu/prod_192.168.101.13/docker/docker-compose.yml: the attribute `version` is obsolete, it will be ignored, please remove it to avoid potential confusion"
[SUCCESS] Successfully obtained tenant_access_token, expires at Wed Jan  7 00:38:03 2026
[INFO] Fetched 100 records, total so far: 100
[INFO] Fetched 100 records, total so far: 200
[INFO] Fetched 100 records, total so far: 300
[INFO] Fetched 55 records, total so far: 355
[SUCCESS] Finished fetching all records. Total: 355
Using cached tenant_access_token
[INFO] Fetched 26 records, total so far: 26
[SUCCESS] Finished fetching all records. Total: 26
time="2026-01-06T17:00:01Z" level=warning msg="/opt/task_feishu/prod_192.168.101.13/docker/docker-compose.yml: the attribute `version` is obsolete, it will be ignored, please remove it to avoid potential confusion"
[SUCCESS] Successfully obtained tenant_access_token, expires at Wed Jan  7 02:08:28 2026
[INFO] Fetched 100 records, total so far: 100
[INFO] Fetched 100 records, total so far: 200
[INFO] Fetched 100 records, total so far: 300
[INFO] Fetched 55 records, total so far: 355
[SUCCESS] Finished fetching all records. Total: 355
Using cached tenant_access_token
[INFO] Fetched 26 records, total so far: 26
[SUCCESS] Finished fetching all records. Total: 26
time="2026-01-06T18:00:01Z" level=warning msg="/opt/task_feishu/prod_192.168.101.13/docker/docker-compose.yml: the attribute `version` is obsolete, it will be ignored, please remove it to avoid potential confusion"
[SUCCESS] Successfully obtained tenant_access_token, expires at Wed Jan  7 03:38:52 2026
[INFO] Fetched 100 records, total so far: 100
[INFO] Fetched 100 records, total so far: 200
[INFO] Fetched 100 records, total so far: 300
[INFO] Fetched 55 records, total so far: 355
[SUCCESS] Finished fetching all records. Total: 355
Using cached tenant_access_token
[INFO] Fetched 26 records, total so far: 26
[SUCCESS] Finished fetching all records. Total: 26
time="2026-01-06T19:00:02Z" level=warning msg="/opt/task_feishu/prod_192.168.101.13/docker/docker-compose.yml: the attribute `version` is obsolete, it will be ignored, please remove it to avoid potential confusion"
[SUCCESS] Successfully obtained tenant_access_token, expires at Wed Jan  7 03:38:52 2026
[INFO] Fetched 100 records, total so far: 100
[INFO] Fetched 100 records, total so far: 200
[INFO] Fetched 100 records, total so far: 300
[INFO] Fetched 55 records, total so far: 355
[SUCCESS] Finished fetching all records. Total: 355
Using cached tenant_access_token
[INFO] Fetched 26 records, total so far: 26
[SUCCESS] Finished fetching all records. Total: 26
time="2026-01-06T20:00:01Z" level=warning msg="/opt/task_feishu/prod_192.168.101.13/docker/docker-compose.yml: the attribute `version` is obsolete, it will be ignored, please remove it to avoid potential confusion"
[SUCCESS] Successfully obtained tenant_access_token, expires at Wed Jan  7 05:09:15 2026
[INFO] Fetched 100 records, total so far: 100
[INFO] Fetched 100 records, total so far: 200
[INFO] Fetched 100 records, total so far: 300
[INFO] Fetched 55 records, total so far: 355
[SUCCESS] Finished fetching all records. Total: 355
Using cached tenant_access_token
[INFO] Fetched 26 records, total so far: 26
[SUCCESS] Finished fetching all records. Total: 26
time="2026-01-06T21:00:01Z" level=warning msg="/opt/task_feishu/prod_192.168.101.13/docker/docker-compose.yml: the attribute `version` is obsolete, it will be ignored, please remove it to avoid potential confusion"
[SUCCESS] Successfully obtained tenant_access_token, expires at Wed Jan  7 06:39:38 2026
[INFO] Fetched 100 records, total so far: 100
[INFO] Fetched 100 records, total so far: 200
[INFO] Fetched 100 records, total so far: 300
[INFO] Fetched 55 records, total so far: 355
[SUCCESS] Finished fetching all records. Total: 355
Using cached tenant_access_token
[INFO] Fetched 26 records, total so far: 26
[SUCCESS] Finished fetching all records. Total: 26
time="2026-01-06T22:00:01Z" level=warning msg="/opt/task_feishu/prod_192.168.101.13/docker/docker-compose.yml: the attribute `version` is obsolete, it will be ignored, please remove it to avoid potential confusion"
[SUCCESS] Successfully obtained tenant_access_token, expires at Wed Jan  7 06:39:38 2026
[INFO] Fetched 100 records, total so far: 100
[INFO] Fetched 100 records, total so far: 200
[INFO] Fetched 100 records, total so far: 300
[INFO] Fetched 55 records, total so far: 355
[SUCCESS] Finished fetching all records. Total: 355
Using cached tenant_access_token
[INFO] Fetched 26 records, total so far: 26
[SUCCESS] Finished fetching all records. Total: 26
time="2026-01-06T23:00:01Z" level=warning msg="/opt/task_feishu/prod_192.168.101.13/docker/docker-compose.yml: the attribute `version` is obsolete, it will be ignored, please remove it to avoid potential confusion"
[SUCCESS] Successfully obtained tenant_access_token, expires at Wed Jan  7 08:10:02 2026
[INFO] Fetched 100 records, total so far: 100
[INFO] Fetched 100 records, total so far: 200
[INFO] Fetched 100 records, total so far: 300
[INFO] Fetched 55 records, total so far: 355
[SUCCESS] Finished fetching all records. Total: 355
Using cached tenant_access_token
[INFO] Fetched 26 records, total so far: 26
[SUCCESS] Finished fetching all records. Total: 26
time="2026-01-07T00:00:01Z" level=warning msg="/opt/task_feishu/prod_192.168.101.13/docker/docker-compose.yml: the attribute `version` is obsolete, it will be ignored, please remove it to avoid potential confusion"
[SUCCESS] Successfully obtained tenant_access_token, expires at Wed Jan  7 09:40:25 2026
[INFO] Fetched 100 records, total so far: 100
[INFO] Fetched 100 records, total so far: 200
[INFO] Fetched 100 records, total so far: 300
[INFO] Fetched 55 records, total so far: 355
[SUCCESS] Finished fetching all records. Total: 355
Using cached tenant_access_token
[INFO] Fetched 26 records, total so far: 26
[SUCCESS] Finished fetching all records. Total: 26
time="2026-01-07T01:00:02Z" level=warning msg="/opt/task_feishu/prod_192.168.101.13/docker/docker-compose.yml: the attribute `version` is obsolete, it will be ignored, please remove it to avoid potential confusion"
[SUCCESS] Successfully obtained tenant_access_token, expires at Wed Jan  7 09:40:25 2026
[INFO] Fetched 100 records, total so far: 100
[INFO] Fetched 100 records, total so far: 200
[INFO] Fetched 100 records, total so far: 300
[INFO] Fetched 55 records, total so far: 355
[SUCCESS] Finished fetching all records. Total: 355
Using cached tenant_access_token
[INFO] Fetched 26 records, total so far: 26
[SUCCESS] Finished fetching all records. Total: 26
time="2026-01-07T02:00:01Z" level=warning msg="/opt/task_feishu/prod_192.168.101.13/docker/docker-compose.yml: the attribute `version` is obsolete, it will be ignored, please remove it to avoid potential confusion"
[SUCCESS] Successfully obtained tenant_access_token, expires at Wed Jan  7 11:10:50 2026
[INFO] Fetched 100 records, total so far: 100
[INFO] Fetched 100 records, total so far: 200
[INFO] Fetched 100 records, total so far: 300
[INFO] Fetched 55 records, total so far: 355
[SUCCESS] Finished fetching all records. Total: 355
Using cached tenant_access_token
[INFO] Fetched 26 records, total so far: 26
[SUCCESS] Finished fetching all records. Total: 26
time="2026-01-07T03:00:01Z" level=warning msg="/opt/task_feishu/prod_192.168.101.13/docker/docker-compose.yml: the attribute `version` is obsolete, it will be ignored, please remove it to avoid potential confusion"
[SUCCESS] Successfully obtained tenant_access_token, expires at Wed Jan  7 12:41:21 2026
[INFO] Fetched 100 records, total so far: 100
[INFO] Fetched 100 records, total so far: 200
[INFO] Fetched 100 records, total so far: 300
[INFO] Fetched 55 records, total so far: 355
[SUCCESS] Finished fetching all records. Total: 355
Using cached tenant_access_token
[INFO] Fetched 26 records, total so far: 26
[SUCCESS] Finished fetching all records. Total: 26
time="2026-01-07T04:00:01Z" level=warning msg="/opt/task_feishu/prod_192.168.101.13/docker/docker-compose.yml: the attribute `version` is obsolete, it will be ignored, please remove it to avoid potential confusion"
[SUCCESS] Successfully obtained tenant_access_token, expires at Wed Jan  7 12:41:21 2026
[INFO] Fetched 100 records, total so far: 100
[INFO] Fetched 100 records, total so far: 200
[INFO] Fetched 100 records, total so far: 300
[INFO] Fetched 55 records, total so far: 355
[SUCCESS] Finished fetching all records. Total: 355
Using cached tenant_access_token
[INFO] Fetched 26 records, total so far: 26
[SUCCESS] Finished fetching all records. Total: 26
time="2026-01-07T05:00:02Z" level=warning msg="/opt/task_feishu/prod_192.168.101.13/docker/docker-compose.yml: the attribute `version` is obsolete, it will be ignored, please remove it to avoid potential confusion"
[SUCCESS] Successfully obtained tenant_access_token, expires at Wed Jan  7 14:11:55 2026
[INFO] Fetched 100 records, total so far: 100
[INFO] Fetched 100 records, total so far: 200
[INFO] Fetched 100 records, total so far: 300
[INFO] Fetched 55 records, total so far: 355
[SUCCESS] Finished fetching all records. Total: 355
Using cached tenant_access_token
[INFO] Fetched 26 records, total so far: 26
[SUCCESS] Finished fetching all records. Total: 26
time="2026-01-07T06:00:01Z" level=warning msg="/opt/task_feishu/prod_192.168.101.13/docker/docker-compose.yml: the attribute `version` is obsolete, it will be ignored, please remove it to avoid potential confusion"
[SUCCESS] Successfully obtained tenant_access_token, expires at Wed Jan  7 15:42:22 2026
[INFO] Fetched 100 records, total so far: 100
[INFO] Fetched 100 records, total so far: 200
[INFO] Fetched 100 records, total so far: 300
[INFO] Fetched 55 records, total so far: 355
[SUCCESS] Finished fetching all records. Total: 355
Using cached tenant_access_token
[INFO] Fetched 26 records, total so far: 26
[SUCCESS] Finished fetching all records. Total: 26
time="2026-01-08T09:00:03Z" level=warning msg="/opt/task_feishu/prod_192.168.101.13/docker/docker-compose.yml: the attribute `version` is obsolete, it will be ignored, please remove it to avoid potential confusion"
[SUCCESS] Successfully obtained tenant_access_token, expires at Thu Jan  8 18:50:13 2026
[INFO] Fetched 100 records, total so far: 100
[INFO] Fetched 100 records, total so far: 200
[INFO] Fetched 100 records, total so far: 300
[INFO] Fetched 55 records, total so far: 355
[SUCCESS] Finished fetching all records. Total: 355
Using cached tenant_access_token
[INFO] Fetched 27 records, total so far: 27
[SUCCESS] Finished fetching all records. Total: 27
time="2026-01-08T10:00:02Z" level=warning msg="/opt/task_feishu/prod_192.168.101.13/docker/docker-compose.yml: the attribute `version` is obsolete, it will be ignored, please remove it to avoid potential confusion"
[SUCCESS] Successfully obtained tenant_access_token, expires at Thu Jan  8 18:50:13 2026
[INFO] Fetched 100 records, total so far: 100
[INFO] Fetched 100 records, total so far: 200
[INFO] Fetched 100 records, total so far: 300
[INFO] Fetched 55 records, total so far: 355
[SUCCESS] Finished fetching all records. Total: 355
Using cached tenant_access_token
[INFO] Fetched 27 records, total so far: 27
[SUCCESS] Finished fetching all records. Total: 27
time="2026-01-08T11:00:01Z" level=warning msg="/opt/task_feishu/prod_192.168.101.13/docker/docker-compose.yml: the attribute `version` is obsolete, it will be ignored, please remove it to avoid potential confusion"
[SUCCESS] Successfully obtained tenant_access_token, expires at Thu Jan  8 20:20:47 2026
[INFO] Fetched 100 records, total so far: 100
[INFO] Fetched 100 records, total so far: 200
[INFO] Fetched 100 records, total so far: 300
[INFO] Fetched 55 records, total so far: 355
[SUCCESS] Finished fetching all records. Total: 355
Using cached tenant_access_token
[INFO] Fetched 27 records, total so far: 27
[SUCCESS] Finished fetching all records. Total: 27
time="2026-01-08T12:00:02Z" level=warning msg="/opt/task_feishu/prod_192.168.101.13/docker/docker-compose.yml: the attribute `version` is obsolete, it will be ignored, please remove it to avoid potential confusion"
[SUCCESS] Successfully obtained tenant_access_token, expires at Thu Jan  8 21:51:15 2026
[INFO] Fetched 100 records, total so far: 100
[INFO] Fetched 100 records, total so far: 200
[INFO] Fetched 100 records, total so far: 300
[INFO] Fetched 55 records, total so far: 355
[SUCCESS] Finished fetching all records. Total: 355
Using cached tenant_access_token
[INFO] Fetched 27 records, total so far: 27
[SUCCESS] Finished fetching all records. Total: 27
time="2026-01-08T13:00:01Z" level=warning msg="/opt/task_feishu/prod_192.168.101.13/docker/docker-compose.yml: the attribute `version` is obsolete, it will be ignored, please remove it to avoid potential confusion"
[SUCCESS] Successfully obtained tenant_access_token, expires at Thu Jan  8 21:51:15 2026
[INFO] Fetched 100 records, total so far: 100
[INFO] Fetched 100 records, total so far: 200
[INFO] Fetched 100 records, total so far: 300
[INFO] Fetched 55 records, total so far: 355
[SUCCESS] Finished fetching all records. Total: 355
Using cached tenant_access_token
[INFO] Fetched 27 records, total so far: 27
[SUCCESS] Finished fetching all records. Total: 27
time="2026-01-08T14:00:01Z" level=warning msg="/opt/task_feishu/prod_192.168.101.13/docker/docker-compose.yml: the attribute `version` is obsolete, it will be ignored, please remove it to avoid potential confusion"
[SUCCESS] Successfully obtained tenant_access_token, expires at Thu Jan  8 23:21:42 2026
[INFO] Fetched 100 records, total so far: 100
[INFO] Fetched 100 records, total so far: 200
[INFO] Fetched 100 records, total so far: 300
[INFO] Fetched 55 records, total so far: 355
[SUCCESS] Finished fetching all records. Total: 355
Using cached tenant_access_token
[INFO] Fetched 27 records, total so far: 27
[SUCCESS] Finished fetching all records. Total: 27
time="2026-01-08T15:00:01Z" level=warning msg="/opt/task_feishu/prod_192.168.101.13/docker/docker-compose.yml: the attribute `version` is obsolete, it will be ignored, please remove it to avoid potential confusion"
[SUCCESS] Successfully obtained tenant_access_token, expires at Fri Jan  9 00:52:09 2026
[INFO] Fetched 100 records, total so far: 100
[INFO] Fetched 100 records, total so far: 200
[INFO] Fetched 100 records, total so far: 300
[INFO] Fetched 55 records, total so far: 355
[SUCCESS] Finished fetching all records. Total: 355
Using cached tenant_access_token
[INFO] Fetched 27 records, total so far: 27
[SUCCESS] Finished fetching all records. Total: 27
time="2026-01-08T16:00:02Z" level=warning msg="/opt/task_feishu/prod_192.168.101.13/docker/docker-compose.yml: the attribute `version` is obsolete, it will be ignored, please remove it to avoid potential confusion"
[SUCCESS] Successfully obtained tenant_access_token, expires at Fri Jan  9 00:52:09 2026
[INFO] Fetched 100 records, total so far: 100
[INFO] Fetched 100 records, total so far: 200
[INFO] Fetched 100 records, total so far: 300
[INFO] Fetched 55 records, total so far: 355
[SUCCESS] Finished fetching all records. Total: 355
Using cached tenant_access_token
[INFO] Fetched 27 records, total so far: 27
[SUCCESS] Finished fetching all records. Total: 27
time="2026-01-08T17:00:01Z" level=warning msg="/opt/task_feishu/prod_192.168.101.13/docker/docker-compose.yml: the attribute `version` is obsolete, it will be ignored, please remove it to avoid potential confusion"
[SUCCESS] Successfully obtained tenant_access_token, expires at Fri Jan  9 02:22:35 2026
[INFO] Fetched 100 records, total so far: 100
[INFO] Fetched 100 records, total so far: 200
[INFO] Fetched 100 records, total so far: 300
[INFO] Fetched 55 records, total so far: 355
[SUCCESS] Finished fetching all records. Total: 355
Using cached tenant_access_token
[INFO] Fetched 27 records, total so far: 27
[SUCCESS] Finished fetching all records. Total: 27
time="2026-01-08T18:00:01Z" level=warning msg="/opt/task_feishu/prod_192.168.101.13/docker/docker-compose.yml: the attribute `version` is obsolete, it will be ignored, please remove it to avoid potential confusion"
[SUCCESS] Successfully obtained tenant_access_token, expires at Fri Jan  9 03:53:00 2026
[INFO] Fetched 100 records, total so far: 100
[INFO] Fetched 100 records, total so far: 200
[INFO] Fetched 100 records, total so far: 300
[INFO] Fetched 55 records, total so far: 355
[SUCCESS] Finished fetching all records. Total: 355
Using cached tenant_access_token
[INFO] Fetched 27 records, total so far: 27
[SUCCESS] Finished fetching all records. Total: 27
time="2026-01-08T19:00:01Z" level=warning msg="/opt/task_feishu/prod_192.168.101.13/docker/docker-compose.yml: the attribute `version` is obsolete, it will be ignored, please remove it to avoid potential confusion"
[SUCCESS] Successfully obtained tenant_access_token, expires at Fri Jan  9 03:53:00 2026
[INFO] Fetched 100 records, total so far: 100
[INFO] Fetched 100 records, total so far: 200
[INFO] Fetched 100 records, total so far: 300
[INFO] Fetched 55 records, total so far: 355
[SUCCESS] Finished fetching all records. Total: 355
Using cached tenant_access_token
[INFO] Fetched 27 records, total so far: 27
[SUCCESS] Finished fetching all records. Total: 27
time="2026-01-08T20:00:01Z" level=warning msg="/opt/task_feishu/prod_192.168.101.13/docker/docker-compose.yml: the attribute `version` is obsolete, it will be ignored, please remove it to avoid potential confusion"
[SUCCESS] Successfully obtained tenant_access_token, expires at Fri Jan  9 05:23:24 2026
[INFO] Fetched 100 records, total so far: 100
[INFO] Fetched 100 records, total so far: 200
[INFO] Fetched 100 records, total so far: 300
[INFO] Fetched 55 records, total so far: 355
[SUCCESS] Finished fetching all records. Total: 355
Using cached tenant_access_token
[INFO] Fetched 27 records, total so far: 27
[SUCCESS] Finished fetching all records. Total: 27
time="2026-01-08T21:00:01Z" level=warning msg="/opt/task_feishu/prod_192.168.101.13/docker/docker-compose.yml: the attribute `version` is obsolete, it will be ignored, please remove it to avoid potential confusion"
[SUCCESS] Successfully obtained tenant_access_token, expires at Fri Jan  9 06:53:49 2026
[INFO] Fetched 100 records, total so far: 100
[INFO] Fetched 100 records, total so far: 200
[INFO] Fetched 100 records, total so far: 300
[INFO] Fetched 55 records, total so far: 355
[SUCCESS] Finished fetching all records. Total: 355
Using cached tenant_access_token
[INFO] Fetched 27 records, total so far: 27
[SUCCESS] Finished fetching all records. Total: 27
time="2026-01-08T22:00:01Z" level=warning msg="/opt/task_feishu/prod_192.168.101.13/docker/docker-compose.yml: the attribute `version` is obsolete, it will be ignored, please remove it to avoid potential confusion"
[SUCCESS] Successfully obtained tenant_access_token, expires at Fri Jan  9 06:53:48 2026
[INFO] Fetched 100 records, total so far: 100
[INFO] Fetched 100 records, total so far: 200
[INFO] Fetched 100 records, total so far: 300
[INFO] Fetched 55 records, total so far: 355
[SUCCESS] Finished fetching all records. Total: 355
Using cached tenant_access_token
[INFO] Fetched 27 records, total so far: 27
[SUCCESS] Finished fetching all records. Total: 27
time="2026-01-08T23:00:01Z" level=warning msg="/opt/task_feishu/prod_192.168.101.13/docker/docker-compose.yml: the attribute `version` is obsolete, it will be ignored, please remove it to avoid potential confusion"
[SUCCESS] Successfully obtained tenant_access_token, expires at Fri Jan  9 08:24:11 2026
[INFO] Fetched 100 records, total so far: 100
[INFO] Fetched 100 records, total so far: 200
[INFO] Fetched 100 records, total so far: 300
[INFO] Fetched 55 records, total so far: 355
[SUCCESS] Finished fetching all records. Total: 355
Using cached tenant_access_token
[INFO] Fetched 27 records, total so far: 27
[SUCCESS] Finished fetching all records. Total: 27
time="2026-01-09T00:00:01Z" level=warning msg="/opt/task_feishu/prod_192.168.101.13/docker/docker-compose.yml: the attribute `version` is obsolete, it will be ignored, please remove it to avoid potential confusion"
[SUCCESS] Successfully obtained tenant_access_token, expires at Fri Jan  9 09:54:36 2026
[INFO] Fetched 100 records, total so far: 100
[INFO] Fetched 100 records, total so far: 200
[INFO] Fetched 100 records, total so far: 300
[INFO] Fetched 55 records, total so far: 355
[SUCCESS] Finished fetching all records. Total: 355
Using cached tenant_access_token
[INFO] Fetched 27 records, total so far: 27
[SUCCESS] Finished fetching all records. Total: 27
time="2026-01-09T01:00:02Z" level=warning msg="/opt/task_feishu/prod_192.168.101.13/docker/docker-compose.yml: the attribute `version` is obsolete, it will be ignored, please remove it to avoid potential confusion"
[SUCCESS] Successfully obtained tenant_access_token, expires at Fri Jan  9 09:54:36 2026
[INFO] Fetched 100 records, total so far: 100
[INFO] Fetched 100 records, total so far: 200
[INFO] Fetched 100 records, total so far: 300
[INFO] Fetched 55 records, total so far: 355
[SUCCESS] Finished fetching all records. Total: 355
Using cached tenant_access_token
[INFO] Fetched 27 records, total so far: 27
[SUCCESS] Finished fetching all records. Total: 27
time="2026-01-09T02:00:01Z" level=warning msg="/opt/task_feishu/prod_192.168.101.13/docker/docker-compose.yml: the attribute `version` is obsolete, it will be ignored, please remove it to avoid potential confusion"
[SUCCESS] Successfully obtained tenant_access_token, expires at Fri Jan  9 11:25:02 2026
[INFO] Fetched 100 records, total so far: 100
[INFO] Fetched 100 records, total so far: 200
[INFO] Fetched 100 records, total so far: 300
[INFO] Fetched 55 records, total so far: 355
[SUCCESS] Finished fetching all records. Total: 355
Using cached tenant_access_token
[INFO] Fetched 27 records, total so far: 27
[SUCCESS] Finished fetching all records. Total: 27
time="2026-01-09T03:00:01Z" level=warning msg="/opt/task_feishu/prod_192.168.101.13/docker/docker-compose.yml: the attribute `version` is obsolete, it will be ignored, please remove it to avoid potential confusion"
[SUCCESS] Successfully obtained tenant_access_token, expires at Fri Jan  9 12:55:33 2026
[INFO] Fetched 100 records, total so far: 100
[INFO] Fetched 100 records, total so far: 200
[INFO] Fetched 100 records, total so far: 300
[INFO] Fetched 55 records, total so far: 355
[SUCCESS] Finished fetching all records. Total: 355
Using cached tenant_access_token
[INFO] Fetched 27 records, total so far: 27
[SUCCESS] Finished fetching all records. Total: 27
time="2026-01-09T04:00:01Z" level=warning msg="/opt/task_feishu/prod_192.168.101.13/docker/docker-compose.yml: the attribute `version` is obsolete, it will be ignored, please remove it to avoid potential confusion"
[SUCCESS] Successfully obtained tenant_access_token, expires at Fri Jan  9 12:55:33 2026
[INFO] Fetched 100 records, total so far: 100
[INFO] Fetched 100 records, total so far: 200
[INFO] Fetched 100 records, total so far: 300
[INFO] Fetched 55 records, total so far: 355
[SUCCESS] Finished fetching all records. Total: 355
Using cached tenant_access_token
[INFO] Fetched 27 records, total so far: 27
[SUCCESS] Finished fetching all records. Total: 27
time="2026-01-09T05:00:01Z" level=warning msg="/opt/task_feishu/prod_192.168.101.13/docker/docker-compose.yml: the attribute `version` is obsolete, it will be ignored, please remove it to avoid potential confusion"
[SUCCESS] Successfully obtained tenant_access_token, expires at Fri Jan  9 14:26:03 2026
[INFO] Fetched 100 records, total so far: 100
[INFO] Fetched 100 records, total so far: 200
[INFO] Fetched 100 records, total so far: 300
[INFO] Fetched 55 records, total so far: 355
[SUCCESS] Finished fetching all records. Total: 355
Using cached tenant_access_token
[INFO] Fetched 27 records, total so far: 27
[SUCCESS] Finished fetching all records. Total: 27
time="2026-01-09T06:00:01Z" level=warning msg="/opt/task_feishu/prod_192.168.101.13/docker/docker-compose.yml: the attribute `version` is obsolete, it will be ignored, please remove it to avoid potential confusion"
[SUCCESS] Successfully obtained tenant_access_token, expires at Fri Jan  9 15:56:30 2026
[INFO] Fetched 100 records, total so far: 100
[INFO] Fetched 100 records, total so far: 200
[INFO] Fetched 100 records, total so far: 300
[INFO] Fetched 55 records, total so far: 355
[SUCCESS] Finished fetching all records. Total: 355
Using cached tenant_access_token
[INFO] Fetched 27 records, total so far: 27
[SUCCESS] Finished fetching all records. Total: 27
time="2026-01-09T07:00:01Z" level=warning msg="/opt/task_feishu/prod_192.168.101.13/docker/docker-compose.yml: the attribute `version` is obsolete, it will be ignored, please remove it to avoid potential confusion"
[SUCCESS] Successfully obtained tenant_access_token, expires at Fri Jan  9 15:56:30 2026
[INFO] Fetched 100 records, total so far: 100
[INFO] Fetched 100 records, total so far: 200
[INFO] Fetched 100 records, total so far: 300
[INFO] Fetched 55 records, total so far: 355
[SUCCESS] Finished fetching all records. Total: 355
Using cached tenant_access_token
[INFO] Fetched 27 records, total so far: 27
[SUCCESS] Finished fetching all records. Total: 27
time="2026-01-09T08:00:01Z" level=warning msg="/opt/task_feishu/prod_192.168.101.13/docker/docker-compose.yml: the attribute `version` is obsolete, it will be ignored, please remove it to avoid potential confusion"
[SUCCESS] Successfully obtained tenant_access_token, expires at Fri Jan  9 17:27:03 2026
[INFO] Fetched 100 records, total so far: 100
[INFO] Fetched 100 records, total so far: 200
[INFO] Fetched 100 records, total so far: 300
[INFO] Fetched 55 records, total so far: 355
[SUCCESS] Finished fetching all records. Total: 355
Using cached tenant_access_token
[INFO] Fetched 27 records, total so far: 27
[SUCCESS] Finished fetching all records. Total: 27
time="2026-01-09T09:00:01Z" level=warning msg="/opt/task_feishu/prod_192.168.101.13/docker/docker-compose.yml: the attribute `version` is obsolete, it will be ignored, please remove it to avoid potential confusion"
[SUCCESS] Successfully obtained tenant_access_token, expires at Fri Jan  9 18:57:34 2026
[INFO] Fetched 100 records, total so far: 100
[INFO] Fetched 100 records, total so far: 200
[INFO] Fetched 100 records, total so far: 300
[INFO] Fetched 55 records, total so far: 355
[SUCCESS] Finished fetching all records. Total: 355
Using cached tenant_access_token
[INFO] Fetched 27 records, total so far: 27
[SUCCESS] Finished fetching all records. Total: 27
time="2026-01-09T10:00:02Z" level=warning msg="/opt/task_feishu/prod_192.168.101.13/docker/docker-compose.yml: the attribute `version` is obsolete, it will be ignored, please remove it to avoid potential confusion"
[SUCCESS] Successfully obtained tenant_access_token, expires at Fri Jan  9 18:57:34 2026
[INFO] Fetched 100 records, total so far: 100
[INFO] Fetched 100 records, total so far: 200
[INFO] Fetched 100 records, total so far: 300
[INFO] Fetched 55 records, total so far: 355
[SUCCESS] Finished fetching all records. Total: 355
Using cached tenant_access_token
[INFO] Fetched 27 records, total so far: 27
[SUCCESS] Finished fetching all records. Total: 27
time="2026-01-09T11:00:02Z" level=warning msg="/opt/task_feishu/prod_192.168.101.13/docker/docker-compose.yml: the attribute `version` is obsolete, it will be ignored, please remove it to avoid potential confusion"
[SUCCESS] Successfully obtained tenant_access_token, expires at Fri Jan  9 20:28:06 2026
[INFO] Fetched 100 records, total so far: 100
[INFO] Fetched 100 records, total so far: 200
[INFO] Fetched 100 records, total so far: 300
[INFO] Fetched 55 records, total so far: 355
[SUCCESS] Finished fetching all records. Total: 355
Using cached tenant_access_token
[INFO] Fetched 27 records, total so far: 27
[SUCCESS] Finished fetching all records. Total: 27
time="2026-01-09T12:00:01Z" level=warning msg="/opt/task_feishu/prod_192.168.101.13/docker/docker-compose.yml: the attribute `version` is obsolete, it will be ignored, please remove it to avoid potential confusion"
[SUCCESS] Successfully obtained tenant_access_token, expires at Fri Jan  9 21:58:35 2026
[INFO] Fetched 100 records, total so far: 100
[INFO] Fetched 100 records, total so far: 200
[INFO] Fetched 100 records, total so far: 300
[INFO] Fetched 55 records, total so far: 355
[SUCCESS] Finished fetching all records. Total: 355
Using cached tenant_access_token
[INFO] Fetched 27 records, total so far: 27
[SUCCESS] Finished fetching all records. Total: 27
time="2026-01-09T13:00:01Z" level=warning msg="/opt/task_feishu/prod_192.168.101.13/docker/docker-compose.yml: the attribute `version` is obsolete, it will be ignored, please remove it to avoid potential confusion"
[SUCCESS] Successfully obtained tenant_access_token, expires at Fri Jan  9 21:58:35 2026
[INFO] Fetched 100 records, total so far: 100
[INFO] Fetched 100 records, total so far: 200
[INFO] Fetched 100 records, total so far: 300
[INFO] Fetched 55 records, total so far: 355
[SUCCESS] Finished fetching all records. Total: 355
Using cached tenant_access_token
[INFO] Fetched 27 records, total so far: 27
[SUCCESS] Finished fetching all records. Total: 27
time="2026-01-09T14:00:01Z" level=warning msg="/opt/task_feishu/prod_192.168.101.13/docker/docker-compose.yml: the attribute `version` is obsolete, it will be ignored, please remove it to avoid potential confusion"
[SUCCESS] Successfully obtained tenant_access_token, expires at Fri Jan  9 23:29:01 2026
[INFO] Fetched 100 records, total so far: 100
[INFO] Fetched 100 records, total so far: 200
[INFO] Fetched 100 records, total so far: 300
[INFO] Fetched 55 records, total so far: 355
[SUCCESS] Finished fetching all records. Total: 355
Using cached tenant_access_token
[INFO] Fetched 27 records, total so far: 27
[SUCCESS] Finished fetching all records. Total: 27
time="2026-01-09T15:00:01Z" level=warning msg="/opt/task_feishu/prod_192.168.101.13/docker/docker-compose.yml: the attribute `version` is obsolete, it will be ignored, please remove it to avoid potential confusion"
[SUCCESS] Successfully obtained tenant_access_token, expires at Sat Jan 10 00:59:26 2026
[INFO] Fetched 100 records, total so far: 100
[INFO] Fetched 100 records, total so far: 200
[INFO] Fetched 100 records, total so far: 300
[INFO] Fetched 55 records, total so far: 355
[SUCCESS] Finished fetching all records. Total: 355
Using cached tenant_access_token
[INFO] Fetched 27 records, total so far: 27
[SUCCESS] Finished fetching all records. Total: 27
time="2026-01-09T16:00:02Z" level=warning msg="/opt/task_feishu/prod_192.168.101.13/docker/docker-compose.yml: the attribute `version` is obsolete, it will be ignored, please remove it to avoid potential confusion"
[SUCCESS] Successfully obtained tenant_access_token, expires at Sat Jan 10 00:59:26 2026
[INFO] Fetched 100 records, total so far: 100
[INFO] Fetched 100 records, total so far: 200
[INFO] Fetched 100 records, total so far: 300
[INFO] Fetched 55 records, total so far: 355
[SUCCESS] Finished fetching all records. Total: 355
Using cached tenant_access_token
[INFO] Fetched 27 records, total so far: 27
[SUCCESS] Finished fetching all records. Total: 27
time="2026-01-09T17:00:02Z" level=warning msg="/opt/task_feishu/prod_192.168.101.13/docker/docker-compose.yml: the attribute `version` is obsolete, it will be ignored, please remove it to avoid potential confusion"
[SUCCESS] Successfully obtained tenant_access_token, expires at Sat Jan 10 02:29:51 2026
[INFO] Fetched 100 records, total so far: 100
[INFO] Fetched 100 records, total so far: 200
[INFO] Fetched 100 records, total so far: 300
[INFO] Fetched 55 records, total so far: 355
[SUCCESS] Finished fetching all records. Total: 355
Using cached tenant_access_token
[INFO] Fetched 27 records, total so far: 27
[SUCCESS] Finished fetching all records. Total: 27
time="2026-01-09T18:00:01Z" level=warning msg="/opt/task_feishu/prod_192.168.101.13/docker/docker-compose.yml: the attribute `version` is obsolete, it will be ignored, please remove it to avoid potential confusion"
[SUCCESS] Successfully obtained tenant_access_token, expires at Sat Jan 10 04:00:01 2026
[INFO] Fetched 100 records, total so far: 100
[INFO] Fetched 100 records, total so far: 200
[INFO] Fetched 100 records, total so far: 300
[INFO] Fetched 55 records, total so far: 355
[SUCCESS] Finished fetching all records. Total: 355
Using cached tenant_access_token
[INFO] Fetched 27 records, total so far: 27
[SUCCESS] Finished fetching all records. Total: 27
time="2026-01-09T19:00:01Z" level=warning msg="/opt/task_feishu/prod_192.168.101.13/docker/docker-compose.yml: the attribute `version` is obsolete, it will be ignored, please remove it to avoid potential confusion"
[SUCCESS] Successfully obtained tenant_access_token, expires at Sat Jan 10 04:00:01 2026
[INFO] Fetched 100 records, total so far: 100
[INFO] Fetched 100 records, total so far: 200
[INFO] Fetched 100 records, total so far: 300
[INFO] Fetched 55 records, total so far: 355
[SUCCESS] Finished fetching all records. Total: 355
Using cached tenant_access_token
[INFO] Fetched 27 records, total so far: 27
[SUCCESS] Finished fetching all records. Total: 27
time="2026-01-09T20:00:01Z" level=warning msg="/opt/task_feishu/prod_192.168.101.13/docker/docker-compose.yml: the attribute `version` is obsolete, it will be ignored, please remove it to avoid potential confusion"
[SUCCESS] Successfully obtained tenant_access_token, expires at Sat Jan 10 05:30:40 2026
[INFO] Fetched 100 records, total so far: 100
[INFO] Fetched 100 records, total so far: 200
[INFO] Fetched 100 records, total so far: 300
[INFO] Fetched 55 records, total so far: 355
[SUCCESS] Finished fetching all records. Total: 355
Using cached tenant_access_token
[INFO] Fetched 27 records, total so far: 27
[SUCCESS] Finished fetching all records. Total: 27
time="2026-01-09T21:00:01Z" level=warning msg="/opt/task_feishu/prod_192.168.101.13/docker/docker-compose.yml: the attribute `version` is obsolete, it will be ignored, please remove it to avoid potential confusion"
[SUCCESS] Successfully obtained tenant_access_token, expires at Sat Jan 10 05:30:40 2026
[INFO] Fetched 100 records, total so far: 100
[INFO] Fetched 100 records, total so far: 200
[INFO] Fetched 100 records, total so far: 300
[INFO] Fetched 55 records, total so far: 355
[SUCCESS] Finished fetching all records. Total: 355
Using cached tenant_access_token
[INFO] Fetched 27 records, total so far: 27
[SUCCESS] Finished fetching all records. Total: 27
time="2026-01-09T22:00:01Z" level=warning msg="/opt/task_feishu/prod_192.168.101.13/docker/docker-compose.yml: the attribute `version` is obsolete, it will be ignored, please remove it to avoid potential confusion"
[SUCCESS] Successfully obtained tenant_access_token, expires at Sat Jan 10 07:01:03 2026
[INFO] Fetched 100 records, total so far: 100
[INFO] Fetched 100 records, total so far: 200
[INFO] Fetched 100 records, total so far: 300
[INFO] Fetched 55 records, total so far: 355
[SUCCESS] Finished fetching all records. Total: 355
Using cached tenant_access_token
[INFO] Fetched 27 records, total so far: 27
[SUCCESS] Finished fetching all records. Total: 27
time="2026-01-09T23:00:02Z" level=warning msg="/opt/task_feishu/prod_192.168.101.13/docker/docker-compose.yml: the attribute `version` is obsolete, it will be ignored, please remove it to avoid potential confusion"
[SUCCESS] Successfully obtained tenant_access_token, expires at Sat Jan 10 08:31:27 2026
[INFO] Fetched 100 records, total so far: 100
[INFO] Fetched 100 records, total so far: 200
[INFO] Fetched 100 records, total so far: 300
[INFO] Fetched 55 records, total so far: 355
[SUCCESS] Finished fetching all records. Total: 355
Using cached tenant_access_token
[INFO] Fetched 27 records, total so far: 27
[SUCCESS] Finished fetching all records. Total: 27
time="2026-01-10T00:00:01Z" level=warning msg="/opt/task_feishu/prod_192.168.101.13/docker/docker-compose.yml: the attribute `version` is obsolete, it will be ignored, please remove it to avoid potential confusion"
[SUCCESS] Successfully obtained tenant_access_token, expires at Sat Jan 10 08:31:27 2026
[INFO] Fetched 100 records, total so far: 100
[INFO] Fetched 100 records, total so far: 200
[INFO] Fetched 100 records, total so far: 300
[INFO] Fetched 55 records, total so far: 355
[SUCCESS] Finished fetching all records. Total: 355
Using cached tenant_access_token
[INFO] Fetched 27 records, total so far: 27
[SUCCESS] Finished fetching all records. Total: 27
time="2026-01-10T01:00:01Z" level=warning msg="/opt/task_feishu/prod_192.168.101.13/docker/docker-compose.yml: the attribute `version` is obsolete, it will be ignored, please remove it to avoid potential confusion"
[SUCCESS] Successfully obtained tenant_access_token, expires at Sat Jan 10 10:01:51 2026
[INFO] Fetched 100 records, total so far: 100
[INFO] Fetched 100 records, total so far: 200
[INFO] Fetched 100 records, total so far: 300
[INFO] Fetched 55 records, total so far: 355
[SUCCESS] Finished fetching all records. Total: 355
Using cached tenant_access_token
[INFO] Fetched 27 records, total so far: 27
[SUCCESS] Finished fetching all records. Total: 27
time="2026-01-10T02:00:01Z" level=warning msg="/opt/task_feishu/prod_192.168.101.13/docker/docker-compose.yml: the attribute `version` is obsolete, it will be ignored, please remove it to avoid potential confusion"
[SUCCESS] Successfully obtained tenant_access_token, expires at Sat Jan 10 11:32:17 2026
[INFO] Fetched 100 records, total so far: 100
[INFO] Fetched 100 records, total so far: 200
[INFO] Fetched 100 records, total so far: 300
[INFO] Fetched 55 records, total so far: 355
[SUCCESS] Finished fetching all records. Total: 355
Using cached tenant_access_token
[INFO] Fetched 27 records, total so far: 27
[SUCCESS] Finished fetching all records. Total: 27
time="2026-01-10T03:00:01Z" level=warning msg="/opt/task_feishu/prod_192.168.101.13/docker/docker-compose.yml: the attribute `version` is obsolete, it will be ignored, please remove it to avoid potential confusion"
[SUCCESS] Successfully obtained tenant_access_token, expires at Sat Jan 10 11:32:17 2026
[INFO] Fetched 100 records, total so far: 100
[INFO] Fetched 100 records, total so far: 200
[INFO] Fetched 100 records, total so far: 300
[INFO] Fetched 55 records, total so far: 355
[SUCCESS] Finished fetching all records. Total: 355
Using cached tenant_access_token
[INFO] Fetched 27 records, total so far: 27
[SUCCESS] Finished fetching all records. Total: 27
time="2026-01-10T04:00:01Z" level=warning msg="/opt/task_feishu/prod_192.168.101.13/docker/docker-compose.yml: the attribute `version` is obsolete, it will be ignored, please remove it to avoid potential confusion"
[SUCCESS] Successfully obtained tenant_access_token, expires at Sat Jan 10 13:02:44 2026
[INFO] Fetched 100 records, total so far: 100
[INFO] Fetched 100 records, total so far: 200
[INFO] Fetched 100 records, total so far: 300
[INFO] Fetched 55 records, total so far: 355
[SUCCESS] Finished fetching all records. Total: 355
Using cached tenant_access_token
[INFO] Fetched 27 records, total so far: 27
[SUCCESS] Finished fetching all records. Total: 27
time="2026-01-10T05:00:01Z" level=warning msg="/opt/task_feishu/prod_192.168.101.13/docker/docker-compose.yml: the attribute `version` is obsolete, it will be ignored, please remove it to avoid potential confusion"
[SUCCESS] Successfully obtained tenant_access_token, expires at Sat Jan 10 14:33:10 2026
[INFO] Fetched 100 records, total so far: 100
[INFO] Fetched 100 records, total so far: 200
[INFO] Fetched 100 records, total so far: 300
[INFO] Fetched 55 records, total so far: 355
[SUCCESS] Finished fetching all records. Total: 355
Using cached tenant_access_token
[INFO] Fetched 27 records, total so far: 27
[SUCCESS] Finished fetching all records. Total: 27
time="2026-01-10T06:00:02Z" level=warning msg="/opt/task_feishu/prod_192.168.101.13/docker/docker-compose.yml: the attribute `version` is obsolete, it will be ignored, please remove it to avoid potential confusion"
[SUCCESS] Successfully obtained tenant_access_token, expires at Sat Jan 10 14:33:10 2026
[INFO] Fetched 100 records, total so far: 100
[INFO] Fetched 100 records, total so far: 200
[INFO] Fetched 100 records, total so far: 300
[INFO] Fetched 55 records, total so far: 355
[SUCCESS] Finished fetching all records. Total: 355
Using cached tenant_access_token
[INFO] Fetched 27 records, total so far: 27
[SUCCESS] Finished fetching all records. Total: 27
time="2026-01-10T07:00:01Z" level=warning msg="/opt/task_feishu/prod_192.168.101.13/docker/docker-compose.yml: the attribute `version` is obsolete, it will be ignored, please remove it to avoid potential confusion"
[SUCCESS] Successfully obtained tenant_access_token, expires at Sat Jan 10 16:03:36 2026
[INFO] Fetched 100 records, total so far: 100
[INFO] Fetched 100 records, total so far: 200
[INFO] Fetched 100 records, total so far: 300
[INFO] Fetched 55 records, total so far: 355
[SUCCESS] Finished fetching all records. Total: 355
Using cached tenant_access_token
[INFO] Fetched 27 records, total so far: 27
[SUCCESS] Finished fetching all records. Total: 27
time="2026-01-10T08:00:01Z" level=warning msg="/opt/task_feishu/prod_192.168.101.13/docker/docker-compose.yml: the attribute `version` is obsolete, it will be ignored, please remove it to avoid potential confusion"
[SUCCESS] Successfully obtained tenant_access_token, expires at Sat Jan 10 17:34:02 2026
[INFO] Fetched 100 records, total so far: 100
[INFO] Fetched 100 records, total so far: 200
[INFO] Fetched 100 records, total so far: 300
[INFO] Fetched 55 records, total so far: 355
[SUCCESS] Finished fetching all records. Total: 355
Using cached tenant_access_token
[INFO] Fetched 27 records, total so far: 27
[SUCCESS] Finished fetching all records. Total: 27
time="2026-01-10T09:00:02Z" level=warning msg="/opt/task_feishu/prod_192.168.101.13/docker/docker-compose.yml: the attribute `version` is obsolete, it will be ignored, please remove it to avoid potential confusion"
[SUCCESS] Successfully obtained tenant_access_token, expires at Sat Jan 10 17:34:02 2026
[INFO] Fetched 100 records, total so far: 100
[INFO] Fetched 100 records, total so far: 200
[INFO] Fetched 100 records, total so far: 300
[INFO] Fetched 55 records, total so far: 355
[SUCCESS] Finished fetching all records. Total: 355
Using cached tenant_access_token
[INFO] Fetched 27 records, total so far: 27
[SUCCESS] Finished fetching all records. Total: 27
time="2026-01-10T10:00:01Z" level=warning msg="/opt/task_feishu/prod_192.168.101.13/docker/docker-compose.yml: the attribute `version` is obsolete, it will be ignored, please remove it to avoid potential confusion"
[SUCCESS] Successfully obtained tenant_access_token, expires at Sat Jan 10 19:04:28 2026
[INFO] Fetched 100 records, total so far: 100
[INFO] Fetched 100 records, total so far: 200
[INFO] Fetched 100 records, total so far: 300
[INFO] Fetched 55 records, total so far: 355
[SUCCESS] Finished fetching all records. Total: 355
Using cached tenant_access_token
[INFO] Fetched 27 records, total so far: 27
[SUCCESS] Finished fetching all records. Total: 27
time="2026-01-10T11:00:01Z" level=warning msg="/opt/task_feishu/prod_192.168.101.13/docker/docker-compose.yml: the attribute `version` is obsolete, it will be ignored, please remove it to avoid potential confusion"
[SUCCESS] Successfully obtained tenant_access_token, expires at Sat Jan 10 20:34:56 2026
[INFO] Fetched 100 records, total so far: 100
[INFO] Fetched 100 records, total so far: 200
[INFO] Fetched 100 records, total so far: 300
[INFO] Fetched 55 records, total so far: 355
[SUCCESS] Finished fetching all records. Total: 355
Using cached tenant_access_token
[INFO] Fetched 27 records, total so far: 27
[SUCCESS] Finished fetching all records. Total: 27
time="2026-01-10T12:00:01Z" level=warning msg="/opt/task_feishu/prod_192.168.101.13/docker/docker-compose.yml: the attribute `version` is obsolete, it will be ignored, please remove it to avoid potential confusion"
[SUCCESS] Successfully obtained tenant_access_token, expires at Sat Jan 10 20:34:56 2026
[INFO] Fetched 100 records, total so far: 100
[INFO] Fetched 100 records, total so far: 200
[INFO] Fetched 100 records, total so far: 300
[INFO] Fetched 55 records, total so far: 355
[SUCCESS] Finished fetching all records. Total: 355
Using cached tenant_access_token
[INFO] Fetched 27 records, total so far: 27
[SUCCESS] Finished fetching all records. Total: 27
time="2026-01-10T13:00:01Z" level=warning msg="/opt/task_feishu/prod_192.168.101.13/docker/docker-compose.yml: the attribute `version` is obsolete, it will be ignored, please remove it to avoid potential confusion"
[SUCCESS] Successfully obtained tenant_access_token, expires at Sat Jan 10 22:05:22 2026
[INFO] Fetched 100 records, total so far: 100
[INFO] Fetched 100 records, total so far: 200
[INFO] Fetched 100 records, total so far: 300
[INFO] Fetched 55 records, total so far: 355
[SUCCESS] Finished fetching all records. Total: 355
Using cached tenant_access_token
[INFO] Fetched 27 records, total so far: 27
[SUCCESS] Finished fetching all records. Total: 27
time="2026-01-10T14:00:01Z" level=warning msg="/opt/task_feishu/prod_192.168.101.13/docker/docker-compose.yml: the attribute `version` is obsolete, it will be ignored, please remove it to avoid potential confusion"
[SUCCESS] Successfully obtained tenant_access_token, expires at Sat Jan 10 23:35:48 2026
[INFO] Fetched 100 records, total so far: 100
[INFO] Fetched 100 records, total so far: 200
[INFO] Fetched 100 records, total so far: 300
[INFO] Fetched 55 records, total so far: 355
[SUCCESS] Finished fetching all records. Total: 355
Using cached tenant_access_token
[INFO] Fetched 27 records, total so far: 27
[SUCCESS] Finished fetching all records. Total: 27
time="2026-01-10T15:00:02Z" level=warning msg="/opt/task_feishu/prod_192.168.101.13/docker/docker-compose.yml: the attribute `version` is obsolete, it will be ignored, please remove it to avoid potential confusion"
[SUCCESS] Successfully obtained tenant_access_token, expires at Sat Jan 10 23:35:48 2026
[INFO] Fetched 100 records, total so far: 100
[INFO] Fetched 100 records, total so far: 200
[INFO] Fetched 100 records, total so far: 300
[INFO] Fetched 55 records, total so far: 355
[SUCCESS] Finished fetching all records. Total: 355
Using cached tenant_access_token
[INFO] Fetched 27 records, total so far: 27
[SUCCESS] Finished fetching all records. Total: 27
time="2026-01-10T16:00:01Z" level=warning msg="/opt/task_feishu/prod_192.168.101.13/docker/docker-compose.yml: the attribute `version` is obsolete, it will be ignored, please remove it to avoid potential confusion"
[SUCCESS] Successfully obtained tenant_access_token, expires at Sun Jan 11 01:06:13 2026
[INFO] Fetched 100 records, total so far: 100
[INFO] Fetched 100 records, total so far: 200
[INFO] Fetched 100 records, total so far: 300
[INFO] Fetched 55 records, total so far: 355
[SUCCESS] Finished fetching all records. Total: 355
Using cached tenant_access_token
[INFO] Fetched 27 records, total so far: 27
[SUCCESS] Finished fetching all records. Total: 27
time="2026-01-10T17:00:01Z" level=warning msg="/opt/task_feishu/prod_192.168.101.13/docker/docker-compose.yml: the attribute `version` is obsolete, it will be ignored, please remove it to avoid potential confusion"
[SUCCESS] Successfully obtained tenant_access_token, expires at Sun Jan 11 02:36:38 2026
[INFO] Fetched 100 records, total so far: 100
[INFO] Fetched 100 records, total so far: 200
[INFO] Fetched 100 records, total so far: 300
[INFO] Fetched 55 records, total so far: 355
[SUCCESS] Finished fetching all records. Total: 355
Using cached tenant_access_token
[INFO] Fetched 27 records, total so far: 27
[SUCCESS] Finished fetching all records. Total: 27
time="2026-01-10T18:00:01Z" level=warning msg="/opt/task_feishu/prod_192.168.101.13/docker/docker-compose.yml: the attribute `version` is obsolete, it will be ignored, please remove it to avoid potential confusion"
[SUCCESS] Successfully obtained tenant_access_token, expires at Sun Jan 11 02:36:38 2026
[INFO] Fetched 100 records, total so far: 100
[INFO] Fetched 100 records, total so far: 200
[INFO] Fetched 100 records, total so far: 300
[INFO] Fetched 55 records, total so far: 355
[SUCCESS] Finished fetching all records. Total: 355
Using cached tenant_access_token
[INFO] Fetched 27 records, total so far: 27
[SUCCESS] Finished fetching all records. Total: 27
time="2026-01-10T19:00:01Z" level=warning msg="/opt/task_feishu/prod_192.168.101.13/docker/docker-compose.yml: the attribute `version` is obsolete, it will be ignored, please remove it to avoid potential confusion"
[SUCCESS] Successfully obtained tenant_access_token, expires at Sun Jan 11 04:07:03 2026
[INFO] Fetched 100 records, total so far: 100
[INFO] Fetched 100 records, total so far: 200
[INFO] Fetched 100 records, total so far: 300
[INFO] Fetched 55 records, total so far: 355
[SUCCESS] Finished fetching all records. Total: 355
Using cached tenant_access_token
[INFO] Fetched 27 records, total so far: 27
[SUCCESS] Finished fetching all records. Total: 27
time="2026-01-10T20:00:01Z" level=warning msg="/opt/task_feishu/prod_192.168.101.13/docker/docker-compose.yml: the attribute `version` is obsolete, it will be ignored, please remove it to avoid potential confusion"
[SUCCESS] Successfully obtained tenant_access_token, expires at Sun Jan 11 05:37:28 2026
[INFO] Fetched 100 records, total so far: 100
[INFO] Fetched 100 records, total so far: 200
[INFO] Fetched 100 records, total so far: 300
[INFO] Fetched 55 records, total so far: 355
[SUCCESS] Finished fetching all records. Total: 355
Using cached tenant_access_token
[INFO] Fetched 27 records, total so far: 27
[SUCCESS] Finished fetching all records. Total: 27
time="2026-01-10T21:00:01Z" level=warning msg="/opt/task_feishu/prod_192.168.101.13/docker/docker-compose.yml: the attribute `version` is obsolete, it will be ignored, please remove it to avoid potential confusion"
[SUCCESS] Successfully obtained tenant_access_token, expires at Sun Jan 11 05:37:28 2026
[INFO] Fetched 100 records, total so far: 100
[INFO] Fetched 100 records, total so far: 200
[INFO] Fetched 100 records, total so far: 300
[INFO] Fetched 55 records, total so far: 355
[SUCCESS] Finished fetching all records. Total: 355
Using cached tenant_access_token
[INFO] Fetched 27 records, total so far: 27
[SUCCESS] Finished fetching all records. Total: 27
time="2026-01-10T22:00:01Z" level=warning msg="/opt/task_feishu/prod_192.168.101.13/docker/docker-compose.yml: the attribute `version` is obsolete, it will be ignored, please remove it to avoid potential confusion"
[SUCCESS] Successfully obtained tenant_access_token, expires at Sun Jan 11 07:07:51 2026
[INFO] Fetched 100 records, total so far: 100
[INFO] Fetched 100 records, total so far: 200
[INFO] Fetched 100 records, total so far: 300
[INFO] Fetched 55 records, total so far: 355
[SUCCESS] Finished fetching all records. Total: 355
Using cached tenant_access_token
[INFO] Fetched 27 records, total so far: 27
[SUCCESS] Finished fetching all records. Total: 27
time="2026-01-10T23:00:01Z" level=warning msg="/opt/task_feishu/prod_192.168.101.13/docker/docker-compose.yml: the attribute `version` is obsolete, it will be ignored, please remove it to avoid potential confusion"
[SUCCESS] Successfully obtained tenant_access_token, expires at Sun Jan 11 08:38:15 2026
[INFO] Fetched 100 records, total so far: 100
[INFO] Fetched 100 records, total so far: 200
[INFO] Fetched 100 records, total so far: 300
[INFO] Fetched 55 records, total so far: 355
[SUCCESS] Finished fetching all records. Total: 355
Using cached tenant_access_token
[INFO] Fetched 27 records, total so far: 27
[SUCCESS] Finished fetching all records. Total: 27
time="2026-01-11T00:00:01Z" level=warning msg="/opt/task_feishu/prod_192.168.101.13/docker/docker-compose.yml: the attribute `version` is obsolete, it will be ignored, please remove it to avoid potential confusion"
[SUCCESS] Successfully obtained tenant_access_token, expires at Sun Jan 11 08:38:15 2026
[INFO] Fetched 100 records, total so far: 100
[INFO] Fetched 100 records, total so far: 200
[INFO] Fetched 100 records, total so far: 300
[INFO] Fetched 55 records, total so far: 355
[SUCCESS] Finished fetching all records. Total: 355
Using cached tenant_access_token
[INFO] Fetched 27 records, total so far: 27
[SUCCESS] Finished fetching all records. Total: 27
time="2026-01-11T01:00:02Z" level=warning msg="/opt/task_feishu/prod_192.168.101.13/docker/docker-compose.yml: the attribute `version` is obsolete, it will be ignored, please remove it to avoid potential confusion"
[SUCCESS] Successfully obtained tenant_access_token, expires at Sun Jan 11 10:08:39 2026
[INFO] Fetched 100 records, total so far: 100
[INFO] Fetched 100 records, total so far: 200
[INFO] Fetched 100 records, total so far: 300
[INFO] Fetched 55 records, total so far: 355
[SUCCESS] Finished fetching all records. Total: 355
Using cached tenant_access_token
[INFO] Fetched 27 records, total so far: 27
[SUCCESS] Finished fetching all records. Total: 27
time="2026-01-11T02:00:01Z" level=warning msg="/opt/task_feishu/prod_192.168.101.13/docker/docker-compose.yml: the attribute `version` is obsolete, it will be ignored, please remove it to avoid potential confusion"
[SUCCESS] Successfully obtained tenant_access_token, expires at Sun Jan 11 11:39:04 2026
[INFO] Fetched 100 records, total so far: 100
[INFO] Fetched 100 records, total so far: 200
[INFO] Fetched 100 records, total so far: 300
[INFO] Fetched 55 records, total so far: 355
[SUCCESS] Finished fetching all records. Total: 355
Using cached tenant_access_token
[INFO] Fetched 27 records, total so far: 27
[SUCCESS] Finished fetching all records. Total: 27
time="2026-01-11T03:00:01Z" level=warning msg="/opt/task_feishu/prod_192.168.101.13/docker/docker-compose.yml: the attribute `version` is obsolete, it will be ignored, please remove it to avoid potential confusion"
[SUCCESS] Successfully obtained tenant_access_token, expires at Sun Jan 11 11:39:04 2026
[INFO] Fetched 100 records, total so far: 100
[INFO] Fetched 100 records, total so far: 200
[INFO] Fetched 100 records, total so far: 300
[INFO] Fetched 55 records, total so far: 355
[SUCCESS] Finished fetching all records. Total: 355
Using cached tenant_access_token
[INFO] Fetched 27 records, total so far: 27
[SUCCESS] Finished fetching all records. Total: 27
time="2026-01-11T04:00:01Z" level=warning msg="/opt/task_feishu/prod_192.168.101.13/docker/docker-compose.yml: the attribute `version` is obsolete, it will be ignored, please remove it to avoid potential confusion"
[SUCCESS] Successfully obtained tenant_access_token, expires at Sun Jan 11 13:09:31 2026
[INFO] Fetched 100 records, total so far: 100
[INFO] Fetched 100 records, total so far: 200
[INFO] Fetched 100 records, total so far: 300
[INFO] Fetched 55 records, total so far: 355
[SUCCESS] Finished fetching all records. Total: 355
Using cached tenant_access_token
[INFO] Fetched 27 records, total so far: 27
[SUCCESS] Finished fetching all records. Total: 27
time="2026-01-11T05:00:02Z" level=warning msg="/opt/task_feishu/prod_192.168.101.13/docker/docker-compose.yml: the attribute `version` is obsolete, it will be ignored, please remove it to avoid potential confusion"
[SUCCESS] Successfully obtained tenant_access_token, expires at Sun Jan 11 14:40:14 2026
[INFO] Fetched 100 records, total so far: 100
[INFO] Fetched 100 records, total so far: 200
[INFO] Fetched 100 records, total so far: 300
[INFO] Fetched 55 records, total so far: 355
[SUCCESS] Finished fetching all records. Total: 355
Using cached tenant_access_token
[INFO] Fetched 27 records, total so far: 27
[SUCCESS] Finished fetching all records. Total: 27
time="2026-01-11T06:00:02Z" level=warning msg="/opt/task_feishu/prod_192.168.101.13/docker/docker-compose.yml: the attribute `version` is obsolete, it will be ignored, please remove it to avoid potential confusion"
[SUCCESS] Successfully obtained tenant_access_token, expires at Sun Jan 11 14:40:14 2026
[INFO] Fetched 100 records, total so far: 100
[INFO] Fetched 100 records, total so far: 200
[INFO] Fetched 100 records, total so far: 300
[INFO] Fetched 55 records, total so far: 355
[SUCCESS] Finished fetching all records. Total: 355
Using cached tenant_access_token
[INFO] Fetched 27 records, total so far: 27
[SUCCESS] Finished fetching all records. Total: 27
time="2026-01-11T07:00:02Z" level=warning msg="/opt/task_feishu/prod_192.168.101.13/docker/docker-compose.yml: the attribute `version` is obsolete, it will be ignored, please remove it to avoid potential confusion"
[SUCCESS] Successfully obtained tenant_access_token, expires at Sun Jan 11 16:10:55 2026
[INFO] Fetched 100 records, total so far: 100
[INFO] Fetched 100 records, total so far: 200
[INFO] Fetched 100 records, total so far: 300
[INFO] Fetched 55 records, total so far: 355
[SUCCESS] Finished fetching all records. Total: 355
Using cached tenant_access_token
[INFO] Fetched 27 records, total so far: 27
[SUCCESS] Finished fetching all records. Total: 27
time="2026-01-11T08:00:01Z" level=warning msg="/opt/task_feishu/prod_192.168.101.13/docker/docker-compose.yml: the attribute `version` is obsolete, it will be ignored, please remove it to avoid potential confusion"
[SUCCESS] Successfully obtained tenant_access_token, expires at Sun Jan 11 17:41:22 2026
[INFO] Fetched 100 records, total so far: 100
[INFO] Fetched 100 records, total so far: 200
[INFO] Fetched 100 records, total so far: 300
[INFO] Fetched 55 records, total so far: 355
[SUCCESS] Finished fetching all records. Total: 355
Using cached tenant_access_token
[INFO] Fetched 27 records, total so far: 27
[SUCCESS] Finished fetching all records. Total: 27
time="2026-01-11T09:00:01Z" level=warning msg="/opt/task_feishu/prod_192.168.101.13/docker/docker-compose.yml: the attribute `version` is obsolete, it will be ignored, please remove it to avoid potential confusion"
[SUCCESS] Successfully obtained tenant_access_token, expires at Sun Jan 11 17:41:22 2026
[INFO] Fetched 100 records, total so far: 100
[INFO] Fetched 100 records, total so far: 200
[INFO] Fetched 100 records, total so far: 300
[INFO] Fetched 55 records, total so far: 355
[SUCCESS] Finished fetching all records. Total: 355
Using cached tenant_access_token
[INFO] Fetched 27 records, total so far: 27
[SUCCESS] Finished fetching all records. Total: 27
time="2026-01-11T10:00:01Z" level=warning msg="/opt/task_feishu/prod_192.168.101.13/docker/docker-compose.yml: the attribute `version` is obsolete, it will be ignored, please remove it to avoid potential confusion"
[SUCCESS] Successfully obtained tenant_access_token, expires at Sun Jan 11 19:11:48 2026
[INFO] Fetched 100 records, total so far: 100
[INFO] Fetched 100 records, total so far: 200
[INFO] Fetched 100 records, total so far: 300
[INFO] Fetched 55 records, total so far: 355
[SUCCESS] Finished fetching all records. Total: 355
Using cached tenant_access_token
[INFO] Fetched 27 records, total so far: 27
[SUCCESS] Finished fetching all records. Total: 27
time="2026-01-11T11:00:01Z" level=warning msg="/opt/task_feishu/prod_192.168.101.13/docker/docker-compose.yml: the attribute `version` is obsolete, it will be ignored, please remove it to avoid potential confusion"
[SUCCESS] Successfully obtained tenant_access_token, expires at Sun Jan 11 20:42:15 2026
[INFO] Fetched 100 records, total so far: 100
[INFO] Fetched 100 records, total so far: 200
[INFO] Fetched 100 records, total so far: 300
[INFO] Fetched 55 records, total so far: 355
[SUCCESS] Finished fetching all records. Total: 355
Using cached tenant_access_token
[INFO] Fetched 27 records, total so far: 27
[SUCCESS] Finished fetching all records. Total: 27
time="2026-01-11T12:00:01Z" level=warning msg="/opt/task_feishu/prod_192.168.101.13/docker/docker-compose.yml: the attribute `version` is obsolete, it will be ignored, please remove it to avoid potential confusion"
[SUCCESS] Successfully obtained tenant_access_token, expires at Sun Jan 11 20:42:15 2026
[INFO] Fetched 100 records, total so far: 100
[INFO] Fetched 100 records, total so far: 200
[INFO] Fetched 100 records, total so far: 300
[INFO] Fetched 55 records, total so far: 355
[SUCCESS] Finished fetching all records. Total: 355
Using cached tenant_access_token
[INFO] Fetched 27 records, total so far: 27
[SUCCESS] Finished fetching all records. Total: 27
time="2026-01-11T13:00:01Z" level=warning msg="/opt/task_feishu/prod_192.168.101.13/docker/docker-compose.yml: the attribute `version` is obsolete, it will be ignored, please remove it to avoid potential confusion"
[SUCCESS] Successfully obtained tenant_access_token, expires at Sun Jan 11 22:12:41 2026
[INFO] Fetched 100 records, total so far: 100
[INFO] Fetched 100 records, total so far: 200
[INFO] Fetched 100 records, total so far: 300
[INFO] Fetched 55 records, total so far: 355
[SUCCESS] Finished fetching all records. Total: 355
Using cached tenant_access_token
[INFO] Fetched 28 records, total so far: 28
[SUCCESS] Finished fetching all records. Total: 28
time="2026-01-11T14:00:01Z" level=warning msg="/opt/task_feishu/prod_192.168.101.13/docker/docker-compose.yml: the attribute `version` is obsolete, it will be ignored, please remove it to avoid potential confusion"
[SUCCESS] Successfully obtained tenant_access_token, expires at Sun Jan 11 23:43:08 2026
[INFO] Fetched 100 records, total so far: 100
[INFO] Fetched 100 records, total so far: 200
[INFO] Fetched 100 records, total so far: 300
[INFO] Fetched 55 records, total so far: 355
[SUCCESS] Finished fetching all records. Total: 355
Using cached tenant_access_token
[INFO] Fetched 28 records, total so far: 28
[SUCCESS] Finished fetching all records. Total: 28
time="2026-01-11T15:00:01Z" level=warning msg="/opt/task_feishu/prod_192.168.101.13/docker/docker-compose.yml: the attribute `version` is obsolete, it will be ignored, please remove it to avoid potential confusion"
[SUCCESS] Successfully obtained tenant_access_token, expires at Sun Jan 11 23:43:08 2026
[INFO] Fetched 100 records, total so far: 100
[INFO] Fetched 100 records, total so far: 200
[INFO] Fetched 100 records, total so far: 300
[INFO] Fetched 55 records, total so far: 355
[SUCCESS] Finished fetching all records. Total: 355
Using cached tenant_access_token
[INFO] Fetched 28 records, total so far: 28
[SUCCESS] Finished fetching all records. Total: 28
time="2026-01-11T16:00:01Z" level=warning msg="/opt/task_feishu/prod_192.168.101.13/docker/docker-compose.yml: the attribute `version` is obsolete, it will be ignored, please remove it to avoid potential confusion"
[SUCCESS] Successfully obtained tenant_access_token, expires at Mon Jan 12 01:13:33 2026
[INFO] Fetched 100 records, total so far: 100
[INFO] Fetched 100 records, total so far: 200
[INFO] Fetched 100 records, total so far: 300
[INFO] Fetched 55 records, total so far: 355
[SUCCESS] Finished fetching all records. Total: 355
Using cached tenant_access_token
[INFO] Fetched 28 records, total so far: 28
[SUCCESS] Finished fetching all records. Total: 28
time="2026-01-11T17:00:01Z" level=warning msg="/opt/task_feishu/prod_192.168.101.13/docker/docker-compose.yml: the attribute `version` is obsolete, it will be ignored, please remove it to avoid potential confusion"
[SUCCESS] Successfully obtained tenant_access_token, expires at Mon Jan 12 02:43:57 2026
[INFO] Fetched 100 records, total so far: 100
[INFO] Fetched 100 records, total so far: 200
[INFO] Fetched 100 records, total so far: 300
[INFO] Fetched 55 records, total so far: 355
[SUCCESS] Finished fetching all records. Total: 355
Using cached tenant_access_token
[INFO] Fetched 28 records, total so far: 28
[SUCCESS] Finished fetching all records. Total: 28
time="2026-01-11T18:00:01Z" level=warning msg="/opt/task_feishu/prod_192.168.101.13/docker/docker-compose.yml: the attribute `version` is obsolete, it will be ignored, please remove it to avoid potential confusion"
[SUCCESS] Successfully obtained tenant_access_token, expires at Mon Jan 12 02:43:57 2026
[INFO] Fetched 100 records, total so far: 100
[INFO] Fetched 100 records, total so far: 200
[INFO] Fetched 100 records, total so far: 300
[INFO] Fetched 55 records, total so far: 355
[SUCCESS] Finished fetching all records. Total: 355
Using cached tenant_access_token
[INFO] Fetched 28 records, total so far: 28
[SUCCESS] Finished fetching all records. Total: 28
time="2026-01-11T19:00:01Z" level=warning msg="/opt/task_feishu/prod_192.168.101.13/docker/docker-compose.yml: the attribute `version` is obsolete, it will be ignored, please remove it to avoid potential confusion"
[SUCCESS] Successfully obtained tenant_access_token, expires at Mon Jan 12 04:14:22 2026
[INFO] Fetched 100 records, total so far: 100
[INFO] Fetched 100 records, total so far: 200
[INFO] Fetched 100 records, total so far: 300
[INFO] Fetched 55 records, total so far: 355
[SUCCESS] Finished fetching all records. Total: 355
Using cached tenant_access_token
[INFO] Fetched 28 records, total so far: 28
[SUCCESS] Finished fetching all records. Total: 28
time="2026-01-11T20:00:01Z" level=warning msg="/opt/task_feishu/prod_192.168.101.13/docker/docker-compose.yml: the attribute `version` is obsolete, it will be ignored, please remove it to avoid potential confusion"
[SUCCESS] Successfully obtained tenant_access_token, expires at Mon Jan 12 05:44:47 2026
[INFO] Fetched 100 records, total so far: 100
[INFO] Fetched 100 records, total so far: 200
[INFO] Fetched 100 records, total so far: 300
[INFO] Fetched 55 records, total so far: 355
[SUCCESS] Finished fetching all records. Total: 355
Using cached tenant_access_token
[INFO] Fetched 28 records, total so far: 28
[SUCCESS] Finished fetching all records. Total: 28
time="2026-01-11T21:00:02Z" level=warning msg="/opt/task_feishu/prod_192.168.101.13/docker/docker-compose.yml: the attribute `version` is obsolete, it will be ignored, please remove it to avoid potential confusion"
[SUCCESS] Successfully obtained tenant_access_token, expires at Mon Jan 12 05:44:47 2026
[INFO] Fetched 100 records, total so far: 100
[INFO] Fetched 100 records, total so far: 200
[INFO] Fetched 100 records, total so far: 300
[INFO] Fetched 55 records, total so far: 355
[SUCCESS] Finished fetching all records. Total: 355
Using cached tenant_access_token
[INFO] Fetched 28 records, total so far: 28
[SUCCESS] Finished fetching all records. Total: 28
time="2026-01-11T22:00:02Z" level=warning msg="/opt/task_feishu/prod_192.168.101.13/docker/docker-compose.yml: the attribute `version` is obsolete, it will be ignored, please remove it to avoid potential confusion"
[SUCCESS] Successfully obtained tenant_access_token, expires at Mon Jan 12 07:15:10 2026
[INFO] Fetched 100 records, total so far: 100
[INFO] Fetched 100 records, total so far: 200
[INFO] Fetched 100 records, total so far: 300
[INFO] Fetched 55 records, total so far: 355
[SUCCESS] Finished fetching all records. Total: 355
Using cached tenant_access_token
[INFO] Fetched 28 records, total so far: 28
[SUCCESS] Finished fetching all records. Total: 28
time="2026-01-11T23:00:01Z" level=warning msg="/opt/task_feishu/prod_192.168.101.13/docker/docker-compose.yml: the attribute `version` is obsolete, it will be ignored, please remove it to avoid potential confusion"
[SUCCESS] Successfully obtained tenant_access_token, expires at Mon Jan 12 08:45:32 2026
[INFO] Fetched 100 records, total so far: 100
[INFO] Fetched 100 records, total so far: 200
[INFO] Fetched 100 records, total so far: 300
[INFO] Fetched 55 records, total so far: 355
[SUCCESS] Finished fetching all records. Total: 355
Using cached tenant_access_token
[INFO] Fetched 28 records, total so far: 28
[SUCCESS] Finished fetching all records. Total: 28
time="2026-01-12T00:00:01Z" level=warning msg="/opt/task_feishu/prod_192.168.101.13/docker/docker-compose.yml: the attribute `version` is obsolete, it will be ignored, please remove it to avoid potential confusion"
[SUCCESS] Successfully obtained tenant_access_token, expires at Mon Jan 12 08:45:32 2026
[INFO] Fetched 100 records, total so far: 100
[INFO] Fetched 100 records, total so far: 200
[INFO] Fetched 100 records, total so far: 300
[INFO] Fetched 55 records, total so far: 355
[SUCCESS] Finished fetching all records. Total: 355
Using cached tenant_access_token
[INFO] Fetched 28 records, total so far: 28
[SUCCESS] Finished fetching all records. Total: 28
time="2026-01-12T01:00:01Z" level=warning msg="/opt/task_feishu/prod_192.168.101.13/docker/docker-compose.yml: the attribute `version` is obsolete, it will be ignored, please remove it to avoid potential confusion"
[SUCCESS] Successfully obtained tenant_access_token, expires at Mon Jan 12 10:15:55 2026
[INFO] Fetched 100 records, total so far: 100
[INFO] Fetched 100 records, total so far: 200
[INFO] Fetched 100 records, total so far: 300
[INFO] Fetched 55 records, total so far: 355
[SUCCESS] Finished fetching all records. Total: 355
Using cached tenant_access_token
[INFO] Fetched 28 records, total so far: 28
[SUCCESS] Finished fetching all records. Total: 28
time="2026-01-12T02:00:01Z" level=warning msg="/opt/task_feishu/prod_192.168.101.13/docker/docker-compose.yml: the attribute `version` is obsolete, it will be ignored, please remove it to avoid potential confusion"
[SUCCESS] Successfully obtained tenant_access_token, expires at Mon Jan 12 11:46:20 2026
[INFO] Fetched 100 records, total so far: 100
[INFO] Fetched 100 records, total so far: 200
[INFO] Fetched 100 records, total so far: 300
[INFO] Fetched 55 records, total so far: 355
[SUCCESS] Finished fetching all records. Total: 355
Using cached tenant_access_token
[INFO] Fetched 28 records, total so far: 28
[SUCCESS] Finished fetching all records. Total: 28
time="2026-01-12T03:00:02Z" level=warning msg="/opt/task_feishu/prod_192.168.101.13/docker/docker-compose.yml: the attribute `version` is obsolete, it will be ignored, please remove it to avoid potential confusion"
[SUCCESS] Successfully obtained tenant_access_token, expires at Mon Jan 12 11:46:20 2026
[INFO] Fetched 100 records, total so far: 100
[INFO] Fetched 100 records, total so far: 200
[INFO] Fetched 100 records, total so far: 300
[INFO] Fetched 55 records, total so far: 355
[SUCCESS] Finished fetching all records. Total: 355
Using cached tenant_access_token
[INFO] Fetched 28 records, total so far: 28
[SUCCESS] Finished fetching all records. Total: 28
time="2026-01-12T04:00:02Z" level=warning msg="/opt/task_feishu/prod_192.168.101.13/docker/docker-compose.yml: the attribute `version` is obsolete, it will be ignored, please remove it to avoid potential confusion"
[SUCCESS] Successfully obtained tenant_access_token, expires at Mon Jan 12 13:16:50 2026
[INFO] Fetched 100 records, total so far: 100
[INFO] Fetched 100 records, total so far: 200
[INFO] Fetched 100 records, total so far: 300
[INFO] Fetched 55 records, total so far: 355
[SUCCESS] Finished fetching all records. Total: 355
Using cached tenant_access_token
[INFO] Fetched 28 records, total so far: 28
[SUCCESS] Finished fetching all records. Total: 28
time="2026-01-12T05:00:01Z" level=warning msg="/opt/task_feishu/prod_192.168.101.13/docker/docker-compose.yml: the attribute `version` is obsolete, it will be ignored, please remove it to avoid potential confusion"
[SUCCESS] Successfully obtained tenant_access_token, expires at Mon Jan 12 14:47:18 2026
[INFO] Fetched 100 records, total so far: 100
[INFO] Fetched 100 records, total so far: 200
[INFO] Fetched 100 records, total so far: 300
[INFO] Fetched 55 records, total so far: 355
[SUCCESS] Finished fetching all records. Total: 355
Using cached tenant_access_token
[INFO] Fetched 28 records, total so far: 28
[SUCCESS] Finished fetching all records. Total: 28
time="2026-01-12T06:00:01Z" level=warning msg="/opt/task_feishu/prod_192.168.101.13/docker/docker-compose.yml: the attribute `version` is obsolete, it will be ignored, please remove it to avoid potential confusion"
[SUCCESS] Successfully obtained tenant_access_token, expires at Mon Jan 12 14:47:18 2026
[INFO] Fetched 100 records, total so far: 100
[INFO] Fetched 100 records, total so far: 200
[INFO] Fetched 100 records, total so far: 300
[INFO] Fetched 55 records, total so far: 355
[SUCCESS] Finished fetching all records. Total: 355
Using cached tenant_access_token
[INFO] Fetched 28 records, total so far: 28
[SUCCESS] Finished fetching all records. Total: 28
time="2026-01-12T07:00:01Z" level=warning msg="/opt/task_feishu/prod_192.168.101.13/docker/docker-compose.yml: the attribute `version` is obsolete, it will be ignored, please remove it to avoid potential confusion"
[SUCCESS] Successfully obtained tenant_access_token, expires at Mon Jan 12 16:17:44 2026
[INFO] Fetched 100 records, total so far: 100
[INFO] Fetched 100 records, total so far: 200
[INFO] Fetched 100 records, total so far: 300
[INFO] Fetched 55 records, total so far: 355
[SUCCESS] Finished fetching all records. Total: 355
Using cached tenant_access_token
[INFO] Fetched 28 records, total so far: 28
[SUCCESS] Finished fetching all records. Total: 28
time="2026-01-12T08:00:01Z" level=warning msg="/opt/task_feishu/prod_192.168.101.13/docker/docker-compose.yml: the attribute `version` is obsolete, it will be ignored, please remove it to avoid potential confusion"
[SUCCESS] Successfully obtained tenant_access_token, expires at Mon Jan 12 17:48:16 2026
[INFO] Fetched 100 records, total so far: 100
[INFO] Fetched 100 records, total so far: 200
[INFO] Fetched 100 records, total so far: 300
[INFO] Fetched 55 records, total so far: 355
[SUCCESS] Finished fetching all records. Total: 355
Using cached tenant_access_token
[INFO] Fetched 28 records, total so far: 28
[SUCCESS] Finished fetching all records. Total: 28
time="2026-01-12T09:00:02Z" level=warning msg="/opt/task_feishu/prod_192.168.101.13/docker/docker-compose.yml: the attribute `version` is obsolete, it will be ignored, please remove it to avoid potential confusion"
[SUCCESS] Successfully obtained tenant_access_token, expires at Mon Jan 12 17:48:16 2026
[INFO] Fetched 100 records, total so far: 100
[INFO] Fetched 100 records, total so far: 200
[INFO] Fetched 100 records, total so far: 300
[INFO] Fetched 55 records, total so far: 355
[SUCCESS] Finished fetching all records. Total: 355
Using cached tenant_access_token
[INFO] Fetched 28 records, total so far: 28
[SUCCESS] Finished fetching all records. Total: 28
time="2026-01-12T10:00:01Z" level=warning msg="/opt/task_feishu/prod_192.168.101.13/docker/docker-compose.yml: the attribute `version` is obsolete, it will be ignored, please remove it to avoid potential confusion"
[SUCCESS] Successfully obtained tenant_access_token, expires at Mon Jan 12 19:18:23 2026
[INFO] Fetched 100 records, total so far: 100
[INFO] Fetched 100 records, total so far: 200
[INFO] Fetched 100 records, total so far: 300
[INFO] Fetched 55 records, total so far: 355
[SUCCESS] Finished fetching all records. Total: 355
Using cached tenant_access_token
[INFO] Fetched 28 records, total so far: 28
[SUCCESS] Finished fetching all records. Total: 28
